Workbook

Sheet Instrucciónes de Uso 
D1: INSTRUCCIONES PARA DILIGENCIAMIENTO DE LA PLANTILLA DE MICROCURRÍCULOS
A7: Notas de Aclaración:
A8: La plantilla esta compuesta de (6) partes de las cuales solo se puede diligenciar (5), en los espacios en blanco. Se debe tener en cuenta que, la última hoja denominada Principal, es la hoja que debe ser impresa y entregada a registro. Adicionalmente se debe aclarar que la hoja se encuentra protegida a excepción de la fecha de actualización, y el acta de comité donde se aprobó el microcurrículo.
A11: 1. INICIAL:
A12: Esta hoja corresponde a la información relacionada con el programa, código de asignatura, horas trabajo independiente, número de créditos, horas acompañamiento directo, conocimientos previos, descripción de la asignatura y determinar si es o no habilitable.
A15: 2. RAP - RAC
A16: Esta hoja corresponde a la información relacionada con los resultados de aprendizaje de programa (RAP) y los resultados de aprendizaje de curso (RAC). 1. Los resultados que se describan en este Microcurrilculo, debe ser nombrados todos los del programa 2. De acuerdo a los lineamientos institucionales por cada asignatura se debe generar un (1) ó máximo (2) resultados de aprendizaje de curso, el docente que genere o requeriera campos adicionales debe generar una solicitud a la coord.gestioncurricular@fup.edu.co para la edición de la plantilla. 3. Por cada Resultado de Aprendizaje de curso se debe marcar a cual RAP esta tributando.
A23: 3. ESTRATEG. APRENDIZAJE
A24: Esta hoja describe las diferentes estrategias que se utilizan para el aprendizaje, el docente debe marcar con una X al lado izquierdo, para mencionar la que va utilizar en el desarrollo de la asignatura. Si el docente no encuentra alguna estrategía con la cual se sienta identificado, en la parte inferior hay disponibles (3) renglones para mencionar la que utiliza.
A28: 4. CONTENIDO
A29: Esta hoja cuenta con un espacio para diligenciar el título de la tematica en cada unidad, y cuenta con 15 renglones para decribir los temas.
A31: 5. BIBLIOGRAFIA-CIBERGRAFIA
A32: Esta hoja cuenta con un espacio para diligenciar la bibliografia, y la cibergrafía, es importante recordar utilizar el material tambien generado por investigación intern, de los profes y estudiantes investigadores.
... A35: Esta hoja no es editable en su contenido, solo se puede actualizar la fecha de aprobación del comité curricular. NOTA: En esta hoja se encuentran descritas las rúbricas las cuales son lineamientos institucionales, si el docente genera rúbricas diferentes, al momento de entregar el archivo de notas, debe convertitrlas en las establoecidas de manera institucional.

Sheet 1. INICIAL
A1: SECCIÓN 1 INICIAL
A7: Programa Académico
A8: Nombre de la Asignatura
A9: Código de Asignatura | E9: Semestre:
A10: Número de Créditos: | B10: 2 | C10: Horas Acompañamiento Directo: | E10: 2 | F10: Horas Trabajo Independiente | H10: 4
A11: Asignatura Habilitable: | C11: Habilitable
A12: Conocimientos Previos
A13: 1
A14: 2
A15: 3
A16: 4
A17: 5
A18: 6
A19: 7
A20: 8
A21: 9
A22: 10
A24: Descripción de la Asignatura (Máximo 3,000 caracteres)

Sheet 2. RAP-RAC
A1: SECCIÓN 2 RAP-RAC
A7: RESULTADOS DE APRENDIZAJE DE PROGRAMA (RAP) (Que el micro currículo tributa)
A8: RAP 1
A9: RAP 2
A10: RAP 3
A11: RAP 4
A12: RAP 5
A13: RAP 6
A14: RAP 7
A15: RAP 8
A16: RAP 9
A17: RAP 10
... A19: RAC 1
A20: Tributa a RAP | B20: RAP 1 | D20: Revisar los verbos, de acuerdo al dominio del tema, de acuerdo la taxonomía de Bloom Recuerdar la estructura de creación del Resultado de Aprendizaje: Verbo en Infinitivo + Objeto y/o sujeto + Condición/ Contexto El resultado de Aprendizaje de Curso se escribe en la parte azul
B21: RAP 2
B22: RAP 3
B23: RAP 4
B24: RAP 5
B25: RAP 6
B26: RAP 7
B27: RAP 8
B28: RAP 9
B29: RAP 10
A30: RAC 2
A31: Tributa a RAP | B31: RAP 1 | D31: Si Aplica, poner un segundo RAC, poner en la recuadro azul claro Revisar los verbos, de acuerdo al dominio del tema, de acuerdo la taxonomía de Bloom Recuerdar la estructura de creación del Resultado de Aprendizaje: Verbo en Infinitivo + Objeto y/o sujeto + Condición/ Contexto
B32: RAP 2
B33: RAP 3 | J33: La elaboración de RAC, se realiza basado en la taxonomia de Bloom: Semestres de (9) y (10)
B34: RAP 4
B35: RAP 5
B36: RAP 6
B37: RAP 7
B38: RAP 8
B39: RAP 9
B40: RAP 10

Sheet BASE
B2: Nombre de los Programas | D2: Semestre | F2: Tipo del curso | H2: Asignatura Habilitable | J2: Marque X
B3: Administracion De Empresas | D3: I | F3: Teórico | H3: Habilitable | J3: X
B4: Administracion De Empresas - Mod. Virtual | D4: II | F4: Práctico | H4: No Habilitable
B5: Administracion De Empresas Agropecuarias | D5: III | F5: Teórico Práctico
B6: Administracion Empresas Agropecuarias - Mod.Virtual | D6: IV
B7: Arquitectura | D7: V
B8: Comunicacion Social | D8: VI
B9: Comunicacion Social - Mod. Virtual | D9: VII
B10: Contaduria Publica | D10: VIII
B11: Derecho | D11: IX
B12: Ecologia | D12: X
B13: Economia | D13: Posgrado
B14: Especializacion En Derecho Constitucional
B15: Especializacion En Derecho Procesal
B16: Especializacion En Riesgo de desastres integrada a la planificación Territorial
B17: Especializacion En Psicologia Educativa
B18: Especializacion En Psicologia Social Comunitaria
B19: Especializacion Gerencia Del Talento Humano
B20: Ingenieria De Sistemas
B21: Ingenieria Industrial
B22: Licenciatura En Educacion Basica Con Enfasis En Educacion Artistica
B23: Licenciatura En Educación Artística Y Cultural
B24: Psicologia
B25: Trabajo Social
B26: Ingeniería Agroecologica

Sheet 3. ESTRATEG. APRENDIZAJE
A1: SECCIÓN 3 ESTRATEGIA DE APRENDIZAJE
K2: N° | L2: Estrategias centrada en el alumno
K3: 1 | L3: El método de Problemas
K4: 2 | L4: El método del juego de roles
K5: 3 | L5: El método de situaciones (o de casos)
K6: 4 | L6: El método de indagación
A7: # Estrategia | B7: Seleccione | C7: Escoja la estrategia utilizar, marque con X al lado izquierdo | K7: 5 | L7: La tutoría
A8: 1 | B8: Lección Magistral | K8: 6 | L8: La enseñanza por descubrimiento
A9: 1_1 | C9: Exposición del Académico | K9: 7 | L9: El método de proyectos
A10: 1_2 | C10: Lectura dirigida
A11: 1_3 | C11: Revisión Bibliográfica
A12: 1_4 | C12: Seminario | K12: Estrategias centrada en el docente
A13: 1_5 | C13: Conferencia | K13: 1 | L13: La enseñanza tradicional
A14: 2 | B14: Estudios de Caso | K14: 2 | L14: La enseñanza expositiva
A15: 2_1 | C15: Problemas Reales | K15: 3 | L15: El método de situaciones (o de casos)
A16: 2_2 | C16: Análisis completo del Problema
A17: 2_3 | C17: Desarrollo de Guías
A18: 2_4 | C18: Visitas de Campo o empresarial | K18: 4 | L18: El método de indagación
A19: 2_5 | C19: Prácticas de Laboratorio | K19: 5 | L19: La tutoría
A20: 3 | B20: Aprendizaje Orientado a Proyecto | K20: 6 | L20: La enseñanza por descubrimiento
A21: 3_1 | C21: Realización de un Proyecto
A22: 3_2 | C22: Resolver problemas o Actividades.
A23: 3_3 | C23: Asumir Responsabilidades
A24: 3_4 | C24: Guías y procedimientos | K24: 7 | L24: El método de proyectos
A25: 3_5 | C25: Participación en Proyectos de Investigación
A26: 4 | B26: Aprendizaje Colaborativo
A27: 4_1 | C27: Integración de grupos
A28: 4_2 | C28: Panel de discusión
A29: 4_3 | C29: Foro del Diálogo | K29: Estrategias centrada en el proceso y/o mediaciones didácticas
A30: 5 | B30: Aprendizaje Basado en Problemas | K30: 1 | L30: La simulación.
A31: 5_1 | C31: Situaciones Problemáticas de contexto real | K31: 2 | L31: El seminario investigativo.
A32: 5_2 | C32: Simulaciones | K32: 3 | L32: El método de los cuatro pasos.
A33: 5_3 | C33: El profesor como facilitador | K33: 4 | L33: El modelo didáctico operativo.
A34: 5_4 | C34: Talleres teóricos - prácticos (Talleres teniendo en cuenta el ABP)
A35: 6 | B35: Otros (Describir cuales) y marcarlas al lado izquierdo con una X | K35: 5 | L35: La enseñanza mediante el conflicto cognitivo.
A36: 6_1 | C36: La clase Invertida - The Flipped Classroom. | K36: 6 | L36: La enseñanza mediante la investigación dirigida.
A37: 6_2 | C37: Mediación por Tics | K37: 7 | L37: El taller educativo
A38: 6_3 | C38: Recurso Multimedia | K38: Estrategias centradas en el objeto de conocimiento.
A39: 6_4 | K39: 1 | L39: La enseñanza basada en analogías o aprendizajes por transferencia análogica.
A40: 6_5 | K40: 2 | L40: La enseñanza por expliación y contrastación de modelos.
A41: 6_6 | K41: 3 | L41: Las prácticas o pasantías.
K42: 4 | L42: La enseñanza por comprensión.
K44: 2 | L44: La enseñanza por expliación y contrastación de modelos.

Sheet 4. Contenido
A1: SECCIÓN 4 CONTENIDO Esta sección se diligencia los contenidos orientados. Por favor no eliminar filas ni casillas
A7: CONTENIDO
A8: Nombre del Tema 1: | C8: objetivo especifico por Unidad 1 | D8: dia | E8: mes | F8: año | G8: Estrategía Pedagógica (Presencial) Revisar las del punto 3 | H8: Estrategía Pedagógica (Independiente) Revisar las del punto 3 | I8: Hr trabajo Presencial | J8: Hr Trabajo Independiente
K16: =13*40% -> 5.2
A24: Nombre del Tema 2: | C24: objetivo especifico por Unidad 2 | D24: dia | E24: mes | F24: año | G24: =+G8 -> Estrategía Pedagógica (Presencial) Revisar las del punto 3 | H24: =+H8 -> Estrategía Pedagógica (Independiente) Revisar las del punto 3 | I24: Hr trabajo Presencial | J24: Hr Trabajo Independiente
A40: Nombre del Tema 3: | C40: objetivo especifico por Unidad 3 | D40: dia | E40: mes | F40: año | G40: =+G24 -> Estrategía Pedagógica (Presencial) Revisar las del punto 3 | H40: =+H24 -> Estrategía Pedagógica (Independiente) Revisar las del punto 3 | I40: Hr trabajo Presencial | J40: Hr Trabajo Independiente
A56: Nombre del Tema 4: | C56: objetivo especifico por Unidad 4 | D56: dia | E56: mes | F56: año | G56: Estrategís Pedagógica (Presencial) Revisar las del punto 3 | H56: Estrategís Pedagógica (Independiente) Revisar las del punto 3 | I56: Hr trabajo Presencial | J56: Hr Trabajo Independiente
A72: Nombre del Tema 5: | C72: objetivo especifico por Unidad 5 | D72: dia | E72: mes | F72: año | G72: Estrategís Pedagógica (Presencial) | H72: Estrategís Pedagógica (Independiente) | I72: Hr trabajo Presencial | J72: Hr Trabajo Independiente
A88: Nombre del Tema 6: | C88: objetivo especifico por Unidad 6 | D88: dia | E88: mes | F88: año | G88: Estrategís Pedagógica (Presencial) | H88: Estrategís Pedagógica (Independiente) | I88: Hr trabajo Presencial | J88: Hr Trabajo Independiente

Sheet 5. BIBLIOGRAFIA-CIBERGRAFIA
A1: SECCIÓN 5 BIBLIOGRAFIA-CIBERGRAFIA
A7: BIBLIOGRAFIA | I7: N/A
A8: AUTOR (ES) | B8: TITULO | C8: Editorial | D8: Edición y/ o Año | I8: =+B9 -> 0
I9: =+B10 -> 0
I10: =+B11 -> 0
I11: =+B12 -> 0
I12: =+B13 -> 0
I13: =+B14 -> 0
I14: =+B15 -> 0
I15: =+B16 -> 0
I16: =+B17 -> 0
I17: =+B18 -> 0
I18: =+B19 -> 0
I19: =+B20 -> 0
I20: =+B21 -> 0
... I43: =+B44 -> 0
I44: =+B47 -> 0
A45: CIBERGRAFÍA | I45: =+B48 -> 0
A46: AUTOR (ES) | B46: TITULO | C46: Recuperado Día/Mes/Año | D46: Disponible en <URL> | I46: =+B49 -> 0
I47: =+B50 -> 0
I48: =+B51 -> 0
I49: =+B52 -> 0
I50: =+B53 -> 0
I51: =+B54 -> 0
I52: =+B55 -> 0
I53: =+B56 -> 0
I54: =+B57 -> 0
I55: =+B58 -> 0
I56: =+B59 -> 0
I57: =+B60 -> 0
I58: =+B61 -> 0
... I105: =+B108 -> 0

Sheet 6. Rúbricas
A1: SECCIÓN 6 RÚBRICAS
A7: Rubrica de Evaluación
A9: El saber | C9: Conocimientos, dominio del tema
A10: El saber hacer | C10: Recursos Utilizados, Desarrollo
A11: El ser | C11: Comunicación, Respeto
A12: Escala de valoración | C12: Criterio de Valoración | E12: Descripción del Desempeño
A13: Desde | B13: Hasta | D13: Recursos Utilizados | E13: Desarrollo | F13: Dominio/ Conocimiento | G13: Comunicación | H13: Respeto
A14: 4 | B14: 5 | C14: Excelente | D14: Hace empleo adecuado de los recursos didácticos, sacándole el mayor provecho, lo que resulta favorable para el desarrollo de su proceso académico. | E14: Aprovecha y se ajusta al tiempo asignado, para la entrega de sus actividades académicas. | F14: Tiene excelente dominio del tema, comunica claramente las ideas y frente a las preguntas emite respuestas precisas | G14: Sabe aclarar todas las dudas sobre el tema con ideas claras y precisas incluso va más allá del límite de la respuesta | H14: Muestra respeto por el tema tratado y por sus compañeros que requieren alguna aclaración
A15: 2.96 | B15: 3.99 | C15: Bueno | D15: Presenta y utiliza recursos didácticos, aunque no le saca el mayor provecho para el desarrollo de su proceso académico. | E15: Se ajusta al tiempo asignado, en algunas ocasiones,para la entrega de sus actividades académicas. | F15: Maneja el Dominio del tema, aunque algunas ideas no quedan muy claras y hay error en la respuesta de una pregunta | G15: Sabe aclarar las dudas de los compañeros sin ir más allá | H15: Muestra respeto por el tema tratado pero la forma de responder a sus compañeros no es del todo correcta
A16: 2 | B16: 2.95 | C16: Deficiente | D16: utiliza pocos recursos y solo son utilizados en algunos momentos de su proceso académico. | E16: Dedica mucho tiempo algunos aspectos, lo que hace que demore en la entrega de sus actividades. | F16: Poco dominio sus respuestas demuestran imprecisión que obligan a solicitar mayor aclaración | G16: En algunos en algunas preguntas emite respuestas adecuadas y en otras solo son superficiales | H16: Muestra poco respeto por el tema tratado y sus respuestas a sus compañeros denota sarcasmo y despectividad
A17: 0 | B17: 1.99 | C17: Insuficiente | D17: Presenta recursos pero no son utilizados | E17: El tiempo asignado no lo utiliza adecuadamente en la entrega de las actividades académicas. | F17: No hay dominio del tema lo que no le permite responder correctamente las preguntas | G17: No sabe aclarar ninguna duda presentada por los compañeros y del docente | H17: No demuestra respeto por el tema ni por sus compañeros dando respuestas inapropiadas

Sheet Documento Imprimir
C1: GESTIÓN CURRICULAR | G1: Código: FO-CU-005
G3: Versión: 01
C4: CONTENIDO MICRO-CURRICULAR
G5: Fecha : junio 2023
A7: Programa Académico | C7: =+'1. INICIAL'!C7:G7 -> 0
A8: Nombre de la Asignatura | C8: =+'1. INICIAL'!C8 -> 0
A9: Código de Asignatura | C9: =+'1. INICIAL'!C9:D9 -> 0 | E9: Semestre: | F9: =+'1. INICIAL'!F9:G9 -> 0
A10: Número de Créditos: | B10: =+'1. INICIAL'!B10 -> 2 | C10: Horas Acompañamiento Directo: | E10: =+'1. INICIAL'!E10 -> 2 | F10: Horas Trabajo Independiente | H10: =+'1. INICIAL'!H10 -> 4
A11: Asignatura Habilitable: | C11: Habilitable
A13: Conocimientos Previos
A14: 1 | B14: =+'1. INICIAL'!B13:H13 -> 0
A15: 2 | B15: =+'1. INICIAL'!B14:H14 -> 0
A16: 3 | B16: =+'1. INICIAL'!B15:H15 -> 0
A17: 4 | B17: =+'1. INICIAL'!B16:H16 -> 0
A18: 5 | B18: =+'1. INICIAL'!B17:H17 -> 0
A19: 6 | B19: =+'1. INICIAL'!B18:H18 -> 0
A20: 7 | B20: =+'1. INICIAL'!B19:H19 -> 0
A21: 8 | B21: =+'1. INICIAL'!B20:H20 -> 0
A22: 9 | B22: =+'1. INICIAL'!B21:H21 -> 0
A23: 10 | B23: =+'1. INICIAL'!B22:H22 -> 0
A25: Descripción de la Asignatura
A26: =+'1. INICIAL'!A25 -> 0
A52: RESULTADOS DE APRENDIZAJE DE PROGRAMA (RAP) (Que el micro currículo tributa)
A53: RAP 1 | B53: =+'2. RAP-RAC'!B8:H8 -> 0
A54: RAP 2 | B54: =+'2. RAP-RAC'!B9:H9 -> 0
A55: RAP 3 | B55: =+'2. RAP-RAC'!B10:H10 -> 0
A56: RAP 4 | B56: =+'2. RAP-RAC'!B11:H11 -> 0
A57: RAP 5 | B57: =+'2. RAP-RAC'!B12:H12 -> 0
A58: RAP 6 | B58: =+'2. RAP-RAC'!B13:H13 -> 0
A59: RAP 7 | B59: =+'2. RAP-RAC'!B14:H14 -> 0
A60: RAP 8 | B60: =+'2. RAP-RAC'!B15:H15 -> 0
A61: RAP 9 | B61: =+'2. RAP-RAC'!B16:H16 -> 0
A62: RAP 10 | B62: =+'2. RAP-RAC'!B17:H17 -> 0
A63: RESULTADOS DE APRENDIZAJE DEL CURSO (RAC) Nota: En caso de formular un RAC adicional inserte un cuadro adicional
A64: =+'2. RAP-RAC'!B19 -> 0 | G64: RAP 1 | H64: =+'2. RAP-RAC'!C20 -> 0
G65: RAP 2 | H65: =+'2. RAP-RAC'!C21 -> 0
G66: RAP 3 | H66: =+'2. RAP-RAC'!C22 -> 0
G67: RAP 4 | H67: =+'2. RAP-RAC'!C23 -> 0
G68: RAP 5 | H68: =+'2. RAP-RAC'!C24 -> 0
G69: RAP 6 | H69: =+'2. RAP-RAC'!C25 -> 0
G70: RAP 7 | H70: =+'2. RAP-RAC'!C26 -> 0
G71: RAP 8 | H71: =+'2. RAP-RAC'!C27 -> 0
G72: RAP 9 | H72: =+'2. RAP-RAC'!C28 -> 0
G73: RAP 10 | H73: =+'2. RAP-RAC'!C29 -> 0
A74: RESULTADOS DE APRENDIZAJE DEL CURSO (RAC) Nota: En caso de formular un RAC adicional inserte un cuadro adicional
A75: =+'2. RAP-RAC'!B30 -> 0 | G75: RAP 1 | H75: =+'2. RAP-RAC'!C31 -> 0
G76: RAP 2 | H76: =+'2. RAP-RAC'!C32 -> 0
G77: RAP 3 | H77: =+'2. RAP-RAC'!C33 -> 0
G78: RAP 4 | H78: =+'2. RAP-RAC'!C34 -> 0
G79: RAP 5 | H79: =+'2. RAP-RAC'!C35 -> 0
G80: RAP 6 | H80: =+'2. RAP-RAC'!C36 -> 0
G81: RAP 7 | H81: =+'2. RAP-RAC'!C37 -> 0
G82: RAP 8 | H82: =+'2. RAP-RAC'!C38 -> 0
G83: RAP 9 | H83: =+'2. RAP-RAC'!C39 -> 0
G84: RAP 10 | H84: =+'2. RAP-RAC'!C40 -> 0
A86: CONTENIDO:
A87: Nombre del Tema 1: | B87: =+'4. Contenido'!B8 -> 0
A89: =+'4. Contenido'!A9:B9 -> 0
A90: =+'4. Contenido'!A10:B10 -> 0
A91: =+'4. Contenido'!A11:B11 -> 0
A92: =+'4. Contenido'!A12:B12 -> 0
A93: =+'4. Contenido'!A13:B13 -> 0
A94: =+'4. Contenido'!A14:B14 -> 0
A95: =+'4. Contenido'!A15:B15 -> 0
A96: =+'4. Contenido'!A16:B16 -> 0
A97: =+'4. Contenido'!A17:B17 -> 0
A98: =+'4. Contenido'!A18:B18 -> 0
A99: =+'4. Contenido'!A19:B19 -> 0
A100: =+'4. Contenido'!A20:B20 -> 0
... A103: =+'4. Contenido'!A23:B23 -> 0
A104: Nombre del Tema 2: | B104: =+'4. Contenido'!B24 -> 0
A106: =+'4. Contenido'!A25:B25 -> 0
A107: =+'4. Contenido'!A26:B26 -> 0
A108: =+'4. Contenido'!A27:B27 -> 0
A109: =+'4. Contenido'!A28:B28 -> 0
A110: =+'4. Contenido'!A29:B29 -> 0
A111: =+'4. Contenido'!A30:B30 -> 0
A112: =+'4. Contenido'!A31:B31 -> 0
A113: =+'4. Contenido'!A32:B32 -> 0
A114: =+'4. Contenido'!A33:B33 -> 0
A115: =+'4. Contenido'!A34:B34 -> 0
A116: =+'4. Contenido'!A35:B35 -> 0
A117: =+'4. Contenido'!A36:B36 -> 0
... A120: =+'4. Contenido'!A39:B39 -> 0
A121: Nombre del Tema 3: | B121: =+'4. Contenido'!B40 -> 0
A123: =+'4. Contenido'!A41:B41 -> 0
A124: =+'4. Contenido'!A42:B42 -> 0
A125: =+'4. Contenido'!A43:B43 -> 0
A126: =+'4. Contenido'!A44:B44 -> 0
A127: =+'4. Contenido'!A45:B45 -> 0
A128: =+'4. Contenido'!A46:B46 -> 0
A129: =+'4. Contenido'!A47:B47 -> 0
A130: =+'4. Contenido'!A48:B48 -> 0
A131: =+'4. Contenido'!A49:B49 -> 0
A132: =+'4. Contenido'!A50:B50 -> 0
A133: =+'4. Contenido'!A51:B51 -> 0
A134: =+'4. Contenido'!A52:B52 -> 0
... A137: =+'4. Contenido'!A55:B55 -> 0
A138: Nombre del Tema 4: | B138: =+'4. Contenido'!B56 -> 0
A140: =+'4. Contenido'!A57:B57 -> 0
...

Sheet Planeador Docente Imprimir
F1: DOCENCIA | S1: Código: FO-CU-07
S3: Versión: 01
F4: PLANEADOR DOCENTE
S5: Fecha : junio 2023
A8: Programa Académico | H8: =+'1. INICIAL'!C7 -> 0
A9: Nombre de la Asignatura: | H9: =+'1. INICIAL'!C8 -> 0
A10: Código de Asignatura | H10: =+'1. INICIAL'!C9 -> 0 | N10: Semestre: | P10: =+'1. INICIAL'!F9 -> 0
A11: Número de Créditos: | F11: =+'1. INICIAL'!B10 -> 2 | I11: Horas Acompañamiento Directo: | O11: =+'1. INICIAL'!E10 -> 2 | Q11: Horas Trabajo Independiente | T11: =+'1. INICIAL'!H10 -> 4
A12: Asignatura Habilitable: | F12: =+'1. INICIAL'!C11 -> Habilitable
A14: Nombre del Docente: | F14: Escribir el nombre del Docente
A15: Descripción de la Actividad Curricular: | F15: =+'1. INICIAL'!A25 -> 0
A16: RESULTADOS DE APRENDIZAJE DE PROGRAMA (RAP)
A17: RAP 1 | F17: =+'2. RAP-RAC'!B8 -> 0
A18: RAP 2 | F18: =+'2. RAP-RAC'!B9 -> 0
A19: RAP 3 | F19: =+'2. RAP-RAC'!B10 -> 0
A20: RAP 4 | F20: =+'2. RAP-RAC'!B11 -> 0
A21: RAP 5 | F21: =+'2. RAP-RAC'!B12 -> 0
A22: RAP 6 | F22: =+'2. RAP-RAC'!B13 -> 0
A23: RAP 7 | F23: =+'2. RAP-RAC'!B14 -> 0
A24: RAP 8 | F24: =+'2. RAP-RAC'!B15 -> 0
A25: RAP 9 | F25: =+'2. RAP-RAC'!B16 -> 0
A26: RAP 10 | F26: =+'2. RAP-RAC'!B17 -> 0
A27: RESULTADOS DE APRENDIZAJE DEL CURSO (RAC) Nota: En caso de formular un RAC adicional inserte un cuadro adicional
A28: =+'2. RAP-RAC'!B19 -> 0 | S28: RAP 1 | T28: =+'2. RAP-RAC'!C20 -> 0
S29: RAP 2 | T29: =+'2. RAP-RAC'!C21 -> 0
S30: RAP 3 | T30: =+'2. RAP-RAC'!C22 -> 0
S31: RAP 4 | T31: =+'2. RAP-RAC'!C23 -> 0
S32: RAP 5 | T32: =+'2. RAP-RAC'!C24 -> 0
S33: RAP 6 | T33: =+'2. RAP-RAC'!C25 -> 0
S34: RAP 7 | T34: =+'2. RAP-RAC'!C26 -> 0
S35: RAP 8 | T35: =+'2. RAP-RAC'!C27 -> 0
S36: RAP 9 | T36: =+'2. RAP-RAC'!C28 -> 0
S37: RAP 10 | T37: =+'2. RAP-RAC'!C29 -> 0
A38: RESULTADOS DE APRENDIZAJE DEL CURSO (RAC) Nota: En caso de formular un RAC adicional inserte un cuadro adicional
A39: =+'2. RAP-RAC'!B30 -> 0 | S39: RAP 1 | T39: =+'2. RAP-RAC'!C31 -> 0
S40: RAP 2 | T40: =+'2. RAP-RAC'!C32 -> 0
S41: RAP 3 | T41: =+'2. RAP-RAC'!C33 -> 0
S42: RAP 4 | T42: =+'2. RAP-RAC'!C34 -> 0
S43: RAP 5 | T43: =+'2. RAP-RAC'!C35 -> 0
S44: RAP 6 | T44: =+'2. RAP-RAC'!C36 -> 0
S45: RAP 7 | T45: =+'2. RAP-RAC'!C37 -> 0
S46: RAP 8 | T46: =+'2. RAP-RAC'!C39 -> 0
S47: RAP 9
S48: RAP 10
A49: N° | B49: Unidad Temática | F49: Temas de la unidad temática | L49: Fecha | O49: OBJETIVO ESPECÍFICO POR UNIDAD | R49: Estrategia Pedagógica Actividad | T49: Hr. P | U49: Hr. I | V49: Horas Totales
L50: Día | M50: Mes | N50: Año | R50: Presencial | S50: independiente
A51: 1 | B51: =+'4. Contenido'!B8 -> 0 | F51: =+'4. Contenido'!A9 -> 0 | L51: =+'4. Contenido'!D9 -> 0 | M51: =+'4. Contenido'!E9 -> 0 | N51: =+'4. Contenido'!F9 -> 0 | O51: =+'4. Contenido'!C9 -> 0 | R51: =+'4. Contenido'!G9 -> 0 | S51: =+'4. Contenido'!H9 -> 0 | T51: =+'4. Contenido'!I9 -> 0 | U51: =+'4. Contenido'!J9 -> 0 | V51: =+T51+U51 -> 0
F52: =+'4. Contenido'!A10 -> 0 | L52: =+'4. Contenido'!D10 -> 0 | M52: =+'4. Contenido'!E10 -> 0 | N52: =+'4. Contenido'!F10 -> 0 | R52: =+'4. Contenido'!G10 -> 0 | S52: =+'4. Contenido'!H10 -> 0 | T52: =+'4. Contenido'!I10 -> 0 | U52: =+'4. Contenido'!J10 -> 0 | V52: =+T52+U52 -> 0
F53: =+'4. Contenido'!A11 -> 0 | L53: =+'4. Contenido'!D11 -> 0 | M53: =+'4. Contenido'!E11 -> 0 | N53: =+'4. Contenido'!F11 -> 0 | R53: =+'4. Contenido'!G11 -> 0 | S53: =+'4. Contenido'!H11 -> 0 | T53: =+'4. Contenido'!I11 -> 0 | U53: =+'4. Contenido'!J11 -> 0 | V53: =+T53+U53 -> 0
F54: =+'4. Contenido'!A12 -> 0 | L54: =+'4. Contenido'!D12 -> 0 | M54: =+'4. Contenido'!E12 -> 0 | N54: =+'4. Contenido'!F12 -> 0 | R54: =+'4. Contenido'!G12 -> 0 | S54: =+'4. Contenido'!H12 -> 0 | T54: =+'4. Contenido'!I12 -> 0 | U54: =+'4. Contenido'!J12 -> 0 | V54: =+T54+U54 -> 0
F55: =+'4. Contenido'!A13 -> 0 | L55: =+'4. Contenido'!D13 -> 0 | M55: =+'4. Contenido'!E13 -> 0 | N55: =+'4. Contenido'!F13 -> 0 | R55: =+'4. Contenido'!G13 -> 0 | S55: =+'4. Contenido'!H13 -> 0 | T55: =+'4. Contenido'!I13 -> 0 | U55: =+'4. Contenido'!J13 -> 0 | V55: =+T55+U55 -> 0
F56: =+'4. Contenido'!A14 -> 0 | L56: =+'4. Contenido'!D14 -> 0 | M56: =+'4. Contenido'!E14 -> 0 | N56: =+'4. Contenido'!F14 -> 0 | R56: =+'4. Contenido'!G14 -> 0 | S56: =+'4. Contenido'!H14 -> 0 | T56: =+'4. Contenido'!I14 -> 0 | U56: =+'4. Contenido'!J14 -> 0 | V56: =+T56+U56 -> 0
F57: =+'4. Contenido'!A15 -> 0 | L57: =+'4. Contenido'!D15 -> 0 | M57: =+'4. Contenido'!E15 -> 0 | N57: =+'4. Contenido'!F15 -> 0 | R57: =+'4. Contenido'!G15 -> 0 | S57: =+'4. Contenido'!H15 -> 0 | T57: =+'4. Contenido'!I15 -> 0 | U57: =+'4. Contenido'!J15 -> 0 | V57: =+T57+U57 -> 0
F58: =+'4. Contenido'!A16 -> 0 | L58: =+'4. Contenido'!D16 -> 0 | M58: =+'4. Contenido'!E16 -> 0 | N58: =+'4. Contenido'!F16 -> 0 | R58: =+'4. Contenido'!G16 -> 0 | S58: =+'4. Contenido'!H16 -> 0 | T58: =+'4. Contenido'!I16 -> 0 | U58: =+'4. Contenido'!J16 -> 0 | V58: =+T58+U58 -> 0
F59: =+'4. Contenido'!A17 -> 0 | L59: =+'4. Contenido'!D17 -> 0 | M59: =+'4. Contenido'!E17 -> 0 | N59: =+'4. Contenido'!F17 -> 0 | R59: =+'4. Contenido'!G17 -> 0 | S59: =+'4. Contenido'!H17 -> 0 | T59: =+'4. Contenido'!I17 -> 0 | U59: =+'4. Contenido'!J17 -> 0 | V59: =+T59+U59 -> 0
F60: =+'4. Contenido'!A18 -> 0 | L60: =+'4. Contenido'!D18 -> 0 | M60: =+'4. Contenido'!E18 -> 0 | N60: =+'4. Contenido'!F18 -> 0 | R60: =+'4. Contenido'!G18 -> 0 | S60: =+'4. Contenido'!H18 -> 0 | T60: =+'4. Contenido'!I18 -> 0 | U60: =+'4. Contenido'!J18 -> 0 | V60: =+T60+U60 -> 0
F61: =+'4. Contenido'!A19 -> 0 | L61: =+'4. Contenido'!D19 -> 0 | M61: =+'4. Contenido'!E19 -> 0 | N61: =+'4. Contenido'!F19 -> 0 | R61: =+'4. Contenido'!G19 -> 0 | S61: =+'4. Contenido'!H19 -> 0 | T61: =+'4. Contenido'!I19 -> 0 | U61: =+'4. Contenido'!J19 -> 0 | V61: =+T61+U61 -> 0
F62: =+'4. Contenido'!A20 -> 0 | L62: =+'4. Contenido'!D20 -> 0 | M62: =+'4. Contenido'!E20 -> 0 | N62: =+'4. Contenido'!F20 -> 0 | R62: =+'4. Contenido'!G20 -> 0 | S62: =+'4. Contenido'!H20 -> 0 | T62: =+'4. Contenido'!I20 -> 0 | U62: =+'4. Contenido'!J20 -> 0 | V62: =+T62+U62 -> 0
F63: =+'4. Contenido'!A21 -> 0 | L63: =+'4. Contenido'!D21 -> 0 | M63: =+'4. Contenido'!E21 -> 0 | N63: =+'4. Contenido'!F21 -> 0 | R63: =+'4. Contenido'!G21 -> 0 | S63: =+'4. Contenido'!H21 -> 0 | T63: =+'4. Contenido'!I21 -> 0 | U63: =+'4. Contenido'!J21 -> 0 | V63: =+T63+U63 -> 0
... F65: =+'4. Contenido'!A23 -> 0 | L65: =+'4. Contenido'!D23 -> 0 | M65: =+'4. Contenido'!E23 -> 0 | N65: =+'4. Contenido'!F23 -> 0 | R65: =+'4. Contenido'!G23 -> 0 | S65: =+'4. Contenido'!H23 -> 0 | T65: =+'4. Contenido'!I23 -> 0 | U65: =+'4. Contenido'!J23 -> 0 | V65: =+T65+U65 -> 0
A66: 2 | B66: =+'4. Contenido'!B24 -> 0 | F66: =+'4. Contenido'!A25 -> 0 | L66: =+'4. Contenido'!D25 -> 0 | M66: =+'4. Contenido'!E25 -> 0 | N66: =+'4. Contenido'!F25 -> 0 | O66: =+'4. Contenido'!C25 -> 0 | R66: =+'4. Contenido'!G25 -> 0 | S66: =+'4. Contenido'!H25 -> 0 | T66: =+'4. Contenido'!I25 -> 0 | U66: =+'4. Contenido'!J25 -> 0 | V66: =+T66+U66 -> 0
F67: =+'4. Contenido'!A26 -> 0 | L67: =+'4. Contenido'!D26 -> 0 | M67: =+'4. Contenido'!E26 -> 0 | N67: =+'4. Contenido'!F26 -> 0 | R67: =+'4. Contenido'!G26 -> 0 | S67: =+'4. Contenido'!H26 -> 0 | T67: =+'4. Contenido'!I26 -> 0 | U67: =+'4. Contenido'!J26 -> 0 | V67: =+T67+U67 -> 0
F68: =+'4. Contenido'!A27 -> 0 | L68: =+'4. Contenido'!D27 -> 0 | M68: =+'4. Contenido'!E27 -> 0 | N68: =+'4. Contenido'!F27 -> 0 | R68: =+'4. Contenido'!G27 -> 0 | S68: =+'4. Contenido'!H27 -> 0 | T68: =+'4. Contenido'!I27 -> 0 | U68: =+'4. Contenido'!J27 -> 0 | V68: =+T68+U68 -> 0
F69: =+'4. Contenido'!A28 -> 0 | L69: =+'4. Contenido'!D28 -> 0 | M69: =+'4. Contenido'!E28 -> 0 | N69: =+'4. Contenido'!F28 -> 0 | R69: =+'4. Contenido'!G28 -> 0 | S69: =+'4. Contenido'!H28 -> 0 | T69: =+'4. Contenido'!I28 -> 0 | U69: =+'4. Contenido'!J28 -> 0 | V69: =+T69+U69 -> 0
F70: =+'4. Contenido'!A29 -> 0 | L70: =+'4. Contenido'!D29 -> 0 | M70: =+'4. Contenido'!E29 -> 0 | N70: =+'4. Contenido'!F29 -> 0 | R70: =+'4. Contenido'!G29 -> 0 | S70: =+'4. Contenido'!H29 -> 0 | T70: =+'4. Contenido'!I29 -> 0 | U70: =+'4. Contenido'!J29 -> 0 | V70: =+T70+U70 -> 0
F71: =+'4. Contenido'!A30 -> 0 | L71: =+'4. Contenido'!D30 -> 0 | M71: =+'4. Contenido'!E30 -> 0 | N71: =+'4. Contenido'!F30 -> 0 | R71: =+'4. Contenido'!G30 -> 0 | S71: =+'4. Contenido'!H30 -> 0 | T71: =+'4. Contenido'!I30 -> 0 | U71: =+'4. Contenido'!J30 -> 0 | V71: =+T71+U71 -> 0
F72: =+'4. Contenido'!A31 -> 0 | L72: =+'4. Contenido'!D31 -> 0 | M72: =+'4. Contenido'!E31 -> 0 | N72: =+'4. Contenido'!F31 -> 0 | R72: =+'4. Contenido'!G31 -> 0 | S72: =+'4. Contenido'!H31 -> 0 | T72: =+'4. Contenido'!I31 -> 0 | U72: =+'4. Contenido'!J31 -> 0 | V72: =+T72+U72 -> 0
F73: =+'4. Contenido'!A32 -> 0 | L73: =+'4. Contenido'!D32 -> 0 | M73: =+'4. Contenido'!E32 -> 0 | N73: =+'4. Contenido'!F32 -> 0 | R73: =+'4. Contenido'!G32 -> 0 | S73: =+'4. Contenido'!H32 -> 0 | T73: =+'4. Contenido'!I32 -> 0 | U73: =+'4. Contenido'!J32 -> 0 | V73: =+T73+U73 -> 0
F74: =+'4. Contenido'!A33 -> 0 | L74: =+'4. Contenido'!D33 -> 0 | M74: =+'4. Contenido'!E33 -> 0 | N74: =+'4. Contenido'!F33 -> 0 | R74: =+'4. Contenido'!G33 -> 0 | S74: =+'4. Contenido'!H33 -> 0 | T74: =+'4. Contenido'!I33 -> 0 | U74: =+'4. Contenido'!J33 -> 0 | V74: =+T74+U74 -> 0
F75: =+'4. Contenido'!A34 -> 0 | L75: =+'4. Contenido'!D34 -> 0 | M75: =+'4. Contenido'!E34 -> 0 | N75: =+'4. Contenido'!F34 -> 0 | R75: =+'4. Contenido'!G34 -> 0 | S75: =+'4. Contenido'!H34 -> 0 | T75: =+'4. Contenido'!I34 -> 0 | U75: =+'4. Contenido'!J34 -> 0 | V75: =+T75+U75 -> 0
F76: =+'4. Contenido'!A35 -> 0 | L76: =+'4. Contenido'!D35 -> 0 | M76: =+'4. Contenido'!E35 -> 0 | N76: =+'4. Contenido'!F35 -> 0 | R76: =+'4. Contenido'!G35 -> 0 | S76: =+'4. Contenido'!H35 -> 0 | T76: =+'4. Contenido'!I35 -> 0 | U76: =+'4. Contenido'!J35 -> 0 | V76: =+T76+U76 -> 0
F77: =+'4. Contenido'!A36 -> 0 | L77: =+'4. Contenido'!D36 -> 0 | M77: =+'4. Contenido'!E36 -> 0 | N77: =+'4. Contenido'!F36 -> 0 | R77: =+'4. Contenido'!G36 -> 0 | S77: =+'4. Contenido'!H36 -> 0 | T77: =+'4. Contenido'!I36 -> 0 | U77: =+'4. Contenido'!J36 -> 0 | V77: =+T77+U77 -> 0
F78: =+'4. Contenido'!A37 -> 0 | L78: =+'4. Contenido'!D37 -> 0 | M78: =+'4. Contenido'!E37 -> 0 | N78: =+'4. Contenido'!F37 -> 0 | R78: =+'4. Contenido'!G37 -> 0 | S78: =+'4. Contenido'!H37 -> 0 | T78: =+'4. Contenido'!I37 -> 0 | U78: =+'4. Contenido'!J37 -> 0 | V78: =+T78+U78 -> 0
... F80: =+'4. Contenido'!A39 -> 0 | L80: =+'4. Contenido'!D39 -> 0 | M80: =+'4. Contenido'!E39 -> 0 | N80: =+'4. Contenido'!F39 -> 0 | R80: =+'4. Contenido'!G39 -> 0 | S80: =+'4. Contenido'!H39 -> 0 | T80: =+'4. Contenido'!I39 -> 0 | U80: =+'4. Contenido'!J39 -> 0 | V80: =+T80+U80 -> 0
A81: 3 | B81: =+'4. Contenido'!B40 -> 0 | F81: =+'4. Contenido'!A41 -> 0 | L81: =+'4. Contenido'!D41 -> 0 | M81: =+'4. Contenido'!E41 -> 0 | N81: =+'4. Contenido'!F41 -> 0 | O81: =+'4. Contenido'!C41 -> 0 | R81: =+'4. Contenido'!G41 -> 0 | S81: =+'4. Contenido'!H41 -> 0 | T81: =+'4. Contenido'!I41 -> 0 | U81: =+'4. Contenido'!J41 -> 0 | V81: =+T81+U81 -> 0
F82: =+'4. Contenido'!A42 -> 0 | L82: =+'4. Contenido'!D42 -> 0 | M82: =+'4. Contenido'!E42 -> 0 | N82: =+'4. Contenido'!F42 -> 0 | R82: =+'4. Contenido'!G42 -> 0 | S82: =+'4. Contenido'!H42 -> 0 | T82: =+'4. Contenido'!I42 -> 0 | U82: =+'4. Contenido'!J42 -> 0 | V82: =+T82+U82 -> 0
F83: =+'4. Contenido'!A43 -> 0 | L83: =+'4. Contenido'!D43 -> 0 | M83: =+'4. Contenido'!E43 -> 0 | N83: =+'4. Contenido'!F43 -> 0 | R83: =+'4. Contenido'!G43 -> 0 | S83: =+'4. Contenido'!H43 -> 0 | T83: =+'4. Contenido'!I43 -> 0 | U83: =+'4. Contenido'!J43 -> 0 | V83: =+T83+U83 -> 0
F84: =+'4. Contenido'!A44 -> 0 | L84: =+'4. Contenido'!D44 -> 0 | M84: =+'4. Contenido'!E44 -> 0 | N84: =+'4. Contenido'!F44 -> 0 | R84: =+'4. Contenido'!G44 -> 0 | S84: =+'4. Contenido'!H44 -> 0 | T84: =+'4. Contenido'!I44 -> 0 | U84: =+'4. Contenido'!J44 -> 0 | V84: =+T84+U84 -> 0
F85: =+'4. Contenido'!A45 -> 0 | L85: =+'4. Contenido'!D45 -> 0 | M85: =+'4. Contenido'!E45 -> 0 | N85: =+'4. Contenido'!F45 -> 0 | R85: =+'4. Contenido'!G45 -> 0 | S85: =+'4. Contenido'!H45 -> 0 | T85: =+'4. Contenido'!I45 -> 0 | U85: =+'4. Contenido'!J45 -> 0 | V85: =+T85+U85 -> 0
F86: =+'4. Contenido'!A46 -> 0 | L86: =+'4. Contenido'!D46 -> 0 | M86: =+'4. Contenido'!E46 -> 0 | N86: =+'4. Contenido'!F46 -> 0 | R86: =+'4. Contenido'!G46 -> 0 | S86: =+'4. Contenido'!H46 -> 0 | T86: =+'4. Contenido'!I46 -> 0 | U86: =+'4. Contenido'!J46 -> 0 | V86: =+T86+U86 -> 0
F87: =+'4. Contenido'!A47 -> 0 | L87: =+'4. Contenido'!D47 -> 0 | M87: =+'4. Contenido'!E47 -> 0 | N87: =+'4. Contenido'!F47 -> 0 | R87: =+'4. Contenido'!G47 -> 0 | S87: =+'4. Contenido'!H47 -> 0 | T87: =+'4. Contenido'!I47 -> 0 | U87: =+'4. Contenido'!J47 -> 0 | V87: =+T87+U87 -> 0
F88: =+'4. Contenido'!A48 -> 0 | L88: =+'4. Contenido'!D48 -> 0 | M88: =+'4. Contenido'!E48 -> 0 | N88: =+'4. Contenido'!F48 -> 0 | R88: =+'4. Contenido'!G48 -> 0 | S88: =+'4. Contenido'!H48 -> 0 | T88: =+'4. Contenido'!I48 -> 0 | U88: =+'4. Contenido'!J48 -> 0 | V88: =+T88+U88 -> 0
F89: =+'4. Contenido'!A49 -> 0 | L89: =+'4. Contenido'!D49 -> 0 | M89: =+'4. Contenido'!E49 -> 0 | N89: =+'4. Contenido'!F49 -> 0 | R89: =+'4. Contenido'!G49 -> 0 | S89: =+'4. Contenido'!H49 -> 0 | T89: =+'4. Contenido'!I49 -> 0 | U89: =+'4. Contenido'!J49 -> 0 | V89: =+T89+U89 -> 0
F90: =+'4. Contenido'!A50 -> 0 | L90: =+'4. Contenido'!D50 -> 0 | M90: =+'4. Contenido'!E50 -> 0 | N90: =+'4. Contenido'!F50 -> 0 | R90: =+'4. Contenido'!G50 -> 0 | S90: =+'4. Contenido'!H50 -> 0 | T90: =+'4. Contenido'!I50 -> 0 | U90: =+'4. Contenido'!J50 -> 0 | V90: =+T90+U90 -> 0
F91: =+'4. Contenido'!A51 -> 0 | L91: =+'4. Contenido'!D51 -> 0 | M91: =+'4. Contenido'!E51 -> 0 | N91: =+'4. Contenido'!F51 -> 0 | R91: =+'4. Contenido'!G51 -> 0 | S91: =+'4. Contenido'!H51 -> 0 | T91: =+'4. Contenido'!I51 -> 0 | U91: =+'4. Contenido'!J51 -> 0 | V91: =+T91+U91 -> 0
F92: =+'4. Contenido'!A52 -> 0 | L92: =+'4. Contenido'!D52 -> 0 | M92: =+'4. Contenido'!E52 -> 0 | N92: =+'4. Contenido'!F52 -> 0 | R92: =+'4. Contenido'!G52 -> 0 | S92: =+'4. Contenido'!H52 -> 0 | T92: =+'4. Contenido'!I52 -> 0 | U92: =+'4. Contenido'!J52 -> 0 | V92: =+T92+U92 -> 0
F93: =+'4. Contenido'!A53 -> 0 | L93: =+'4. Contenido'!D53 -> 0 | M93: =+'4. Contenido'!E53 -> 0 | N93: =+'4. Contenido'!F53 -> 0 | R93: =+'4. Contenido'!G53 -> 0 | S93: =+'4. Contenido'!H53 -> 0 | T93: =+'4. Contenido'!I53 -> 0 | U93: =+'4. Contenido'!J53 -> 0 | V93: =+T93+U93 -> 0
... F95: =+'4. Contenido'!A55 -> 0 | L95: =+'4. Contenido'!D55 -> 0 | M95: =+'4. Contenido'!E55 -> 0 | N95: =+'4. Contenido'!F55 -> 0 | R95: =+'4. Contenido'!G55 -> 0 | S95: =+'4. Contenido'!H55 -> 0 | T95: =+'4. Contenido'!I55 -> 0 | U95: =+'4. Contenido'!J55 -> 0 | V95: =+T95+U95 -> 0
A96: 4 | B96: =+'4. Contenido'!B56 -> 0 | F96: =+'4. Contenido'!A57 -> 0 | L96: =+'4. Contenido'!D57 -> 0 | M96: =+'4. Contenido'!E57 -> 0 | N96: =+'4. Contenido'!F57 -> 0 | O96: =+'4. Contenido'!C57 -> 0 | R96: =+'4. Contenido'!G57 -> 0 | S96: =+'4. Contenido'!H57 -> 0 | T96: =+'4. Contenido'!I57 -> 0 | U96: =+'4. Contenido'!J57 -> 0 | V96: =+T96+U96 -> 0
F97: =+'4. Contenido'!A58 -> 0 | L97: =+'4. Contenido'!D58 -> 0 | M97: =+'4. Contenido'!E58 -> 0 | N97: =+'4. Contenido'!F58 -> 0 | R97: =+'4. Contenido'!G58 -> 0 | S97: =+'4. Contenido'!H58 -> 0 | T97: =+'4. Contenido'!I58 -> 0 | U97: =+'4. Contenido'!J58 -> 0 | V97: =+T97+U97 -> 0
F98: =+'4. Contenido'!A59 -> 0 | L98: =+'4. Contenido'!D59 -> 0 | M98: =+'4. Contenido'!E59 -> 0 | N98: =+'4. Contenido'!F59 -> 0 | R98: =+'4. Contenido'!G59 -> 0 | S98: =+'4. Contenido'!H59 -> 0 | T98: =+'4. Contenido'!I59 -> 0 | U98: =+'4. Contenido'!J59 -> 0 | V98: =+T98+U98 -> 0
F99: =+'4. Contenido'!A60 -> 0 | L99: =+'4. Contenido'!D60 -> 0 | M99: =+'4. Contenido'!E60 -> 0 | N99: =+'4. Contenido'!F60 -> 0 | R99: =+'4. Contenido'!G60 -> 0 | S99: =+'4. Contenido'!H60 -> 0 | T99: =+'4. Contenido'!I60 -> 0 | U99: =+'4. Contenido'!J60 -> 0 | V99: =+T99+U99 -> 0
F100: =+'4. Contenido'!A61 -> 0 | L100: =+'4. Contenido'!D61 -> 0 | M100: =+'4. Contenido'!E61 -> 0 | N100: =+'4. Contenido'!F61 -> 0 | R100: =+'4. Contenido'!G61 -> 0 | S100: =+'4. Contenido'!H61 -> 0 | T100: =+'4. Contenido'!I61 -> 0 | U100: =+'4. Contenido'!J61 -> 0 | V100: =+T100+U100 -> 0
F101: =+'4. Contenido'!A62 -> 0 | L101: =+'4. Contenido'!D62 -> 0 | M101: =+'4. Contenido'!E62 -> 0 | N101: =+'4. Contenido'!F62 -> 0 | R101: =+'4. Contenido'!G62 -> 0 | S101: =+'4. Contenido'!H62 -> 0 | T101: =+'4. Contenido'!I62 -> 0 | U101: =+'4. Contenido'!J62 -> 0 | V101: =+T101+U101 -> 0
F102: =+'4. Contenido'!A63 -> 0 | L102: =+'4. Contenido'!D63 -> 0 | M102: =+'4. Contenido'!E63 -> 0 | N102: =+'4. Contenido'!F63 -> 0 | R102: =+'4. Contenido'!G63 -> 0 | S102: =+'4. Contenido'!H63 -> 0 | T102: =+'4. Contenido'!I63 -> 0 | U102: =+'4. Contenido'!J63 -> 0 | V102: =+T102+U102 -> 0
F103: =+'4. Contenido'!A64 -> 0 | L103: =+'4. Contenido'!D64 -> 0 | M103: =+'4. Contenido'!E64 -> 0 | N103: =+'4. Contenido'!F64 -> 0 | R103: =+'4. Contenido'!G64 -> 0 | S103: =+'4. Contenido'!H64 -> 0 | T103: =+'4. Contenido'!I64 -> 0 | U103: =+'4. Contenido'!J64 -> 0 | V103: =+T103+U103 -> 0
F104: =+'4. Contenido'!A65 -> 0 | L104: =+'4. Contenido'!D65 -> 0 | M104: =+'4. Contenido'!E65 -> 0 | N104: =+'4. Contenido'!F65 -> 0 | R104: =+'4. Contenido'!G65 -> 0 | S104: =+'4. Contenido'!H65 -> 0 | T104: =+'4. Contenido'!I65 -> 0 | U104: =+'4. Contenido'!J65 -> 0 | V104: =+T104+U104 -> 0
F105: =+'4. Contenido'!A66 -> 0 | L105: =+'4. Contenido'!D66 -> 0 | M105: =+'4. Contenido'!E66 -> 0 | N105: =+'4. Contenido'!F66 -> 0 | R105: =+'4. Contenido'!G66 -> 0 | S105: =+'4. Contenido'!H66 -> 0 | T105: =+'4. Contenido'!I66 -> 0 | U105: =+'4. Contenido'!J66 -> 0 | V105: =+T105+U105 -> 0
F106: =+'4. Contenido'!A67 -> 0 | L106: =+'4. Contenido'!D67 -> 0 | M106: =+'4. Contenido'!E67 -> 0 | N106: =+'4. Contenido'!F67 -> 0 | R106: =+'4. Contenido'!G67 -> 0 | S106: =+'4. Contenido'!H67 -> 0 | T106: =+'4. Contenido'!I67 -> 0 | U106: =+'4. Contenido'!J67 -> 0 | V106: =+T106+U106 -> 0
F107: =+'4. Contenido'!A68 -> 0 | L107: =+'4. Contenido'!D68 -> 0 | M107: =+'4. Contenido'!E68 -> 0 | N107: =+'4. Contenido'!F68 -> 0 | R107: =+'4. Contenido'!G68 -> 0 | S107: =+'4. Contenido'!H68 -> 0 | T107: =+'4. Contenido'!I68 -> 0 | U107: =+'4. Contenido'!J68 -> 0 | V107: =+T107+U107 -> 0
...

Sheet Hoja1
