Workbook

Sheet FO-MA-007
G10: Periodo Académico
B12: No. | C12: Código | D12: Nombres y Apellidos | E12: No. Documento | F12: Programa | G12: Valor Matrícula | H12: DESCUENTO | L12: Observación | M12: Generado Por
H13: Código DSCTO | I13: Concepto | J13: % | K13: Valor
B14: =IF(D14="","",COUNTA(D$14:D14)) | I14: =IFERROR(VLOOKUP(H14,Listas!B:D,2,0),"") | J14: =IFERROR(VLOOKUP(H14,Listas!B:D,3,0),"") | K14: =IFERROR(G14*J14,"")
B15: =IF(D15="","",COUNTA(D$14:D15)) | I15: =IFERROR(VLOOKUP(H15,Listas!B:D,2,0),"") | J15: =IFERROR(VLOOKUP(H15,Listas!B:D,3,0),"") | K15: =IFERROR(G15*J15,"")
B16: =IF(D16="","",COUNTA(D$14:D16)) | I16: =IFERROR(VLOOKUP(H16,Listas!B:D,2,0),"") | J16: =IFERROR(VLOOKUP(H16,Listas!B:D,3,0),"") | K16: =IFERROR(G16*J16,"")
B17: =IF(D17="","",COUNTA(D$14:D17)) | I17: =IFERROR(VLOOKUP(H17,Listas!B:D,2,0),"") | J17: =IFERROR(VLOOKUP(H17,Listas!B:D,3,0),"") | K17: =IFERROR(G17*J17,"")
B18: =IF(D18="","",COUNTA(D$14:D18)) | I18: =IFERROR(VLOOKUP(H18,Listas!B:D,2,0),"") | J18: =IFERROR(VLOOKUP(H18,Listas!B:D,3,0),"") | K18: =IFERROR(G18*J18,"")
B19: =IF(D19="","",COUNTA(D$14:D19)) | I19: =IFERROR(VLOOKUP(H19,Listas!B:D,2,0),"") | J19: =IFERROR(VLOOKUP(H19,Listas!B:D,3,0),"") | K19: =IFERROR(G19*J19,"")
B20: =IF(D20="","",COUNTA(D$14:D20)) | I20: =IFERROR(VLOOKUP(H20,Listas!B:D,2,0),"") | J20: =IFERROR(VLOOKUP(H20,Listas!B:D,3,0),"") | K20: =IFERROR(G20*J20,"")
B21: =IF(D21="","",COUNTA(D$14:D21)) | I21: =IFERROR(VLOOKUP(H21,Listas!B:D,2,0),"") | J21: =IFERROR(VLOOKUP(H21,Listas!B:D,3,0),"") | K21: =IFERROR(G21*J21,"")
B22: =IF(D22="","",COUNTA(D$14:D22)) | I22: =IFERROR(VLOOKUP(H22,Listas!B:D,2,0),"") | J22: =IFERROR(VLOOKUP(H22,Listas!B:D,3,0),"") | K22: =IFERROR(G22*J22,"")
B23: =IF(D23="","",COUNTA(D$14:D23)) | I23: =IFERROR(VLOOKUP(H23,Listas!B:D,2,0),"") | J23: =IFERROR(VLOOKUP(H23,Listas!B:D,3,0),"") | K23: =IFERROR(G23*J23,"")
B24: =IF(D24="","",COUNTA(D$14:D24)) | I24: =IFERROR(VLOOKUP(H24,Listas!B:D,2,0),"") | J24: =IFERROR(VLOOKUP(H24,Listas!B:D,3,0),"") | K24: =IFERROR(G24*J24,"")
B25: =IF(D25="","",COUNTA(D$14:D25)) | I25: =IFERROR(VLOOKUP(H25,Listas!B:D,2,0),"") | J25: =IFERROR(VLOOKUP(H25,Listas!B:D,3,0),"") | K25: =IFERROR(G25*J25,"")
... B63: =IF(D63="","",COUNTA(D$14:D63)) | I63: =IFERROR(VLOOKUP(H63,Listas!B:D,2,0),"") | J63: =IFERROR(VLOOKUP(H63,Listas!B:D,3,0),"") | K63: =IFERROR(G63*J63,"")

Sheet Listas
B2: Ordenado por Código | F2: Por órden Alfabético
B3: CODIGO | C3: TIPO DESCUENTO | D3: % | F3: TIPO DESCUENTO | G3: CODIGO | H3: % | J3: Generado Por
B4: 1 | C4: DSCTO POR HERMANOS | D4: 0.1 | F4: BECA DE ESTUDIO | G4: 16 | H4: 0.5 | J4: Colaborador 1
B5: 2 | C5: DSCTO ESPOSOS | D5: 0.1 | F5: BECA DE ESTUDIO | G5: 17 | H5: 1 | J5: Colaborador 2
B6: 3 | C6: DSCTO AUTORIZACION RECTORIA | D6: 0.1 | F6: BECA FUNCIONARIO | G6: 5 | H6: 1 | J6: Colaborador 3
B7: 4 | C7: BECA HIJO FUNCIONARIO | D7: 0.5 | F7: BECA HIJO FUNCIONARIO | G7: 4 | H7: 0.5 | J7: Colaborador 4
B8: 5 | C8: BECA FUNCIONARIO | D8: 1 | F8: BECA MONITOR | G8: 22 | H8: 0.5 | J8: Colaborador 5
B9: 6 | C9: BECA MONITORIA INFORMATICA | D9: 0.5 | F9: BECA MONITOR ARQUITECTURA | G9: 8 | H9: 0.5
B10: 7 | C10: BECA MONITOR INDUSTRIAL | D10: 0.5 | F10: BECA MONITOR ECOLOGIA | G10: 24 | H10: 0.5
B11: 8 | C11: BECA MONITOR ARQUITECTURA | D11: 0.5 | F11: BECA MONITOR INDUSTRIAL | G11: 7 | H11: 0.5
B12: 9 | C12: CONVENIO SENA | D12: 0.1 | F12: BECA MONITORIA INFORMATICA | G12: 6 | H12: 0.5
B13: 10 | C13: CONVENIO CODELCAUCA | D13: 0.05 | F13: COLOMBIACOOP | G13: 44 | H13: 0.1
B14: 11 | C14: DESCUENTO HERMANO FUNCIONARIO | D14: 0.1 | F14: CONVENIO ASONAL JUDICIAL | G14: 26 | H14: 0.05
B15: 12 | C15: CONVENIO CLINICA LA ESTANCIA | D15: 0.15 | F15: CONVENIO ASOPOMI | G15: 13 | H15: 0.25
B16: 13 | C16: CONVENIO ASOPOMI | D16: 0.25 | F16: CONVENIO CARTA PARROQUIAL | G16: 19 | H16: 0.05
B17: 14 | C17: CONVENIO COCACOLA | D17: 0.05 | F17: CONVENIO CLINICA LA ESTANCIA | G17: 12 | H17: 0.15
B18: 15 | C18: CONVENIO TIMBIO | D18: 0.25 | F18: CONVENIO COCACOLA | G18: 14 | H18: 0.05
B19: 16 | C19: BECA DE ESTUDIO | D19: 0.5 | F19: CONVENIO CODELCAUCA | G19: 10 | H19: 0.05
B20: 17 | C20: BECA DE ESTUDIO | D20: 1 | F20: CONVENIO COOMEVA | G20: 18 | H20: 0.1
... B40: 37 | C40: CORPOCAUCA RED UNIDOS | D40: 0.1 | F40: DSCTO POR HERMANOS | G40: 1 | H40: 0.1
B41: 38 | C41: RENAULT | F41: FISCALIA | G41: 39 | H41: 0.1
B42: 39 | C42: FISCALIA | D42: 0.1 | F42: INPEC | G42: 36 | H42: 0.1
B43: 40 | C43: SALUDCOOP | F43: JUGUEMOS | G43: 42
B44: 41 | C44: MOVILIDAD ESTUDIANTIL | F44: MOVILIDAD ESTUDIANTIL | G44: 41
B45: 42 | C45: JUGUEMOS | F45: RENAULT | G45: 38
B46: 44 | C46: COLOMBIACOOP | D46: 0.1 | F46: SALUDCOOP | G46: 40
A47: Nuevos
