Workbook

Sheet BASE DE DATOS DOCENTES
A4: PROGRAMA:
G7: Especialización | I7: Maestria
A9: ID | B9: NOMBRES Y APELLIDOS | C9: Dirección | D9: Teléfono | E9: Celular | F9: Profesión | G9: TITULADO | H9: EN CURSO | I9: TITULADO | J9: EN CURSO | K9: Otros | L9: CORREO ELECTRONICO
A100: 1 | B100: N.N.
L102: 1/1

Sheet OFERTA
A4: OFERTA ACADEMICA PERIODO: 20___ - ___
A6: CODIGO | B6: ASIGNATURA | C6: CR | D6: I.H.S. | E6: SEMESTRE | F6: PENSUM
A8: PROGRAMA:
F56: 1/1

Sheet B.D. CONTRATACIONES
A1: ID | B1: VINC | C1: cod | D1: asignatura | E1: Prog | F1: jor | G1: VINC | H1: cod | I1: asignatura | J1: Prog | K1: jor | L1: VINC | M1: cod | N1: asignatura | O1: Prog | P1: jor | Q1: VINC | R1: cod | S1: asignatura | T1: Prog | U1: jor | V1: VINC | W1: cod | X1: asignatura | Y1: Prog | Z1: jor | AA1: VINC | AB1: cod | AC1: asignatura | AD1: Prog | AE1: jor | AF1: VINC | AG1: cod | AH1: asignatura | AI1: Prog | AJ1: jor | AK1: VINC | AL1: cod | AM1: asignatura | AN1: Prog | AO1: jor | AP1: VINC | AQ1: cod | AR1: asignatura | AS1: Prog | AT1: jor | AU1: VINC | AV1: cod | AW1: asignatura | AX1: Prog | AY1: jor | AZ1: VINC | BA1: cod | BB1: asignatura | BC1: Prog | BD1: jor | BE1: VINC | BF1: cod | BG1: asignatura | BH1: Prog | BI1: jor | BJ1: VINC | BK1: cod | BL1: asignatura | BM1: Prog | BN1: jor | BO1: VINC | BP1: cod | BQ1: asignatura | BR1: Prog | BS1: jor | BT1: VINC | BU1: cod | BV1: asignatura | BW1: Prog | BX1: jor
A2: ='CARGA DOCENTE'!J10 -> 0 | B2: ='CARGA DOCENTE'!$H10 -> 0 | C2: =IF(OR(B2="TC",B2="MT"),'CARGA DOCENTE'!$A10," ") | D2: =IF(OR(B2="TC",B2="MT"),'CARGA DOCENTE'!$B10," ") | E2: =IF(OR(B2="TC",B2="MT"),'CARGA DOCENTE'!$C10," ") | F2: =IF(OR(B2="TC",B2="MT"),'CARGA DOCENTE'!$G10," ") | G2: ='CARGA DOCENTE'!$H11 -> 0 | H2: =IF(OR(G2="TC",G2="MT"),'CARGA DOCENTE'!$A11," ") | I2: =IF(OR(G2="TC",G2="MT"),'CARGA DOCENTE'!$B11," ") | J2: =IF(OR(G2="TC",G2="MT"),'CARGA DOCENTE'!$C11," ") | K2: =IF(OR(G2="TC",G2="MT"),'CARGA DOCENTE'!$G11," ") | L2: ='CARGA DOCENTE'!$H12 -> 0 | M2: =IF(OR(L2="TC",L2="MT"),'CARGA DOCENTE'!$A12," ") | N2: =IF(OR(L2="TC",L2="MT"),'CARGA DOCENTE'!$B12," ") | O2: =IF(OR(L2="TC",L2="MT"),'CARGA DOCENTE'!$C12," ") | P2: =IF(OR(L2="TC",L2="MT"),'CARGA DOCENTE'!$G12," ") | Q2: ='CARGA DOCENTE'!$H13 -> 0 | R2: =IF(OR(Q2="TC",Q2="MT"),'CARGA DOCENTE'!$A13," ") | S2: =IF(OR(Q2="TC",Q2="MT"),'CARGA DOCENTE'!$B13," ") | T2: =IF(OR(Q2="TC",Q2="MT"),'CARGA DOCENTE'!$C13," ") | U2: =IF(OR(Q2="TC",Q2="MT"),'CARGA DOCENTE'!$G13," ") | V2: ='CARGA DOCENTE'!$H14 -> 0 | W2: =IF(OR(V2="TC",V2="MT"),'CARGA DOCENTE'!$A14," ") | X2: =IF(OR(V2="TC",V2="MT"),'CARGA DOCENTE'!$B14," ") | Y2: =IF(OR(V2="TC",V2="MT"),'CARGA DOCENTE'!$C14," ") | Z2: =IF(OR(V2="TC",V2="MT"),'CARGA DOCENTE'!$G14," ") | AA2: ='CARGA DOCENTE'!$H15 -> 0 | AB2: =IF(OR(AA2="TC",AA2="MT"),'CARGA DOCENTE'!$A15," ") | AC2: =IF(OR(AA2="TC",AA2="MT"),'CARGA DOCENTE'!$B15," ") | AD2: =IF(OR(AA2="TC",AA2="MT"),'CARGA DOCENTE'!$C15," ") | AE2: =IF(OR(AA2="TC",AA2="MT"),'CARGA DOCENTE'!$G15," ") | AF2: ='CARGA DOCENTE'!$H16 -> 0 | AG2: =IF(OR(AF2="TC",AF2="MT"),'CARGA DOCENTE'!$A16," ") | AH2: =IF(OR(AF2="TC",AF2="MT"),'CARGA DOCENTE'!$B16," ") | AI2: =IF(OR(AF2="TC",AF2="MT"),'CARGA DOCENTE'!$C16," ") | AJ2: =IF(OR(AF2="TC",AF2="MT"),'CARGA DOCENTE'!$G16," ") | AK2: ='CARGA DOCENTE'!$H17 -> 0 | AL2: =IF(OR(AK2="TC",AK2="MT"),'CARGA DOCENTE'!$A17," ") | AM2: =IF(OR(AK2="TC",AK2="MT"),'CARGA DOCENTE'!$B17," ") | AN2: =IF(OR(AK2="TC",AK2="MT"),'CARGA DOCENTE'!$C17," ") | AO2: =IF(OR(AK2="TC",AK2="MT"),'CARGA DOCENTE'!$G17," ") | AP2: ='CARGA DOCENTE'!$H18 -> 0 | AQ2: =IF(OR(AP2="TC",AP2="MT"),'CARGA DOCENTE'!$A18," ") | AR2: =IF(OR(AP2="TC",AP2="MT"),'CARGA DOCENTE'!$B18," ") | AS2: =IF(OR(AP2="TC",AP2="MT"),'CARGA DOCENTE'!$C18," ") | AT2: =IF(OR(AP2="TC",AP2="MT"),'CARGA DOCENTE'!$G18," ") | AU2: ='CARGA DOCENTE'!$H19 -> 0 | AV2: =IF(OR(AU2="TC",AU2="MT"),'CARGA DOCENTE'!$A19," ") | AW2: =IF(OR(AU2="TC",AU2="MT"),'CARGA DOCENTE'!$B19," ") | AX2: =IF(OR(AU2="TC",AU2="MT"),'CARGA DOCENTE'!$C19," ") | AY2: =IF(OR(AU2="TC",AU2="MT"),'CARGA DOCENTE'!$G19," ") | AZ2: ='CARGA DOCENTE'!$H20 -> 0 | BA2: =IF(OR(AZ2="TC",AZ2="MT"),'CARGA DOCENTE'!$A20," ") | BB2: =IF(OR(AZ2="TC",AZ2="MT"),'CARGA DOCENTE'!$B20," ") | BC2: =IF(OR(AZ2="TC",AZ2="MT"),'CARGA DOCENTE'!$C20," ") | BD2: =IF(OR(AZ2="TC",AZ2="MT"),'CARGA DOCENTE'!$G20," ") | BE2: ='CARGA DOCENTE'!$H21 -> 0 | BF2: =IF(OR(BE2="TC",BE2="MT"),'CARGA DOCENTE'!$A21," ") | BG2: =IF(OR(BE2="TC",BE2="MT"),'CARGA DOCENTE'!$B21," ") | BH2: =IF(OR(BE2="TC",BE2="MT"),'CARGA DOCENTE'!$C21," ") | BI2: =IF(OR(BE2="TC",BE2="MT"),'CARGA DOCENTE'!$G21," ") | BJ2: ='CARGA DOCENTE'!$H22 -> 0 | BK2: =IF(OR(BJ2="TC",BJ2="MT"),'CARGA DOCENTE'!$A22," ") | BL2: =IF(OR(BJ2="TC",BJ2="MT"),'CARGA DOCENTE'!$B22," ") | BM2: =IF(OR(BJ2="TC",BJ2="MT"),'CARGA DOCENTE'!$C22," ") | BN2: =IF(OR(BJ2="TC",BJ2="MT"),'CARGA DOCENTE'!$G22," ") | BO2: ='CARGA DOCENTE'!$H23 -> 0 | BP2: =IF(OR(BO2="TC",BO2="MT"),'CARGA DOCENTE'!$A23," ") | BQ2: =IF(OR(BO2="TC",BO2="MT"),'CARGA DOCENTE'!$B23," ") | BR2: =IF(OR(BO2="TC",BO2="MT"),'CARGA DOCENTE'!$C23," ") | BS2: =IF(OR(BO2="TC",BO2="MT"),'CARGA DOCENTE'!$G23," ") | BT2: ='CARGA DOCENTE'!$H24 -> 0 | BU2: =IF(OR(BT2="TC",BT2="MT"),'CARGA DOCENTE'!$A24," ") | BV2: =IF(OR(BT2="TC",BT2="MT"),'CARGA DOCENTE'!$B24," ") | BW2: =IF(OR(BT2="TC",BT2="MT"),'CARGA DOCENTE'!$C24," ") | BX2: =IF(OR(BT2="TC",BT2="MT"),'CARGA DOCENTE'!$G24," ")
A3: ='CARGA DOCENTE'!J28 -> 0 | B3: ='CARGA DOCENTE'!$H28 -> 0 | C3: =IF(OR(B3="TC",B3="MT"),'CARGA DOCENTE'!$A28," ") | D3: =IF(OR(B3="TC",B3="MT"),'CARGA DOCENTE'!$B28," ") | E3: =IF(OR(B3="TC",B3="MT"),'CARGA DOCENTE'!$C28," ") | F3: =IF(OR(B3="TC",B3="MT"),'CARGA DOCENTE'!$G28," ") | G3: ='CARGA DOCENTE'!$H29 -> 0 | H3: =IF(OR(G3="TC",G3="MT"),'CARGA DOCENTE'!$A29," ") | I3: =IF(OR(G3="TC",G3="MT"),'CARGA DOCENTE'!$B29," ") | J3: =IF(OR(G3="TC",G3="MT"),'CARGA DOCENTE'!$C29," ") | K3: =IF(OR(G3="TC",G3="MT"),'CARGA DOCENTE'!$G29," ") | L3: ='CARGA DOCENTE'!$H30 -> 0 | M3: =IF(OR(L3="TC",L3="MT"),'CARGA DOCENTE'!$A30," ") | N3: =IF(OR(L3="TC",L3="MT"),'CARGA DOCENTE'!$B30," ") | O3: =IF(OR(L3="TC",L3="MT"),'CARGA DOCENTE'!$C30," ") | P3: =IF(OR(L3="TC",L3="MT"),'CARGA DOCENTE'!$G30," ") | Q3: ='CARGA DOCENTE'!$H31 -> 0 | R3: =IF(OR(Q3="TC",Q3="MT"),'CARGA DOCENTE'!$A31," ") | S3: =IF(OR(Q3="TC",Q3="MT"),'CARGA DOCENTE'!$B31," ") | T3: =IF(OR(Q3="TC",Q3="MT"),'CARGA DOCENTE'!$C31," ") | U3: =IF(OR(Q3="TC",Q3="MT"),'CARGA DOCENTE'!$G31," ") | V3: ='CARGA DOCENTE'!$H32 -> 0 | W3: =IF(OR(V3="TC",V3="MT"),'CARGA DOCENTE'!$A32," ") | X3: =IF(OR(V3="TC",V3="MT"),'CARGA DOCENTE'!$B32," ") | Y3: =IF(OR(V3="TC",V3="MT"),'CARGA DOCENTE'!$C32," ") | Z3: =IF(OR(V3="TC",V3="MT"),'CARGA DOCENTE'!$G32," ") | AA3: ='CARGA DOCENTE'!$H33 -> 0 | AB3: =IF(OR(AA3="TC",AA3="MT"),'CARGA DOCENTE'!$A33," ") | AC3: =IF(OR(AA3="TC",AA3="MT"),'CARGA DOCENTE'!$B33," ") | AD3: =IF(OR(AA3="TC",AA3="MT"),'CARGA DOCENTE'!$C33," ") | AE3: =IF(OR(AA3="TC",AA3="MT"),'CARGA DOCENTE'!$G33," ") | AF3: ='CARGA DOCENTE'!$H34 -> 0 | AG3: =IF(OR(AF3="TC",AF3="MT"),'CARGA DOCENTE'!$A34," ") | AH3: =IF(OR(AF3="TC",AF3="MT"),'CARGA DOCENTE'!$B34," ") | AI3: =IF(OR(AF3="TC",AF3="MT"),'CARGA DOCENTE'!$C34," ") | AJ3: =IF(OR(AF3="TC",AF3="MT"),'CARGA DOCENTE'!$G34," ") | AK3: ='CARGA DOCENTE'!$H35 -> 0 | AL3: =IF(OR(AK3="TC",AK3="MT"),'CARGA DOCENTE'!$A35," ") | AM3: =IF(OR(AK3="TC",AK3="MT"),'CARGA DOCENTE'!$B35," ") | AN3: =IF(OR(AK3="TC",AK3="MT"),'CARGA DOCENTE'!$C35," ") | AO3: =IF(OR(AK3="TC",AK3="MT"),'CARGA DOCENTE'!$G35," ") | AP3: ='CARGA DOCENTE'!$H36 -> 0 | AQ3: =IF(OR(AP3="TC",AP3="MT"),'CARGA DOCENTE'!$A36," ") | AR3: =IF(OR(AP3="TC",AP3="MT"),'CARGA DOCENTE'!$B36," ") | AS3: =IF(OR(AP3="TC",AP3="MT"),'CARGA DOCENTE'!$C36," ") | AT3: =IF(OR(AP3="TC",AP3="MT"),'CARGA DOCENTE'!$G36," ") | AU3: ='CARGA DOCENTE'!$H37 -> 0 | AV3: =IF(OR(AU3="TC",AU3="MT"),'CARGA DOCENTE'!$A37," ") | AW3: =IF(OR(AU3="TC",AU3="MT"),'CARGA DOCENTE'!$B37," ") | AX3: =IF(OR(AU3="TC",AU3="MT"),'CARGA DOCENTE'!$C37," ") | AY3: =IF(OR(AU3="TC",AU3="MT"),'CARGA DOCENTE'!$G37," ") | AZ3: ='CARGA DOCENTE'!$H38 -> 0 | BA3: =IF(OR(AZ3="TC",AZ3="MT"),'CARGA DOCENTE'!$A38," ") | BB3: =IF(OR(AZ3="TC",AZ3="MT"),'CARGA DOCENTE'!$B38," ") | BC3: =IF(OR(AZ3="TC",AZ3="MT"),'CARGA DOCENTE'!$C38," ") | BD3: =IF(OR(AZ3="TC",AZ3="MT"),'CARGA DOCENTE'!$G38," ") | BE3: ='CARGA DOCENTE'!$H39 -> 0 | BF3: =IF(OR(BE3="TC",BE3="MT"),'CARGA DOCENTE'!$A39," ") | BG3: =IF(OR(BE3="TC",BE3="MT"),'CARGA DOCENTE'!$B39," ") | BH3: =IF(OR(BE3="TC",BE3="MT"),'CARGA DOCENTE'!$C39," ") | BI3: =IF(OR(BE3="TC",BE3="MT"),'CARGA DOCENTE'!$G39," ") | BJ3: ='CARGA DOCENTE'!$H40 -> 0 | BK3: =IF(OR(BJ3="TC",BJ3="MT"),'CARGA DOCENTE'!$A40," ") | BL3: =IF(OR(BJ3="TC",BJ3="MT"),'CARGA DOCENTE'!$B40," ") | BM3: =IF(OR(BJ3="TC",BJ3="MT"),'CARGA DOCENTE'!$C40," ") | BN3: =IF(OR(BJ3="TC",BJ3="MT"),'CARGA DOCENTE'!$G40," ") | BO3: ='CARGA DOCENTE'!$H41 -> 0 | BP3: =IF(OR(BO3="TC",BO3="MT"),'CARGA DOCENTE'!$A41," ") | BQ3: =IF(OR(BO3="TC",BO3="MT"),'CARGA DOCENTE'!$B41," ") | BR3: =IF(OR(BO3="TC",BO3="MT"),'CARGA DOCENTE'!$C41," ") | BS3: =IF(OR(BO3="TC",BO3="MT"),'CARGA DOCENTE'!$G41," ") | BT3: ='CARGA DOCENTE'!$H42 -> 0 | BU3: =IF(OR(BT3="TC",BT3="MT"),'CARGA DOCENTE'!$A42," ") | BV3: =IF(OR(BT3="TC",BT3="MT"),'CARGA DOCENTE'!$B42," ") | BW3: =IF(OR(BT3="TC",BT3="MT"),'CARGA DOCENTE'!$C42," ") | BX3: =IF(OR(BT3="TC",BT3="MT"),'CARGA DOCENTE'!$G42," ")
A4: ='CARGA DOCENTE'!J46 -> 0 | B4: ='CARGA DOCENTE'!$H46 -> 0 | C4: =IF(OR(B4="TC",B4="MT"),'CARGA DOCENTE'!$A46," ") | D4: =IF(OR(B4="TC",B4="MT"),'CARGA DOCENTE'!$B46," ") | E4: =IF(OR(B4="TC",B4="MT"),'CARGA DOCENTE'!$C46," ") | F4: =IF(OR(B4="TC",B4="MT"),'CARGA DOCENTE'!$G46," ") | G4: ='CARGA DOCENTE'!$H47 -> 0 | H4: =IF(OR(G4="TC",G4="MT"),'CARGA DOCENTE'!$A47," ") | I4: =IF(OR(G4="TC",G4="MT"),'CARGA DOCENTE'!$B47," ") | J4: =IF(OR(G4="TC",G4="MT"),'CARGA DOCENTE'!$C47," ") | K4: =IF(OR(G4="TC",G4="MT"),'CARGA DOCENTE'!$G47," ") | L4: ='CARGA DOCENTE'!$H48 -> 0 | M4: =IF(OR(L4="TC",L4="MT"),'CARGA DOCENTE'!$A48," ") | N4: =IF(OR(L4="TC",L4="MT"),'CARGA DOCENTE'!$B48," ") | O4: =IF(OR(L4="TC",L4="MT"),'CARGA DOCENTE'!$C48," ") | P4: =IF(OR(L4="TC",L4="MT"),'CARGA DOCENTE'!$G48," ") | Q4: ='CARGA DOCENTE'!$H49 -> 0 | R4: =IF(OR(Q4="TC",Q4="MT"),'CARGA DOCENTE'!$A49," ") | S4: =IF(OR(Q4="TC",Q4="MT"),'CARGA DOCENTE'!$B49," ") | T4: =IF(OR(Q4="TC",Q4="MT"),'CARGA DOCENTE'!$C49," ") | U4: =IF(OR(Q4="TC",Q4="MT"),'CARGA DOCENTE'!$G49," ") | V4: ='CARGA DOCENTE'!$H50 -> 0 | W4: =IF(OR(V4="TC",V4="MT"),'CARGA DOCENTE'!$A50," ") | X4: =IF(OR(V4="TC",V4="MT"),'CARGA DOCENTE'!$B50," ") | Y4: =IF(OR(V4="TC",V4="MT"),'CARGA DOCENTE'!$C50," ") | Z4: =IF(OR(V4="TC",V4="MT"),'CARGA DOCENTE'!$G50," ") | AA4: ='CARGA DOCENTE'!$H51 -> 0 | AB4: =IF(OR(AA4="TC",AA4="MT"),'CARGA DOCENTE'!$A51," ") | AC4: =IF(OR(AA4="TC",AA4="MT"),'CARGA DOCENTE'!$B51," ") | AD4: =IF(OR(AA4="TC",AA4="MT"),'CARGA DOCENTE'!$C51," ") | AE4: =IF(OR(AA4="TC",AA4="MT"),'CARGA DOCENTE'!$G51," ") | AF4: ='CARGA DOCENTE'!$H52 -> 0 | AG4: =IF(OR(AF4="TC",AF4="MT"),'CARGA DOCENTE'!$A52," ") | AH4: =IF(OR(AF4="TC",AF4="MT"),'CARGA DOCENTE'!$B52," ") | AI4: =IF(OR(AF4="TC",AF4="MT"),'CARGA DOCENTE'!$C52," ") | AJ4: =IF(OR(AF4="TC",AF4="MT"),'CARGA DOCENTE'!$G52," ") | AK4: ='CARGA DOCENTE'!$H53 -> 0 | AL4: =IF(OR(AK4="TC",AK4="MT"),'CARGA DOCENTE'!$A53," ") | AM4: =IF(OR(AK4="TC",AK4="MT"),'CARGA DOCENTE'!$B53," ") | AN4: =IF(OR(AK4="TC",AK4="MT"),'CARGA DOCENTE'!$C53," ") | AO4: =IF(OR(AK4="TC",AK4="MT"),'CARGA DOCENTE'!$G53," ") | AP4: ='CARGA DOCENTE'!$H54 -> 0 | AQ4: =IF(OR(AP4="TC",AP4="MT"),'CARGA DOCENTE'!$A54," ") | AR4: =IF(OR(AP4="TC",AP4="MT"),'CARGA DOCENTE'!$B54," ") | AS4: =IF(OR(AP4="TC",AP4="MT"),'CARGA DOCENTE'!$C54," ") | AT4: =IF(OR(AP4="TC",AP4="MT"),'CARGA DOCENTE'!$G54," ") | AU4: ='CARGA DOCENTE'!$H55 -> 0 | AV4: =IF(OR(AU4="TC",AU4="MT"),'CARGA DOCENTE'!$A55," ") | AW4: =IF(OR(AU4="TC",AU4="MT"),'CARGA DOCENTE'!$B55," ") | AX4: =IF(OR(AU4="TC",AU4="MT"),'CARGA DOCENTE'!$C55," ") | AY4: =IF(OR(AU4="TC",AU4="MT"),'CARGA DOCENTE'!$G55," ") | AZ4: ='CARGA DOCENTE'!$H56 -> 0 | BA4: =IF(OR(AZ4="TC",AZ4="MT"),'CARGA DOCENTE'!$A56," ") | BB4: =IF(OR(AZ4="TC",AZ4="MT"),'CARGA DOCENTE'!$B56," ") | BC4: =IF(OR(AZ4="TC",AZ4="MT"),'CARGA DOCENTE'!$C56," ") | BD4: =IF(OR(AZ4="TC",AZ4="MT"),'CARGA DOCENTE'!$G56," ") | BE4: ='CARGA DOCENTE'!$H57 -> 0 | BF4: =IF(OR(BE4="TC",BE4="MT"),'CARGA DOCENTE'!$A57," ") | BG4: =IF(OR(BE4="TC",BE4="MT"),'CARGA DOCENTE'!$B57," ") | BH4: =IF(OR(BE4="TC",BE4="MT"),'CARGA DOCENTE'!$C57," ") | BI4: =IF(OR(BE4="TC",BE4="MT"),'CARGA DOCENTE'!$G57," ") | BJ4: ='CARGA DOCENTE'!$H58 -> 0 | BK4: =IF(OR(BJ4="TC",BJ4="MT"),'CARGA DOCENTE'!$A58," ") | BL4: =IF(OR(BJ4="TC",BJ4="MT"),'CARGA DOCENTE'!$B58," ") | BM4: =IF(OR(BJ4="TC",BJ4="MT"),'CARGA DOCENTE'!$C58," ") | BN4: =IF(OR(BJ4="TC",BJ4="MT"),'CARGA DOCENTE'!$G58," ") | BO4: ='CARGA DOCENTE'!$H59 -> 0 | BP4: =IF(OR(BO4="TC",BO4="MT"),'CARGA DOCENTE'!$A59," ") | BQ4: =IF(OR(BO4="TC",BO4="MT"),'CARGA DOCENTE'!$B59," ") | BR4: =IF(OR(BO4="TC",BO4="MT"),'CARGA DOCENTE'!$C59," ") | BS4: =IF(OR(BO4="TC",BO4="MT"),'CARGA DOCENTE'!$G59," ") | BT4: ='CARGA DOCENTE'!$H60 -> 0 | BU4: =IF(OR(BT4="TC",BT4="MT"),'CARGA DOCENTE'!$A60," ") | BV4: =IF(OR(BT4="TC",BT4="MT"),'CARGA DOCENTE'!$B60," ") | BW4: =IF(OR(BT4="TC",BT4="MT"),'CARGA DOCENTE'!$C60," ") | BX4: =IF(OR(BT4="TC",BT4="MT"),'CARGA DOCENTE'!$G60," ")
A5: ='CARGA DOCENTE'!J64 -> 0 | B5: ='CARGA DOCENTE'!$H64 -> 0 | C5: =IF(OR(B5="TC",B5="MT"),'CARGA DOCENTE'!$A64," ") | D5: =IF(OR(B5="TC",B5="MT"),'CARGA DOCENTE'!$B64," ") | E5: =IF(OR(B5="TC",B5="MT"),'CARGA DOCENTE'!$C64," ") | F5: =IF(OR(B5="TC",B5="MT"),'CARGA DOCENTE'!$G64," ") | G5: ='CARGA DOCENTE'!$H65 -> 0 | H5: =IF(OR(G5="TC",G5="MT"),'CARGA DOCENTE'!$A65," ") | I5: =IF(OR(G5="TC",G5="MT"),'CARGA DOCENTE'!$B65," ") | J5: =IF(OR(G5="TC",G5="MT"),'CARGA DOCENTE'!$C65," ") | K5: =IF(OR(G5="TC",G5="MT"),'CARGA DOCENTE'!$G65," ") | L5: ='CARGA DOCENTE'!$H66 -> 0 | M5: =IF(OR(L5="TC",L5="MT"),'CARGA DOCENTE'!$A66," ") | N5: =IF(OR(L5="TC",L5="MT"),'CARGA DOCENTE'!$B66," ") | O5: =IF(OR(L5="TC",L5="MT"),'CARGA DOCENTE'!$C66," ") | P5: =IF(OR(L5="TC",L5="MT"),'CARGA DOCENTE'!$G66," ") | Q5: ='CARGA DOCENTE'!$H67 -> 0 | R5: =IF(OR(Q5="TC",Q5="MT"),'CARGA DOCENTE'!$A67," ") | S5: =IF(OR(Q5="TC",Q5="MT"),'CARGA DOCENTE'!$B67," ") | T5: =IF(OR(Q5="TC",Q5="MT"),'CARGA DOCENTE'!$C67," ") | U5: =IF(OR(Q5="TC",Q5="MT"),'CARGA DOCENTE'!$G67," ") | V5: ='CARGA DOCENTE'!$H68 -> 0 | W5: =IF(OR(V5="TC",V5="MT"),'CARGA DOCENTE'!$A68," ") | X5: =IF(OR(V5="TC",V5="MT"),'CARGA DOCENTE'!$B68," ") | Y5: =IF(OR(V5="TC",V5="MT"),'CARGA DOCENTE'!$C68," ") | Z5: =IF(OR(V5="TC",V5="MT"),'CARGA DOCENTE'!$G68," ") | AA5: ='CARGA DOCENTE'!$H69 -> 0 | AB5: =IF(OR(AA5="TC",AA5="MT"),'CARGA DOCENTE'!$A69," ") | AC5: =IF(OR(AA5="TC",AA5="MT"),'CARGA DOCENTE'!$B69," ") | AD5: =IF(OR(AA5="TC",AA5="MT"),'CARGA DOCENTE'!$C69," ") | AE5: =IF(OR(AA5="TC",AA5="MT"),'CARGA DOCENTE'!$G69," ") | AF5: ='CARGA DOCENTE'!$H70 -> 0 | AG5: =IF(OR(AF5="TC",AF5="MT"),'CARGA DOCENTE'!$A70," ") | AH5: =IF(OR(AF5="TC",AF5="MT"),'CARGA DOCENTE'!$B70," ") | AI5: =IF(OR(AF5="TC",AF5="MT"),'CARGA DOCENTE'!$C70," ") | AJ5: =IF(OR(AF5="TC",AF5="MT"),'CARGA DOCENTE'!$G70," ") | AK5: ='CARGA DOCENTE'!$H71 -> 0 | AL5: =IF(OR(AK5="TC",AK5="MT"),'CARGA DOCENTE'!$A71," ") | AM5: =IF(OR(AK5="TC",AK5="MT"),'CARGA DOCENTE'!$B71," ") | AN5: =IF(OR(AK5="TC",AK5="MT"),'CARGA DOCENTE'!$C71," ") | AO5: =IF(OR(AK5="TC",AK5="MT"),'CARGA DOCENTE'!$G71," ") | AP5: ='CARGA DOCENTE'!$H72 -> 0 | AQ5: =IF(OR(AP5="TC",AP5="MT"),'CARGA DOCENTE'!$A72," ") | AR5: =IF(OR(AP5="TC",AP5="MT"),'CARGA DOCENTE'!$B72," ") | AS5: =IF(OR(AP5="TC",AP5="MT"),'CARGA DOCENTE'!$C72," ") | AT5: =IF(OR(AP5="TC",AP5="MT"),'CARGA DOCENTE'!$G72," ") | AU5: ='CARGA DOCENTE'!$H73 -> 0 | AV5: =IF(OR(AU5="TC",AU5="MT"),'CARGA DOCENTE'!$A73," ") | AW5: =IF(OR(AU5="TC",AU5="MT"),'CARGA DOCENTE'!$B73," ") | AX5: =IF(OR(AU5="TC",AU5="MT"),'CARGA DOCENTE'!$C73," ") | AY5: =IF(OR(AU5="TC",AU5="MT"),'CARGA DOCENTE'!$G73," ") | AZ5: ='CARGA DOCENTE'!$H74 -> 0 | BA5: =IF(OR(AZ5="TC",AZ5="MT"),'CARGA DOCENTE'!$A74," ") | BB5: =IF(OR(AZ5="TC",AZ5="MT"),'CARGA DOCENTE'!$B74," ") | BC5: =IF(OR(AZ5="TC",AZ5="MT"),'CARGA DOCENTE'!$C74," ") | BD5: =IF(OR(AZ5="TC",AZ5="MT"),'CARGA DOCENTE'!$G74," ") | BE5: ='CARGA DOCENTE'!$H75 -> 0 | BF5: =IF(OR(BE5="TC",BE5="MT"),'CARGA DOCENTE'!$A75," ") | BG5: =IF(OR(BE5="TC",BE5="MT"),'CARGA DOCENTE'!$B75," ") | BH5: =IF(OR(BE5="TC",BE5="MT"),'CARGA DOCENTE'!$C75," ") | BI5: =IF(OR(BE5="TC",BE5="MT"),'CARGA DOCENTE'!$G75," ") | BJ5: ='CARGA DOCENTE'!$H76 -> 0 | BK5: =IF(OR(BJ5="TC",BJ5="MT"),'CARGA DOCENTE'!$A76," ") | BL5: =IF(OR(BJ5="TC",BJ5="MT"),'CARGA DOCENTE'!$B76," ") | BM5: =IF(OR(BJ5="TC",BJ5="MT"),'CARGA DOCENTE'!$C76," ") | BN5: =IF(OR(BJ5="TC",BJ5="MT"),'CARGA DOCENTE'!$G76," ") | BO5: ='CARGA DOCENTE'!$H77 -> 0 | BP5: =IF(OR(BO5="TC",BO5="MT"),'CARGA DOCENTE'!$A77," ") | BQ5: =IF(OR(BO5="TC",BO5="MT"),'CARGA DOCENTE'!$B77," ") | BR5: =IF(OR(BO5="TC",BO5="MT"),'CARGA DOCENTE'!$C77," ") | BS5: =IF(OR(BO5="TC",BO5="MT"),'CARGA DOCENTE'!$G77," ") | BT5: ='CARGA DOCENTE'!$H78 -> 0 | BU5: =IF(OR(BT5="TC",BT5="MT"),'CARGA DOCENTE'!$A78," ") | BV5: =IF(OR(BT5="TC",BT5="MT"),'CARGA DOCENTE'!$B78," ") | BW5: =IF(OR(BT5="TC",BT5="MT"),'CARGA DOCENTE'!$C78," ") | BX5: =IF(OR(BT5="TC",BT5="MT"),'CARGA DOCENTE'!$G78," ")
A6: ='CARGA DOCENTE'!J82 -> 0 | B6: ='CARGA DOCENTE'!$H82 -> 0 | C6: =IF(OR(B6="TC",B6="MT"),'CARGA DOCENTE'!$A82," ") | D6: =IF(OR(B6="TC",B6="MT"),'CARGA DOCENTE'!$B82," ") | E6: =IF(OR(B6="TC",B6="MT"),'CARGA DOCENTE'!$C82," ") | F6: =IF(OR(B6="TC",B6="MT"),'CARGA DOCENTE'!$G82," ") | G6: ='CARGA DOCENTE'!$H83 -> 0 | H6: =IF(OR(G6="TC",G6="MT"),'CARGA DOCENTE'!$A83," ") | I6: =IF(OR(G6="TC",G6="MT"),'CARGA DOCENTE'!$B83," ") | J6: =IF(OR(G6="TC",G6="MT"),'CARGA DOCENTE'!$C83," ") | K6: =IF(OR(G6="TC",G6="MT"),'CARGA DOCENTE'!$G83," ") | L6: ='CARGA DOCENTE'!$H84 -> 0 | M6: =IF(OR(L6="TC",L6="MT"),'CARGA DOCENTE'!$A84," ") | N6: =IF(OR(L6="TC",L6="MT"),'CARGA DOCENTE'!$B84," ") | O6: =IF(OR(L6="TC",L6="MT"),'CARGA DOCENTE'!$C84," ") | P6: =IF(OR(L6="TC",L6="MT"),'CARGA DOCENTE'!$G84," ") | Q6: ='CARGA DOCENTE'!$H85 -> 0 | R6: =IF(OR(Q6="TC",Q6="MT"),'CARGA DOCENTE'!$A85," ") | S6: =IF(OR(Q6="TC",Q6="MT"),'CARGA DOCENTE'!$B85," ") | T6: =IF(OR(Q6="TC",Q6="MT"),'CARGA DOCENTE'!$C85," ") | U6: =IF(OR(Q6="TC",Q6="MT"),'CARGA DOCENTE'!$G85," ") | V6: ='CARGA DOCENTE'!$H86 -> 0 | W6: =IF(OR(V6="TC",V6="MT"),'CARGA DOCENTE'!$A86," ") | X6: =IF(OR(V6="TC",V6="MT"),'CARGA DOCENTE'!$B86," ") | Y6: =IF(OR(V6="TC",V6="MT"),'CARGA DOCENTE'!$C86," ") | Z6: =IF(OR(V6="TC",V6="MT"),'CARGA DOCENTE'!$G86," ") | AA6: ='CARGA DOCENTE'!$H87 -> 0 | AB6: =IF(OR(AA6="TC",AA6="MT"),'CARGA DOCENTE'!$A87," ") | AC6: =IF(OR(AA6="TC",AA6="MT"),'CARGA DOCENTE'!$B87," ") | AD6: =IF(OR(AA6="TC",AA6="MT"),'CARGA DOCENTE'!$C87," ") | AE6: =IF(OR(AA6="TC",AA6="MT"),'CARGA DOCENTE'!$G87," ") | AF6: ='CARGA DOCENTE'!$H88 -> 0 | AG6: =IF(OR(AF6="TC",AF6="MT"),'CARGA DOCENTE'!$A88," ") | AH6: =IF(OR(AF6="TC",AF6="MT"),'CARGA DOCENTE'!$B88," ") | AI6: =IF(OR(AF6="TC",AF6="MT"),'CARGA DOCENTE'!$C88," ") | AJ6: =IF(OR(AF6="TC",AF6="MT"),'CARGA DOCENTE'!$G88," ") | AK6: ='CARGA DOCENTE'!$H89 -> 0 | AL6: =IF(OR(AK6="TC",AK6="MT"),'CARGA DOCENTE'!$A89," ") | AM6: =IF(OR(AK6="TC",AK6="MT"),'CARGA DOCENTE'!$B89," ") | AN6: =IF(OR(AK6="TC",AK6="MT"),'CARGA DOCENTE'!$C89," ") | AO6: =IF(OR(AK6="TC",AK6="MT"),'CARGA DOCENTE'!$G89," ") | AP6: ='CARGA DOCENTE'!$H90 -> 0 | AQ6: =IF(OR(AP6="TC",AP6="MT"),'CARGA DOCENTE'!$A90," ") | AR6: =IF(OR(AP6="TC",AP6="MT"),'CARGA DOCENTE'!$B90," ") | AS6: =IF(OR(AP6="TC",AP6="MT"),'CARGA DOCENTE'!$C90," ") | AT6: =IF(OR(AP6="TC",AP6="MT"),'CARGA DOCENTE'!$G90," ") | AU6: ='CARGA DOCENTE'!$H91 -> 0 | AV6: =IF(OR(AU6="TC",AU6="MT"),'CARGA DOCENTE'!$A91," ") | AW6: =IF(OR(AU6="TC",AU6="MT"),'CARGA DOCENTE'!$B91," ") | AX6: =IF(OR(AU6="TC",AU6="MT"),'CARGA DOCENTE'!$C91," ") | AY6: =IF(OR(AU6="TC",AU6="MT"),'CARGA DOCENTE'!$G91," ") | AZ6: ='CARGA DOCENTE'!$H92 -> 0 | BA6: =IF(OR(AZ6="TC",AZ6="MT"),'CARGA DOCENTE'!$A92," ") | BB6: =IF(OR(AZ6="TC",AZ6="MT"),'CARGA DOCENTE'!$B92," ") | BC6: =IF(OR(AZ6="TC",AZ6="MT"),'CARGA DOCENTE'!$C92," ") | BD6: =IF(OR(AZ6="TC",AZ6="MT"),'CARGA DOCENTE'!$G92," ") | BE6: ='CARGA DOCENTE'!$H93 -> 0 | BF6: =IF(OR(BE6="TC",BE6="MT"),'CARGA DOCENTE'!$A93," ") | BG6: =IF(OR(BE6="TC",BE6="MT"),'CARGA DOCENTE'!$B93," ") | BH6: =IF(OR(BE6="TC",BE6="MT"),'CARGA DOCENTE'!$C93," ") | BI6: =IF(OR(BE6="TC",BE6="MT"),'CARGA DOCENTE'!$G93," ") | BJ6: ='CARGA DOCENTE'!$H94 -> 0 | BK6: =IF(OR(BJ6="TC",BJ6="MT"),'CARGA DOCENTE'!$A94," ") | BL6: =IF(OR(BJ6="TC",BJ6="MT"),'CARGA DOCENTE'!$B94," ") | BM6: =IF(OR(BJ6="TC",BJ6="MT"),'CARGA DOCENTE'!$C94," ") | BN6: =IF(OR(BJ6="TC",BJ6="MT"),'CARGA DOCENTE'!$G94," ") | BO6: ='CARGA DOCENTE'!$H95 -> 0 | BP6: =IF(OR(BO6="TC",BO6="MT"),'CARGA DOCENTE'!$A95," ") | BQ6: =IF(OR(BO6="TC",BO6="MT"),'CARGA DOCENTE'!$B95," ") | BR6: =IF(OR(BO6="TC",BO6="MT"),'CARGA DOCENTE'!$C95," ") | BS6: =IF(OR(BO6="TC",BO6="MT"),'CARGA DOCENTE'!$G95," ") | BT6: ='CARGA DOCENTE'!$H96 -> 0 | BU6: =IF(OR(BT6="TC",BT6="MT"),'CARGA DOCENTE'!$A96," ") | BV6: =IF(OR(BT6="TC",BT6="MT"),'CARGA DOCENTE'!$B96," ") | BW6: =IF(OR(BT6="TC",BT6="MT"),'CARGA DOCENTE'!$C96," ") | BX6: =IF(OR(BT6="TC",BT6="MT"),'CARGA DOCENTE'!$G96," ")
A7: ='CARGA DOCENTE'!J100 -> 0 | B7: ='CARGA DOCENTE'!$H100 -> 0 | C7: =IF(OR(B7="TC",B7="MT"),'CARGA DOCENTE'!$A100," ") | D7: =IF(OR(B7="TC",B7="MT"),'CARGA DOCENTE'!$B100," ") | E7: =IF(OR(B7="TC",B7="MT"),'CARGA DOCENTE'!$C100," ") | F7: =IF(OR(B7="TC",B7="MT"),'CARGA DOCENTE'!$G100," ") | G7: ='CARGA DOCENTE'!$H101 -> 0 | H7: =IF(OR(G7="TC",G7="MT"),'CARGA DOCENTE'!$A101," ") | I7: =IF(OR(G7="TC",G7="MT"),'CARGA DOCENTE'!$B101," ") | J7: =IF(OR(G7="TC",G7="MT"),'CARGA DOCENTE'!$C101," ") | K7: =IF(OR(G7="TC",G7="MT"),'CARGA DOCENTE'!$G101," ") | L7: ='CARGA DOCENTE'!$H102 -> 0 | M7: =IF(OR(L7="TC",L7="MT"),'CARGA DOCENTE'!$A102," ") | N7: =IF(OR(L7="TC",L7="MT"),'CARGA DOCENTE'!$B102," ") | O7: =IF(OR(L7="TC",L7="MT"),'CARGA DOCENTE'!$C102," ") | P7: =IF(OR(L7="TC",L7="MT"),'CARGA DOCENTE'!$G102," ") | Q7: ='CARGA DOCENTE'!$H103 -> 0 | R7: =IF(OR(Q7="TC",Q7="MT"),'CARGA DOCENTE'!$A103," ") | S7: =IF(OR(Q7="TC",Q7="MT"),'CARGA DOCENTE'!$B103," ") | T7: =IF(OR(Q7="TC",Q7="MT"),'CARGA DOCENTE'!$C103," ") | U7: =IF(OR(Q7="TC",Q7="MT"),'CARGA DOCENTE'!$G103," ") | V7: ='CARGA DOCENTE'!$H104 -> 0 | W7: =IF(OR(V7="TC",V7="MT"),'CARGA DOCENTE'!$A104," ") | X7: =IF(OR(V7="TC",V7="MT"),'CARGA DOCENTE'!$B104," ") | Y7: =IF(OR(V7="TC",V7="MT"),'CARGA DOCENTE'!$C104," ") | Z7: =IF(OR(V7="TC",V7="MT"),'CARGA DOCENTE'!$G104," ") | AA7: ='CARGA DOCENTE'!$H105 -> 0 | AB7: =IF(OR(AA7="TC",AA7="MT"),'CARGA DOCENTE'!$A105," ") | AC7: =IF(OR(AA7="TC",AA7="MT"),'CARGA DOCENTE'!$B105," ") | AD7: =IF(OR(AA7="TC",AA7="MT"),'CARGA DOCENTE'!$C105," ") | AE7: =IF(OR(AA7="TC",AA7="MT"),'CARGA DOCENTE'!$G105," ") | AF7: ='CARGA DOCENTE'!$H106 -> 0 | AG7: =IF(OR(AF7="TC",AF7="MT"),'CARGA DOCENTE'!$A106," ") | AH7: =IF(OR(AF7="TC",AF7="MT"),'CARGA DOCENTE'!$B106," ") | AI7: =IF(OR(AF7="TC",AF7="MT"),'CARGA DOCENTE'!$C106," ") | AJ7: =IF(OR(AF7="TC",AF7="MT"),'CARGA DOCENTE'!$G106," ") | AK7: ='CARGA DOCENTE'!$H107 -> 0 | AL7: =IF(OR(AK7="TC",AK7="MT"),'CARGA DOCENTE'!$A107," ") | AM7: =IF(OR(AK7="TC",AK7="MT"),'CARGA DOCENTE'!$B107," ") | AN7: =IF(OR(AK7="TC",AK7="MT"),'CARGA DOCENTE'!$C107," ") | AO7: =IF(OR(AK7="TC",AK7="MT"),'CARGA DOCENTE'!$G107," ") | AP7: ='CARGA DOCENTE'!$H108 -> 0 | AQ7: =IF(OR(AP7="TC",AP7="MT"),'CARGA DOCENTE'!$A108," ") | AR7: =IF(OR(AP7="TC",AP7="MT"),'CARGA DOCENTE'!$B108," ") | AS7: =IF(OR(AP7="TC",AP7="MT"),'CARGA DOCENTE'!$C108," ") | AT7: =IF(OR(AP7="TC",AP7="MT"),'CARGA DOCENTE'!$G108," ") | AU7: ='CARGA DOCENTE'!$H109 -> 0 | AV7: =IF(OR(AU7="TC",AU7="MT"),'CARGA DOCENTE'!$A109," ") | AW7: =IF(OR(AU7="TC",AU7="MT"),'CARGA DOCENTE'!$B109," ") | AX7: =IF(OR(AU7="TC",AU7="MT"),'CARGA DOCENTE'!$C109," ") | AY7: =IF(OR(AU7="TC",AU7="MT"),'CARGA DOCENTE'!$G109," ") | AZ7: ='CARGA DOCENTE'!$H110 -> 0 | BA7: =IF(OR(AZ7="TC",AZ7="MT"),'CARGA DOCENTE'!$A110," ") | BB7: =IF(OR(AZ7="TC",AZ7="MT"),'CARGA DOCENTE'!$B110," ") | BC7: =IF(OR(AZ7="TC",AZ7="MT"),'CARGA DOCENTE'!$C110," ") | BD7: =IF(OR(AZ7="TC",AZ7="MT"),'CARGA DOCENTE'!$G110," ") | BE7: ='CARGA DOCENTE'!$H111 -> 0 | BF7: =IF(OR(BE7="TC",BE7="MT"),'CARGA DOCENTE'!$A111," ") | BG7: =IF(OR(BE7="TC",BE7="MT"),'CARGA DOCENTE'!$B111," ") | BH7: =IF(OR(BE7="TC",BE7="MT"),'CARGA DOCENTE'!$C111," ") | BI7: =IF(OR(BE7="TC",BE7="MT"),'CARGA DOCENTE'!$G111," ") | BJ7: ='CARGA DOCENTE'!$H112 -> 0 | BK7: =IF(OR(BJ7="TC",BJ7="MT"),'CARGA DOCENTE'!$A112," ") | BL7: =IF(OR(BJ7="TC",BJ7="MT"),'CARGA DOCENTE'!$B112," ") | BM7: =IF(OR(BJ7="TC",BJ7="MT"),'CARGA DOCENTE'!$C112," ") | BN7: =IF(OR(BJ7="TC",BJ7="MT"),'CARGA DOCENTE'!$G112," ") | BO7: ='CARGA DOCENTE'!$H113 -> 0 | BP7: =IF(OR(BO7="TC",BO7="MT"),'CARGA DOCENTE'!$A113," ") | BQ7: =IF(OR(BO7="TC",BO7="MT"),'CARGA DOCENTE'!$B113," ") | BR7: =IF(OR(BO7="TC",BO7="MT"),'CARGA DOCENTE'!$C113," ") | BS7: =IF(OR(BO7="TC",BO7="MT"),'CARGA DOCENTE'!$G113," ") | BT7: ='CARGA DOCENTE'!$H114 -> 0 | BU7: =IF(OR(BT7="TC",BT7="MT"),'CARGA DOCENTE'!$A114," ") | BV7: =IF(OR(BT7="TC",BT7="MT"),'CARGA DOCENTE'!$B114," ") | BW7: =IF(OR(BT7="TC",BT7="MT"),'CARGA DOCENTE'!$C114," ") | BX7: =IF(OR(BT7="TC",BT7="MT"),'CARGA DOCENTE'!$G114," ")
A8: ='CARGA DOCENTE'!J118 -> 0 | B8: ='CARGA DOCENTE'!$H118 -> 0 | C8: =IF(OR(B8="TC",B8="MT"),'CARGA DOCENTE'!$A118," ") | D8: =IF(OR(B8="TC",B8="MT"),'CARGA DOCENTE'!$B118," ") | E8: =IF(OR(B8="TC",B8="MT"),'CARGA DOCENTE'!$C118," ") | F8: =IF(OR(B8="TC",B8="MT"),'CARGA DOCENTE'!$G118," ") | G8: ='CARGA DOCENTE'!$H119 -> 0 | H8: =IF(OR(G8="TC",G8="MT"),'CARGA DOCENTE'!$A119," ") | I8: =IF(OR(G8="TC",G8="MT"),'CARGA DOCENTE'!$B119," ") | J8: =IF(OR(G8="TC",G8="MT"),'CARGA DOCENTE'!$C119," ") | K8: =IF(OR(G8="TC",G8="MT"),'CARGA DOCENTE'!$G119," ") | L8: ='CARGA DOCENTE'!$H120 -> 0 | M8: =IF(OR(L8="TC",L8="MT"),'CARGA DOCENTE'!$A120," ") | N8: =IF(OR(L8="TC",L8="MT"),'CARGA DOCENTE'!$B120," ") | O8: =IF(OR(L8="TC",L8="MT"),'CARGA DOCENTE'!$C120," ") | P8: =IF(OR(L8="TC",L8="MT"),'CARGA DOCENTE'!$G120," ") | Q8: ='CARGA DOCENTE'!$H121 -> 0 | R8: =IF(OR(Q8="TC",Q8="MT"),'CARGA DOCENTE'!$A121," ") | S8: =IF(OR(Q8="TC",Q8="MT"),'CARGA DOCENTE'!$B121," ") | T8: =IF(OR(Q8="TC",Q8="MT"),'CARGA DOCENTE'!$C121," ") | U8: =IF(OR(Q8="TC",Q8="MT"),'CARGA DOCENTE'!$G121," ") | V8: ='CARGA DOCENTE'!$H122 -> 0 | W8: =IF(OR(V8="TC",V8="MT"),'CARGA DOCENTE'!$A122," ") | X8: =IF(OR(V8="TC",V8="MT"),'CARGA DOCENTE'!$B122," ") | Y8: =IF(OR(V8="TC",V8="MT"),'CARGA DOCENTE'!$C122," ") | Z8: =IF(OR(V8="TC",V8="MT"),'CARGA DOCENTE'!$G122," ") | AA8: ='CARGA DOCENTE'!$H123 -> 0 | AB8: =IF(OR(AA8="TC",AA8="MT"),'CARGA DOCENTE'!$A123," ") | AC8: =IF(OR(AA8="TC",AA8="MT"),'CARGA DOCENTE'!$B123," ") | AD8: =IF(OR(AA8="TC",AA8="MT"),'CARGA DOCENTE'!$C123," ") | AE8: =IF(OR(AA8="TC",AA8="MT"),'CARGA DOCENTE'!$G123," ") | AF8: ='CARGA DOCENTE'!$H124 -> 0 | AG8: =IF(OR(AF8="TC",AF8="MT"),'CARGA DOCENTE'!$A114," ") | AH8: =IF(OR(AF8="TC",AF8="MT"),'CARGA DOCENTE'!$B114," ") | AI8: =IF(OR(AF8="TC",AF8="MT"),'CARGA DOCENTE'!$C114," ") | AJ8: =IF(OR(AF8="TC",AF8="MT"),'CARGA DOCENTE'!$G114," ") | AK8: ='CARGA DOCENTE'!$H125 -> 0 | AL8: =IF(OR(AK8="TC",AK8="MT"),'CARGA DOCENTE'!$A125," ") | AM8: =IF(OR(AK8="TC",AK8="MT"),'CARGA DOCENTE'!$B125," ") | AN8: =IF(OR(AK8="TC",AK8="MT"),'CARGA DOCENTE'!$C125," ") | AO8: =IF(OR(AK8="TC",AK8="MT"),'CARGA DOCENTE'!$G125," ") | AP8: ='CARGA DOCENTE'!$H126 -> 0 | AQ8: =IF(OR(AP8="TC",AP8="MT"),'CARGA DOCENTE'!$A126," ") | AR8: =IF(OR(AP8="TC",AP8="MT"),'CARGA DOCENTE'!$B126," ") | AS8: =IF(OR(AP8="TC",AP8="MT"),'CARGA DOCENTE'!$C126," ") | AT8: =IF(OR(AP8="TC",AP8="MT"),'CARGA DOCENTE'!$G126," ") | AU8: ='CARGA DOCENTE'!$H127 -> 0 | AV8: =IF(OR(AU8="TC",AU8="MT"),'CARGA DOCENTE'!$A127," ") | AW8: =IF(OR(AU8="TC",AU8="MT"),'CARGA DOCENTE'!$B127," ") | AX8: =IF(OR(AU8="TC",AU8="MT"),'CARGA DOCENTE'!$C127," ") | AY8: =IF(OR(AU8="TC",AU8="MT"),'CARGA DOCENTE'!$G127," ") | AZ8: ='CARGA DOCENTE'!$H128 -> 0 | BA8: =IF(OR(AZ8="TC",AZ8="MT"),'CARGA DOCENTE'!$A128," ") | BB8: =IF(OR(AZ8="TC",AZ8="MT"),'CARGA DOCENTE'!$B128," ") | BC8: =IF(OR(AZ8="TC",AZ8="MT"),'CARGA DOCENTE'!$C128," ") | BD8: =IF(OR(AZ8="TC",AZ8="MT"),'CARGA DOCENTE'!$G128," ") | BE8: ='CARGA DOCENTE'!$H129 -> 0 | BF8: =IF(OR(BE8="TC",BE8="MT"),'CARGA DOCENTE'!$A129," ") | BG8: =IF(OR(BE8="TC",BE8="MT"),'CARGA DOCENTE'!$B129," ") | BH8: =IF(OR(BE8="TC",BE8="MT"),'CARGA DOCENTE'!$C129," ") | BI8: =IF(OR(BE8="TC",BE8="MT"),'CARGA DOCENTE'!$G129," ") | BJ8: ='CARGA DOCENTE'!$H130 -> 0 | BK8: =IF(OR(BJ8="TC",BJ8="MT"),'CARGA DOCENTE'!$A130," ") | BL8: =IF(OR(BJ8="TC",BJ8="MT"),'CARGA DOCENTE'!$B130," ") | BM8: =IF(OR(BJ8="TC",BJ8="MT"),'CARGA DOCENTE'!$C130," ") | BN8: =IF(OR(BJ8="TC",BJ8="MT"),'CARGA DOCENTE'!$G130," ") | BO8: ='CARGA DOCENTE'!$H131 -> 0 | BP8: =IF(OR(BO8="TC",BO8="MT"),'CARGA DOCENTE'!$A131," ") | BQ8: =IF(OR(BO8="TC",BO8="MT"),'CARGA DOCENTE'!$B131," ") | BR8: =IF(OR(BO8="TC",BO8="MT"),'CARGA DOCENTE'!$C131," ") | BS8: =IF(OR(BO8="TC",BO8="MT"),'CARGA DOCENTE'!$G131," ") | BT8: ='CARGA DOCENTE'!$H132 -> 0 | BU8: =IF(OR(BT8="TC",BT8="MT"),'CARGA DOCENTE'!$A132," ") | BV8: =IF(OR(BT8="TC",BT8="MT"),'CARGA DOCENTE'!$B132," ") | BW8: =IF(OR(BT8="TC",BT8="MT"),'CARGA DOCENTE'!$C132," ") | BX8: =IF(OR(BT8="TC",BT8="MT"),'CARGA DOCENTE'!$G132," ")
A9: ='CARGA DOCENTE'!J136 -> 0 | B9: ='CARGA DOCENTE'!$H136 -> 0 | C9: =IF(OR(B9="TC",B9="MT"),'CARGA DOCENTE'!$A136," ") | D9: =IF(OR(B9="TC",B9="MT"),'CARGA DOCENTE'!$B136," ") | E9: =IF(OR(B9="TC",B9="MT"),'CARGA DOCENTE'!$C136," ") | F9: =IF(OR(B9="TC",B9="MT"),'CARGA DOCENTE'!$G136," ") | G9: ='CARGA DOCENTE'!$H137 -> 0 | H9: =IF(OR(G9="TC",G9="MT"),'CARGA DOCENTE'!$A137," ") | I9: =IF(OR(G9="TC",G9="MT"),'CARGA DOCENTE'!$B137," ") | J9: =IF(OR(G9="TC",G9="MT"),'CARGA DOCENTE'!$C137," ") | K9: =IF(OR(G9="TC",G9="MT"),'CARGA DOCENTE'!$G137," ") | L9: ='CARGA DOCENTE'!$H138 -> 0 | M9: =IF(OR(L9="TC",L9="MT"),'CARGA DOCENTE'!$A138," ") | N9: =IF(OR(L9="TC",L9="MT"),'CARGA DOCENTE'!$B138," ") | O9: =IF(OR(L9="TC",L9="MT"),'CARGA DOCENTE'!$C138," ") | P9: =IF(OR(L9="TC",L9="MT"),'CARGA DOCENTE'!$G138," ") | Q9: ='CARGA DOCENTE'!$H139 -> 0 | R9: =IF(OR(Q9="TC",Q9="MT"),'CARGA DOCENTE'!$A139," ") | S9: =IF(OR(Q9="TC",Q9="MT"),'CARGA DOCENTE'!$B139," ") | T9: =IF(OR(Q9="TC",Q9="MT"),'CARGA DOCENTE'!$C139," ") | U9: =IF(OR(Q9="TC",Q9="MT"),'CARGA DOCENTE'!$G139," ") | V9: ='CARGA DOCENTE'!$H140 -> 0 | W9: =IF(OR(V9="TC",V9="MT"),'CARGA DOCENTE'!$A140," ") | X9: =IF(OR(V9="TC",V9="MT"),'CARGA DOCENTE'!$B140," ") | Y9: =IF(OR(V9="TC",V9="MT"),'CARGA DOCENTE'!$C140," ") | Z9: =IF(OR(V9="TC",V9="MT"),'CARGA DOCENTE'!$G140," ") | AA9: ='CARGA DOCENTE'!$H141 -> 0 | AB9: =IF(OR(AA9="TC",AA9="MT"),'CARGA DOCENTE'!$A141," ") | AC9: =IF(OR(AA9="TC",AA9="MT"),'CARGA DOCENTE'!$B141," ") | AD9: =IF(OR(AA9="TC",AA9="MT"),'CARGA DOCENTE'!$C141," ") | AE9: =IF(OR(AA9="TC",AA9="MT"),'CARGA DOCENTE'!$G141," ") | AF9: ='CARGA DOCENTE'!$H142 -> 0 | AG9: =IF(OR(AF9="TC",AF9="MT"),'CARGA DOCENTE'!$A142," ") | AH9: =IF(OR(AF9="TC",AF9="MT"),'CARGA DOCENTE'!$B142," ") | AI9: =IF(OR(AF9="TC",AF9="MT"),'CARGA DOCENTE'!$C142," ") | AJ9: =IF(OR(AF9="TC",AF9="MT"),'CARGA DOCENTE'!$G142," ") | AK9: ='CARGA DOCENTE'!$H143 -> 0 | AL9: =IF(OR(AK9="TC",AK9="MT"),'CARGA DOCENTE'!$A143," ") | AM9: =IF(OR(AK9="TC",AK9="MT"),'CARGA DOCENTE'!$B143," ") | AN9: =IF(OR(AK9="TC",AK9="MT"),'CARGA DOCENTE'!$C143," ") | AO9: =IF(OR(AK9="TC",AK9="MT"),'CARGA DOCENTE'!$G143," ") | AP9: ='CARGA DOCENTE'!$H144 -> 0 | AQ9: =IF(OR(AP9="TC",AP9="MT"),'CARGA DOCENTE'!$A144," ") | AR9: =IF(OR(AP9="TC",AP9="MT"),'CARGA DOCENTE'!$B144," ") | AS9: =IF(OR(AP9="TC",AP9="MT"),'CARGA DOCENTE'!$C144," ") | AT9: =IF(OR(AP9="TC",AP9="MT"),'CARGA DOCENTE'!$G144," ") | AU9: ='CARGA DOCENTE'!$H145 -> 0 | AV9: =IF(OR(AU9="TC",AU9="MT"),'CARGA DOCENTE'!$A145," ") | AW9: =IF(OR(AU9="TC",AU9="MT"),'CARGA DOCENTE'!$B145," ") | AX9: =IF(OR(AU9="TC",AU9="MT"),'CARGA DOCENTE'!$C145," ") | AY9: =IF(OR(AU9="TC",AU9="MT"),'CARGA DOCENTE'!$G145," ") | AZ9: ='CARGA DOCENTE'!$H146 -> 0 | BA9: =IF(OR(AZ9="TC",AZ9="MT"),'CARGA DOCENTE'!$A146," ") | BB9: =IF(OR(AZ9="TC",AZ9="MT"),'CARGA DOCENTE'!$B146," ") | BC9: =IF(OR(AZ9="TC",AZ9="MT"),'CARGA DOCENTE'!$C146," ") | BD9: =IF(OR(AZ9="TC",AZ9="MT"),'CARGA DOCENTE'!$G146," ") | BE9: ='CARGA DOCENTE'!$H147 -> 0 | BF9: =IF(OR(BE9="TC",BE9="MT"),'CARGA DOCENTE'!$A147," ") | BG9: =IF(OR(BE9="TC",BE9="MT"),'CARGA DOCENTE'!$B147," ") | BH9: =IF(OR(BE9="TC",BE9="MT"),'CARGA DOCENTE'!$C147," ") | BI9: =IF(OR(BE9="TC",BE9="MT"),'CARGA DOCENTE'!$G147," ") | BJ9: ='CARGA DOCENTE'!$H148 -> 0 | BK9: =IF(OR(BJ9="TC",BJ9="MT"),'CARGA DOCENTE'!$A148," ") | BL9: =IF(OR(BJ9="TC",BJ9="MT"),'CARGA DOCENTE'!$B148," ") | BM9: =IF(OR(BJ9="TC",BJ9="MT"),'CARGA DOCENTE'!$C148," ") | BN9: =IF(OR(BJ9="TC",BJ9="MT"),'CARGA DOCENTE'!$G148," ") | BO9: ='CARGA DOCENTE'!$H149 -> 0 | BP9: =IF(OR(BO9="TC",BO9="MT"),'CARGA DOCENTE'!$A149," ") | BQ9: =IF(OR(BO9="TC",BO9="MT"),'CARGA DOCENTE'!$B149," ") | BR9: =IF(OR(BO9="TC",BO9="MT"),'CARGA DOCENTE'!$C149," ") | BS9: =IF(OR(BO9="TC",BO9="MT"),'CARGA DOCENTE'!$G149," ") | BT9: ='CARGA DOCENTE'!$H150 -> 0 | BU9: =IF(OR(BT9="TC",BT9="MT"),'CARGA DOCENTE'!$A150," ") | BV9: =IF(OR(BT9="TC",BT9="MT"),'CARGA DOCENTE'!$B150," ") | BW9: =IF(OR(BT9="TC",BT9="MT"),'CARGA DOCENTE'!$C150," ") | BX9: =IF(OR(BT9="TC",BT9="MT"),'CARGA DOCENTE'!$G150," ")
A10: ='CARGA DOCENTE'!J154 -> 0 | B10: ='CARGA DOCENTE'!$H154 -> 0 | C10: =IF(OR(B10="TC",B10="MT"),'CARGA DOCENTE'!$A154," ") | D10: =IF(OR(B10="TC",B10="MT"),'CARGA DOCENTE'!$B154," ") | E10: =IF(OR(B10="TC",B10="MT"),'CARGA DOCENTE'!$C154," ") | F10: =IF(OR(B10="TC",B10="MT"),'CARGA DOCENTE'!$G154," ") | G10: ='CARGA DOCENTE'!$H155 -> 0 | H10: =IF(OR(G10="TC",G10="MT"),'CARGA DOCENTE'!$A155," ") | I10: =IF(OR(G10="TC",G10="MT"),'CARGA DOCENTE'!$B155," ") | J10: =IF(OR(G10="TC",G10="MT"),'CARGA DOCENTE'!$C155," ") | K10: =IF(OR(G10="TC",G10="MT"),'CARGA DOCENTE'!$G155," ") | L10: ='CARGA DOCENTE'!$H156 -> 0 | M10: =IF(OR(L10="TC",L10="MT"),'CARGA DOCENTE'!$A156," ") | N10: =IF(OR(L10="TC",L10="MT"),'CARGA DOCENTE'!$B156," ") | O10: =IF(OR(L10="TC",L10="MT"),'CARGA DOCENTE'!$C156," ") | P10: =IF(OR(L10="TC",L10="MT"),'CARGA DOCENTE'!$G156," ") | Q10: ='CARGA DOCENTE'!$H157 -> 0 | R10: =IF(OR(Q10="TC",Q10="MT"),'CARGA DOCENTE'!$A157," ") | S10: =IF(OR(Q10="TC",Q10="MT"),'CARGA DOCENTE'!$B157," ") | T10: =IF(OR(Q10="TC",Q10="MT"),'CARGA DOCENTE'!$C157," ") | U10: =IF(OR(Q10="TC",Q10="MT"),'CARGA DOCENTE'!$G157," ") | V10: ='CARGA DOCENTE'!$H158 -> 0 | W10: =IF(OR(V10="TC",V10="MT"),'CARGA DOCENTE'!$A158," ") | X10: =IF(OR(V10="TC",V10="MT"),'CARGA DOCENTE'!$B158," ") | Y10: =IF(OR(V10="TC",V10="MT"),'CARGA DOCENTE'!$C158," ") | Z10: =IF(OR(V10="TC",V10="MT"),'CARGA DOCENTE'!$G158," ") | AA10: ='CARGA DOCENTE'!$H159 -> 0 | AB10: =IF(OR(AA10="TC",AA10="MT"),'CARGA DOCENTE'!$A159," ") | AC10: =IF(OR(AA10="TC",AA10="MT"),'CARGA DOCENTE'!$B159," ") | AD10: =IF(OR(AA10="TC",AA10="MT"),'CARGA DOCENTE'!$C159," ") | AE10: =IF(OR(AA10="TC",AA10="MT"),'CARGA DOCENTE'!$G159," ") | AF10: ='CARGA DOCENTE'!$H160 -> 0 | AG10: =IF(OR(AF10="TC",AF10="MT"),'CARGA DOCENTE'!$A160," ") | AH10: =IF(OR(AF10="TC",AF10="MT"),'CARGA DOCENTE'!$B160," ") | AI10: =IF(OR(AF10="TC",AF10="MT"),'CARGA DOCENTE'!$C160," ") | AJ10: =IF(OR(AF10="TC",AF10="MT"),'CARGA DOCENTE'!$G160," ") | AK10: ='CARGA DOCENTE'!$H161 -> 0 | AL10: =IF(OR(AK10="TC",AK10="MT"),'CARGA DOCENTE'!$A161," ") | AM10: =IF(OR(AK10="TC",AK10="MT"),'CARGA DOCENTE'!$B161," ") | AN10: =IF(OR(AK10="TC",AK10="MT"),'CARGA DOCENTE'!$C161," ") | AO10: =IF(OR(AK10="TC",AK10="MT"),'CARGA DOCENTE'!$G161," ") | AP10: ='CARGA DOCENTE'!$H162 -> 0 | AQ10: =IF(OR(AP10="TC",AP10="MT"),'CARGA DOCENTE'!$A162," ") | AR10: =IF(OR(AP10="TC",AP10="MT"),'CARGA DOCENTE'!$B162," ") | AS10: =IF(OR(AP10="TC",AP10="MT"),'CARGA DOCENTE'!$C162," ") | AT10: =IF(OR(AP10="TC",AP10="MT"),'CARGA DOCENTE'!$G162," ") | AU10: ='CARGA DOCENTE'!$H163 -> 0 | AV10: =IF(OR(AU10="TC",AU10="MT"),'CARGA DOCENTE'!$A163," ") | AW10: =IF(OR(AU10="TC",AU10="MT"),'CARGA DOCENTE'!$B163," ") | AX10: =IF(OR(AU10="TC",AU10="MT"),'CARGA DOCENTE'!$C163," ") | AY10: =IF(OR(AU10="TC",AU10="MT"),'CARGA DOCENTE'!$G163," ") | AZ10: ='CARGA DOCENTE'!$H164 -> 0 | BA10: =IF(OR(AZ10="TC",AZ10="MT"),'CARGA DOCENTE'!$A164," ") | BB10: =IF(OR(AZ10="TC",AZ10="MT"),'CARGA DOCENTE'!$B164," ") | BC10: =IF(OR(AZ10="TC",AZ10="MT"),'CARGA DOCENTE'!$C164," ") | BD10: =IF(OR(AZ10="TC",AZ10="MT"),'CARGA DOCENTE'!$G164," ") | BE10: ='CARGA DOCENTE'!$H165 -> 0 | BF10: =IF(OR(BE10="TC",BE10="MT"),'CARGA DOCENTE'!$A165," ") | BG10: =IF(OR(BE10="TC",BE10="MT"),'CARGA DOCENTE'!$B165," ") | BH10: =IF(OR(BE10="TC",BE10="MT"),'CARGA DOCENTE'!$C165," ") | BI10: =IF(OR(BE10="TC",BE10="MT"),'CARGA DOCENTE'!$G165," ") | BJ10: ='CARGA DOCENTE'!$H166 -> 0 | BK10: =IF(OR(BJ10="TC",BJ10="MT"),'CARGA DOCENTE'!$A166," ") | BL10: =IF(OR(BJ10="TC",BJ10="MT"),'CARGA DOCENTE'!$B166," ") | BM10: =IF(OR(BJ10="TC",BJ10="MT"),'CARGA DOCENTE'!$C166," ") | BN10: =IF(OR(BJ10="TC",BJ10="MT"),'CARGA DOCENTE'!$G166," ") | BO10: ='CARGA DOCENTE'!$H167 -> 0 | BP10: =IF(OR(BO10="TC",BO10="MT"),'CARGA DOCENTE'!$A167," ") | BQ10: =IF(OR(BO10="TC",BO10="MT"),'CARGA DOCENTE'!$B167," ") | BR10: =IF(OR(BO10="TC",BO10="MT"),'CARGA DOCENTE'!$C167," ") | BS10: =IF(OR(BO10="TC",BO10="MT"),'CARGA DOCENTE'!$G167," ") | BT10: ='CARGA DOCENTE'!$H168 -> 0 | BU10: =IF(OR(BT10="TC",BT10="MT"),'CARGA DOCENTE'!$A168," ") | BV10: =IF(OR(BT10="TC",BT10="MT"),'CARGA DOCENTE'!$B168," ") | BW10: =IF(OR(BT10="TC",BT10="MT"),'CARGA DOCENTE'!$C168," ") | BX10: =IF(OR(BT10="TC",BT10="MT"),'CARGA DOCENTE'!$G168," ")
A11: ='CARGA DOCENTE'!J172 -> 0 | B11: ='CARGA DOCENTE'!$H172 -> 0 | C11: =IF(OR(B11="TC",B11="MT"),'CARGA DOCENTE'!$A172," ") | D11: =IF(OR(B11="TC",B11="MT"),'CARGA DOCENTE'!$B172," ") | E11: =IF(OR(B11="TC",B11="MT"),'CARGA DOCENTE'!$C172," ") | F11: =IF(OR(B11="TC",B11="MT"),'CARGA DOCENTE'!$G172," ") | G11: ='CARGA DOCENTE'!$H173 -> 0 | H11: =IF(OR(G11="TC",G11="MT"),'CARGA DOCENTE'!$A173," ") | I11: =IF(OR(G11="TC",G11="MT"),'CARGA DOCENTE'!$B173," ") | J11: =IF(OR(G11="TC",G11="MT"),'CARGA DOCENTE'!$C173," ") | K11: =IF(OR(G11="TC",G11="MT"),'CARGA DOCENTE'!$G173," ") | L11: ='CARGA DOCENTE'!$H174 -> 0 | M11: =IF(OR(L11="TC",L11="MT"),'CARGA DOCENTE'!$A174," ") | N11: =IF(OR(L11="TC",L11="MT"),'CARGA DOCENTE'!$B174," ") | O11: =IF(OR(L11="TC",L11="MT"),'CARGA DOCENTE'!$C174," ") | P11: =IF(OR(L11="TC",L11="MT"),'CARGA DOCENTE'!$G174," ") | Q11: ='CARGA DOCENTE'!$H175 -> 0 | R11: =IF(OR(Q11="TC",Q11="MT"),'CARGA DOCENTE'!$A175," ") | S11: =IF(OR(Q11="TC",Q11="MT"),'CARGA DOCENTE'!$B175," ") | T11: =IF(OR(Q11="TC",Q11="MT"),'CARGA DOCENTE'!$C175," ") | U11: =IF(OR(Q11="TC",Q11="MT"),'CARGA DOCENTE'!$G175," ") | V11: ='CARGA DOCENTE'!$H176 -> 0 | W11: =IF(OR(V11="TC",V11="MT"),'CARGA DOCENTE'!$A176," ") | X11: =IF(OR(V11="TC",V11="MT"),'CARGA DOCENTE'!$B176," ") | Y11: =IF(OR(V11="TC",V11="MT"),'CARGA DOCENTE'!$C176," ") | Z11: =IF(OR(V11="TC",V11="MT"),'CARGA DOCENTE'!$G176," ") | AA11: ='CARGA DOCENTE'!$H177 -> 0 | AB11: =IF(OR(AA11="TC",AA11="MT"),'CARGA DOCENTE'!$A177," ") | AC11: =IF(OR(AA11="TC",AA11="MT"),'CARGA DOCENTE'!$B177," ") | AD11: =IF(OR(AA11="TC",AA11="MT"),'CARGA DOCENTE'!$C177," ") | AE11: =IF(OR(AA11="TC",AA11="MT"),'CARGA DOCENTE'!$G177," ") | AF11: ='CARGA DOCENTE'!$H178 -> 0 | AG11: =IF(OR(AF11="TC",AF11="MT"),'CARGA DOCENTE'!$A178," ") | AH11: =IF(OR(AF11="TC",AF11="MT"),'CARGA DOCENTE'!$B178," ") | AI11: =IF(OR(AF11="TC",AF11="MT"),'CARGA DOCENTE'!$C178," ") | AJ11: =IF(OR(AF11="TC",AF11="MT"),'CARGA DOCENTE'!$G178," ") | AK11: ='CARGA DOCENTE'!$H179 -> 0 | AL11: =IF(OR(AK11="TC",AK11="MT"),'CARGA DOCENTE'!$A179," ") | AM11: =IF(OR(AK11="TC",AK11="MT"),'CARGA DOCENTE'!$B179," ") | AN11: =IF(OR(AK11="TC",AK11="MT"),'CARGA DOCENTE'!$C179," ") | AO11: =IF(OR(AK11="TC",AK11="MT"),'CARGA DOCENTE'!$G179," ") | AP11: ='CARGA DOCENTE'!$H180 -> 0 | AQ11: =IF(OR(AP11="TC",AP11="MT"),'CARGA DOCENTE'!$A180," ") | AR11: =IF(OR(AP11="TC",AP11="MT"),'CARGA DOCENTE'!$B180," ") | AS11: =IF(OR(AP11="TC",AP11="MT"),'CARGA DOCENTE'!$C180," ") | AT11: =IF(OR(AP11="TC",AP11="MT"),'CARGA DOCENTE'!$G180," ") | AU11: ='CARGA DOCENTE'!$H181 -> 0 | AV11: =IF(OR(AU11="TC",AU11="MT"),'CARGA DOCENTE'!$A181," ") | AW11: =IF(OR(AU11="TC",AU11="MT"),'CARGA DOCENTE'!$B181," ") | AX11: =IF(OR(AU11="TC",AU11="MT"),'CARGA DOCENTE'!$C181," ") | AY11: =IF(OR(AU11="TC",AU11="MT"),'CARGA DOCENTE'!$G181," ") | AZ11: ='CARGA DOCENTE'!$H182 -> 0 | BA11: =IF(OR(AZ11="TC",AZ11="MT"),'CARGA DOCENTE'!$A182," ") | BB11: =IF(OR(AZ11="TC",AZ11="MT"),'CARGA DOCENTE'!$B182," ") | BC11: =IF(OR(AZ11="TC",AZ11="MT"),'CARGA DOCENTE'!$C182," ") | BD11: =IF(OR(AZ11="TC",AZ11="MT"),'CARGA DOCENTE'!$G182," ") | BE11: ='CARGA DOCENTE'!$H183 -> 0 | BF11: =IF(OR(BE11="TC",BE11="MT"),'CARGA DOCENTE'!$A183," ") | BG11: =IF(OR(BE11="TC",BE11="MT"),'CARGA DOCENTE'!$B183," ") | BH11: =IF(OR(BE11="TC",BE11="MT"),'CARGA DOCENTE'!$C183," ") | BI11: =IF(OR(BE11="TC",BE11="MT"),'CARGA DOCENTE'!$G183," ") | BJ11: ='CARGA DOCENTE'!$H184 -> 0 | BK11: =IF(OR(BJ11="TC",BJ11="MT"),'CARGA DOCENTE'!$A184," ") | BL11: =IF(OR(BJ11="TC",BJ11="MT"),'CARGA DOCENTE'!$B184," ") | BM11: =IF(OR(BJ11="TC",BJ11="MT"),'CARGA DOCENTE'!$C184," ") | BN11: =IF(OR(BJ11="TC",BJ11="MT"),'CARGA DOCENTE'!$G184," ") | BO11: ='CARGA DOCENTE'!$H185 -> 0 | BP11: =IF(OR(BO11="TC",BO11="MT"),'CARGA DOCENTE'!$A185," ") | BQ11: =IF(OR(BO11="TC",BO11="MT"),'CARGA DOCENTE'!$B185," ") | BR11: =IF(OR(BO11="TC",BO11="MT"),'CARGA DOCENTE'!$C185," ") | BS11: =IF(OR(BO11="TC",BO11="MT"),'CARGA DOCENTE'!$G185," ") | BT11: ='CARGA DOCENTE'!$H186 -> 0 | BU11: =IF(OR(BT11="TC",BT11="MT"),'CARGA DOCENTE'!$A186," ") | BV11: =IF(OR(BT11="TC",BT11="MT"),'CARGA DOCENTE'!$B186," ") | BW11: =IF(OR(BT11="TC",BT11="MT"),'CARGA DOCENTE'!$C186," ") | BX11: =IF(OR(BT11="TC",BT11="MT"),'CARGA DOCENTE'!$G186," ")
A12: ='CARGA DOCENTE'!J190 -> 0 | B12: ='CARGA DOCENTE'!$H190 -> 0 | C12: =IF(OR(B12="TC",B12="MT"),'CARGA DOCENTE'!$A190," ") | D12: =IF(OR(B12="TC",B12="MT"),'CARGA DOCENTE'!$B190," ") | E12: =IF(OR(B12="TC",B12="MT"),'CARGA DOCENTE'!$C190," ") | F12: =IF(OR(B12="TC",B12="MT"),'CARGA DOCENTE'!$G190," ") | G12: ='CARGA DOCENTE'!$H191 -> 0 | H12: =IF(OR(G12="TC",G12="MT"),'CARGA DOCENTE'!$A191," ") | I12: =IF(OR(G12="TC",G12="MT"),'CARGA DOCENTE'!$B191," ") | J12: =IF(OR(G12="TC",G12="MT"),'CARGA DOCENTE'!$C191," ") | K12: =IF(OR(G12="TC",G12="MT"),'CARGA DOCENTE'!$G191," ") | L12: ='CARGA DOCENTE'!$H192 -> 0 | M12: =IF(OR(L12="TC",L12="MT"),'CARGA DOCENTE'!$A192," ") | N12: =IF(OR(L12="TC",L12="MT"),'CARGA DOCENTE'!$B192," ") | O12: =IF(OR(L12="TC",L12="MT"),'CARGA DOCENTE'!$C192," ") | P12: =IF(OR(L12="TC",L12="MT"),'CARGA DOCENTE'!$G192," ") | Q12: ='CARGA DOCENTE'!$H193 -> 0 | R12: =IF(OR(Q12="TC",Q12="MT"),'CARGA DOCENTE'!$A193," ") | S12: =IF(OR(Q12="TC",Q12="MT"),'CARGA DOCENTE'!$B193," ") | T12: =IF(OR(Q12="TC",Q12="MT"),'CARGA DOCENTE'!$C193," ") | U12: =IF(OR(Q12="TC",Q12="MT"),'CARGA DOCENTE'!$G193," ") | V12: ='CARGA DOCENTE'!$H194 -> 0 | W12: =IF(OR(V12="TC",V12="MT"),'CARGA DOCENTE'!$A194," ") | X12: =IF(OR(V12="TC",V12="MT"),'CARGA DOCENTE'!$B194," ") | Y12: =IF(OR(V12="TC",V12="MT"),'CARGA DOCENTE'!$C194," ") | Z12: =IF(OR(V12="TC",V12="MT"),'CARGA DOCENTE'!$G194," ") | AA12: ='CARGA DOCENTE'!$H195 -> 0 | AB12: =IF(OR(AA12="TC",AA12="MT"),'CARGA DOCENTE'!$A195," ") | AC12: =IF(OR(AA12="TC",AA12="MT"),'CARGA DOCENTE'!$B195," ") | AD12: =IF(OR(AA12="TC",AA12="MT"),'CARGA DOCENTE'!$C195," ") | AE12: =IF(OR(AA12="TC",AA12="MT"),'CARGA DOCENTE'!$G195," ") | AF12: ='CARGA DOCENTE'!$H196 -> 0 | AG12: =IF(OR(AF12="TC",AF12="MT"),'CARGA DOCENTE'!$A196," ") | AH12: =IF(OR(AF12="TC",AF12="MT"),'CARGA DOCENTE'!$B196," ") | AI12: =IF(OR(AF12="TC",AF12="MT"),'CARGA DOCENTE'!$C196," ") | AJ12: =IF(OR(AF12="TC",AF12="MT"),'CARGA DOCENTE'!$G196," ") | AK12: ='CARGA DOCENTE'!$H197 -> 0 | AL12: =IF(OR(AK12="TC",AK12="MT"),'CARGA DOCENTE'!$A197," ") | AM12: =IF(OR(AK12="TC",AK12="MT"),'CARGA DOCENTE'!$B197," ") | AN12: =IF(OR(AK12="TC",AK12="MT"),'CARGA DOCENTE'!$C197," ") | AO12: =IF(OR(AK12="TC",AK12="MT"),'CARGA DOCENTE'!$G197," ") | AP12: ='CARGA DOCENTE'!$H198 -> 0 | AQ12: =IF(OR(AP12="TC",AP12="MT"),'CARGA DOCENTE'!$A198," ") | AR12: =IF(OR(AP12="TC",AP12="MT"),'CARGA DOCENTE'!$B198," ") | AS12: =IF(OR(AP12="TC",AP12="MT"),'CARGA DOCENTE'!$C198," ") | AT12: =IF(OR(AP12="TC",AP12="MT"),'CARGA DOCENTE'!$G198," ") | AU12: ='CARGA DOCENTE'!$H199 -> 0 | AV12: =IF(OR(AU12="TC",AU12="MT"),'CARGA DOCENTE'!$A199," ") | AW12: =IF(OR(AU12="TC",AU12="MT"),'CARGA DOCENTE'!$B199," ") | AX12: =IF(OR(AU12="TC",AU12="MT"),'CARGA DOCENTE'!$C199," ") | AY12: =IF(OR(AU12="TC",AU12="MT"),'CARGA DOCENTE'!$G199," ") | AZ12: ='CARGA DOCENTE'!$H200 -> 0 | BA12: =IF(OR(AZ12="TC",AZ12="MT"),'CARGA DOCENTE'!$A200," ") | BB12: =IF(OR(AZ12="TC",AZ12="MT"),'CARGA DOCENTE'!$B200," ") | BC12: =IF(OR(AZ12="TC",AZ12="MT"),'CARGA DOCENTE'!$C200," ") | BD12: =IF(OR(AZ12="TC",AZ12="MT"),'CARGA DOCENTE'!$G200," ") | BE12: ='CARGA DOCENTE'!$H201 -> 0 | BF12: =IF(OR(BE12="TC",BE12="MT"),'CARGA DOCENTE'!$A201," ") | BG12: =IF(OR(BE12="TC",BE12="MT"),'CARGA DOCENTE'!$B201," ") | BH12: =IF(OR(BE12="TC",BE12="MT"),'CARGA DOCENTE'!$C201," ") | BI12: =IF(OR(BE12="TC",BE12="MT"),'CARGA DOCENTE'!$G201," ") | BJ12: ='CARGA DOCENTE'!$H202 -> 0 | BK12: =IF(OR(BJ12="TC",BJ12="MT"),'CARGA DOCENTE'!$A202," ") | BL12: =IF(OR(BJ12="TC",BJ12="MT"),'CARGA DOCENTE'!$B202," ") | BM12: =IF(OR(BJ12="TC",BJ12="MT"),'CARGA DOCENTE'!$C202," ") | BN12: =IF(OR(BJ12="TC",BJ12="MT"),'CARGA DOCENTE'!$G202," ") | BO12: ='CARGA DOCENTE'!$H203 -> 0 | BP12: =IF(OR(BO12="TC",BO12="MT"),'CARGA DOCENTE'!$A203," ") | BQ12: =IF(OR(BO12="TC",BO12="MT"),'CARGA DOCENTE'!$B203," ") | BR12: =IF(OR(BO12="TC",BO12="MT"),'CARGA DOCENTE'!$C203," ") | BS12: =IF(OR(BO12="TC",BO12="MT"),'CARGA DOCENTE'!$G203," ") | BT12: ='CARGA DOCENTE'!$H204 -> 0 | BU12: =IF(OR(BT12="TC",BT12="MT"),'CARGA DOCENTE'!$A204," ") | BV12: =IF(OR(BT12="TC",BT12="MT"),'CARGA DOCENTE'!$B204," ") | BW12: =IF(OR(BT12="TC",BT12="MT"),'CARGA DOCENTE'!$C204," ") | BX12: =IF(OR(BT12="TC",BT12="MT"),'CARGA DOCENTE'!$G204," ")
A13: ='CARGA DOCENTE'!J208 -> 0 | B13: ='CARGA DOCENTE'!$H208 -> 0 | C13: =IF(OR(B13="TC",B13="MT"),'CARGA DOCENTE'!$A208," ") | D13: =IF(OR(B13="TC",B13="MT"),'CARGA DOCENTE'!$B208," ") | E13: =IF(OR(B13="TC",B13="MT"),'CARGA DOCENTE'!$C208," ") | F13: =IF(OR(B13="TC",B13="MT"),'CARGA DOCENTE'!$G208," ") | G13: ='CARGA DOCENTE'!$H209 -> 0 | H13: =IF(OR(G13="TC",G13="MT"),'CARGA DOCENTE'!$A209," ") | I13: =IF(OR(G13="TC",G13="MT"),'CARGA DOCENTE'!$B209," ") | J13: =IF(OR(G13="TC",G13="MT"),'CARGA DOCENTE'!$C209," ") | K13: =IF(OR(G13="TC",G13="MT"),'CARGA DOCENTE'!$G209," ") | L13: ='CARGA DOCENTE'!$H210 -> 0 | M13: =IF(OR(L13="TC",L13="MT"),'CARGA DOCENTE'!$A210," ") | N13: =IF(OR(L13="TC",L13="MT"),'CARGA DOCENTE'!$B210," ") | O13: =IF(OR(L13="TC",L13="MT"),'CARGA DOCENTE'!$C210," ") | P13: =IF(OR(L13="TC",L13="MT"),'CARGA DOCENTE'!$G210," ") | Q13: ='CARGA DOCENTE'!$H211 -> 0 | R13: =IF(OR(Q13="TC",Q13="MT"),'CARGA DOCENTE'!$A211," ") | S13: =IF(OR(Q13="TC",Q13="MT"),'CARGA DOCENTE'!$B211," ") | T13: =IF(OR(Q13="TC",Q13="MT"),'CARGA DOCENTE'!$C211," ") | U13: =IF(OR(Q13="TC",Q13="MT"),'CARGA DOCENTE'!$G211," ") | V13: ='CARGA DOCENTE'!$H212 -> 0 | W13: =IF(OR(V13="TC",V13="MT"),'CARGA DOCENTE'!$A212," ") | X13: =IF(OR(V13="TC",V13="MT"),'CARGA DOCENTE'!$B212," ") | Y13: =IF(OR(V13="TC",V13="MT"),'CARGA DOCENTE'!$C212," ") | Z13: =IF(OR(V13="TC",V13="MT"),'CARGA DOCENTE'!$G212," ") | AA13: ='CARGA DOCENTE'!$H213 -> 0 | AB13: =IF(OR(AA13="TC",AA13="MT"),'CARGA DOCENTE'!$A213," ") | AC13: =IF(OR(AA13="TC",AA13="MT"),'CARGA DOCENTE'!$B213," ") | AD13: =IF(OR(AA13="TC",AA13="MT"),'CARGA DOCENTE'!$C213," ") | AE13: =IF(OR(AA13="TC",AA13="MT"),'CARGA DOCENTE'!$G213," ") | AF13: ='CARGA DOCENTE'!$H214 -> 0 | AG13: =IF(OR(AF13="TC",AF13="MT"),'CARGA DOCENTE'!$A214," ") | AH13: =IF(OR(AF13="TC",AF13="MT"),'CARGA DOCENTE'!$B214," ") | AI13: =IF(OR(AF13="TC",AF13="MT"),'CARGA DOCENTE'!$C214," ") | AJ13: =IF(OR(AF13="TC",AF13="MT"),'CARGA DOCENTE'!$G214," ") | AK13: ='CARGA DOCENTE'!$H215 -> 0 | AL13: =IF(OR(AK13="TC",AK13="MT"),'CARGA DOCENTE'!$A215," ") | AM13: =IF(OR(AK13="TC",AK13="MT"),'CARGA DOCENTE'!$B215," ") | AN13: =IF(OR(AK13="TC",AK13="MT"),'CARGA DOCENTE'!$C215," ") | AO13: =IF(OR(AK13="TC",AK13="MT"),'CARGA DOCENTE'!$G215," ") | AP13: ='CARGA DOCENTE'!$H216 -> 0 | AQ13: =IF(OR(AP13="TC",AP13="MT"),'CARGA DOCENTE'!$A216," ") | AR13: =IF(OR(AP13="TC",AP13="MT"),'CARGA DOCENTE'!$B216," ") | AS13: =IF(OR(AP13="TC",AP13="MT"),'CARGA DOCENTE'!$C216," ") | AT13: =IF(OR(AP13="TC",AP13="MT"),'CARGA DOCENTE'!$G216," ") | AU13: ='CARGA DOCENTE'!$H217 -> 0 | AV13: =IF(OR(AU13="TC",AU13="MT"),'CARGA DOCENTE'!$A217," ") | AW13: =IF(OR(AU13="TC",AU13="MT"),'CARGA DOCENTE'!$B217," ") | AX13: =IF(OR(AU13="TC",AU13="MT"),'CARGA DOCENTE'!$C217," ") | AY13: =IF(OR(AU13="TC",AU13="MT"),'CARGA DOCENTE'!$G217," ") | AZ13: ='CARGA DOCENTE'!$H218 -> 0 | BA13: =IF(OR(AZ13="TC",AZ13="MT"),'CARGA DOCENTE'!$A218," ") | BB13: =IF(OR(AZ13="TC",AZ13="MT"),'CARGA DOCENTE'!$B218," ") | BC13: =IF(OR(AZ13="TC",AZ13="MT"),'CARGA DOCENTE'!$C218," ") | BD13: =IF(OR(AZ13="TC",AZ13="MT"),'CARGA DOCENTE'!$G218," ") | BE13: ='CARGA DOCENTE'!$H219 -> 0 | BF13: =IF(OR(BE13="TC",BE13="MT"),'CARGA DOCENTE'!$A219," ") | BG13: =IF(OR(BE13="TC",BE13="MT"),'CARGA DOCENTE'!$B219," ") | BH13: =IF(OR(BE13="TC",BE13="MT"),'CARGA DOCENTE'!$C219," ") | BI13: =IF(OR(BE13="TC",BE13="MT"),'CARGA DOCENTE'!$G219," ") | BJ13: ='CARGA DOCENTE'!$H220 -> 0 | BK13: =IF(OR(BJ13="TC",BJ13="MT"),'CARGA DOCENTE'!$A220," ") | BL13: =IF(OR(BJ13="TC",BJ13="MT"),'CARGA DOCENTE'!$B220," ") | BM13: =IF(OR(BJ13="TC",BJ13="MT"),'CARGA DOCENTE'!$C220," ") | BN13: =IF(OR(BJ13="TC",BJ13="MT"),'CARGA DOCENTE'!$G220," ") | BO13: ='CARGA DOCENTE'!$H221 -> 0 | BP13: =IF(OR(BO13="TC",BO13="MT"),'CARGA DOCENTE'!$A221," ") | BQ13: =IF(OR(BO13="TC",BO13="MT"),'CARGA DOCENTE'!$B221," ") | BR13: =IF(OR(BO13="TC",BO13="MT"),'CARGA DOCENTE'!$C221," ") | BS13: =IF(OR(BO13="TC",BO13="MT"),'CARGA DOCENTE'!$G221," ") | BT13: ='CARGA DOCENTE'!$H222 -> 0 | BU13: =IF(OR(BT13="TC",BT13="MT"),'CARGA DOCENTE'!$A222," ") | BV13: =IF(OR(BT13="TC",BT13="MT"),'CARGA DOCENTE'!$B222," ") | BW13: =IF(OR(BT13="TC",BT13="MT"),'CARGA DOCENTE'!$C222," ") | BX13: =IF(OR(BT13="TC",BT13="MT"),'CARGA DOCENTE'!$G222," ")
A14: ='CARGA DOCENTE'!J226 -> 0 | B14: ='CARGA DOCENTE'!$H226 -> 0 | C14: =IF(OR(B14="TC",B14="MT"),'CARGA DOCENTE'!$A226," ") | D14: =IF(OR(B14="TC",B14="MT"),'CARGA DOCENTE'!$B226," ") | E14: =IF(OR(B14="TC",B14="MT"),'CARGA DOCENTE'!$C226," ") | F14: =IF(OR(B14="TC",B14="MT"),'CARGA DOCENTE'!$G226," ") | G14: ='CARGA DOCENTE'!$H227 -> 0 | H14: =IF(OR(G14="TC",G14="MT"),'CARGA DOCENTE'!$A227," ") | I14: =IF(OR(G14="TC",G14="MT"),'CARGA DOCENTE'!$B227," ") | J14: =IF(OR(G14="TC",G14="MT"),'CARGA DOCENTE'!$C227," ") | K14: =IF(OR(G14="TC",G14="MT"),'CARGA DOCENTE'!$G227," ") | L14: ='CARGA DOCENTE'!$H228 -> 0 | M14: =IF(OR(L14="TC",L14="MT"),'CARGA DOCENTE'!$A228," ") | N14: =IF(OR(L14="TC",L14="MT"),'CARGA DOCENTE'!$B228," ") | O14: =IF(OR(L14="TC",L14="MT"),'CARGA DOCENTE'!$C228," ") | P14: =IF(OR(L14="TC",L14="MT"),'CARGA DOCENTE'!$G228," ") | Q14: ='CARGA DOCENTE'!$H229 -> 0 | R14: =IF(OR(Q14="TC",Q14="MT"),'CARGA DOCENTE'!$A229," ") | S14: =IF(OR(Q14="TC",Q14="MT"),'CARGA DOCENTE'!$B229," ") | T14: =IF(OR(Q14="TC",Q14="MT"),'CARGA DOCENTE'!$C229," ") | U14: =IF(OR(Q14="TC",Q14="MT"),'CARGA DOCENTE'!$G229," ") | V14: ='CARGA DOCENTE'!$H230 -> 0 | W14: =IF(OR(V14="TC",V14="MT"),'CARGA DOCENTE'!$A230," ") | X14: =IF(OR(V14="TC",V14="MT"),'CARGA DOCENTE'!$B230," ") | Y14: =IF(OR(V14="TC",V14="MT"),'CARGA DOCENTE'!$C230," ") | Z14: =IF(OR(V14="TC",V14="MT"),'CARGA DOCENTE'!$G230," ") | AA14: ='CARGA DOCENTE'!$H231 -> 0 | AB14: =IF(OR(AA14="TC",AA14="MT"),'CARGA DOCENTE'!$A231," ") | AC14: =IF(OR(AA14="TC",AA14="MT"),'CARGA DOCENTE'!$B231," ") | AD14: =IF(OR(AA14="TC",AA14="MT"),'CARGA DOCENTE'!$C231," ") | AE14: =IF(OR(AA14="TC",AA14="MT"),'CARGA DOCENTE'!$G231," ") | AF14: ='CARGA DOCENTE'!$H232 -> 0 | AG14: =IF(OR(AF14="TC",AF14="MT"),'CARGA DOCENTE'!$A232," ") | AH14: =IF(OR(AF14="TC",AF14="MT"),'CARGA DOCENTE'!$B232," ") | AI14: =IF(OR(AF14="TC",AF14="MT"),'CARGA DOCENTE'!$C232," ") | AJ14: =IF(OR(AF14="TC",AF14="MT"),'CARGA DOCENTE'!$G232," ") | AK14: ='CARGA DOCENTE'!$H233 -> 0 | AL14: =IF(OR(AK14="TC",AK14="MT"),'CARGA DOCENTE'!$A233," ") | AM14: =IF(OR(AK14="TC",AK14="MT"),'CARGA DOCENTE'!$B233," ") | AN14: =IF(OR(AK14="TC",AK14="MT"),'CARGA DOCENTE'!$C233," ") | AO14: =IF(OR(AK14="TC",AK14="MT"),'CARGA DOCENTE'!$G233," ") | AP14: ='CARGA DOCENTE'!$H234 -> 0 | AQ14: =IF(OR(AP14="TC",AP14="MT"),'CARGA DOCENTE'!$A234," ") | AR14: =IF(OR(AP14="TC",AP14="MT"),'CARGA DOCENTE'!$B234," ") | AS14: =IF(OR(AP14="TC",AP14="MT"),'CARGA DOCENTE'!$C234," ") | AT14: =IF(OR(AP14="TC",AP14="MT"),'CARGA DOCENTE'!$G234," ") | AU14: ='CARGA DOCENTE'!$H235 -> 0 | AV14: =IF(OR(AU14="TC",AU14="MT"),'CARGA DOCENTE'!$A235," ") | AW14: =IF(OR(AU14="TC",AU14="MT"),'CARGA DOCENTE'!$B235," ") | AX14: =IF(OR(AU14="TC",AU14="MT"),'CARGA DOCENTE'!$C235," ") | AY14: =IF(OR(AU14="TC",AU14="MT"),'CARGA DOCENTE'!$G235," ") | AZ14: ='CARGA DOCENTE'!$H236 -> 0 | BA14: =IF(OR(AZ14="TC",AZ14="MT"),'CARGA DOCENTE'!$A236," ") | BB14: =IF(OR(AZ14="TC",AZ14="MT"),'CARGA DOCENTE'!$B236," ") | BC14: =IF(OR(AZ14="TC",AZ14="MT"),'CARGA DOCENTE'!$C236," ") | BD14: =IF(OR(AZ14="TC",AZ14="MT"),'CARGA DOCENTE'!$G236," ") | BE14: ='CARGA DOCENTE'!$H237 -> 0 | BF14: =IF(OR(BE14="TC",BE14="MT"),'CARGA DOCENTE'!$A237," ") | BG14: =IF(OR(BE14="TC",BE14="MT"),'CARGA DOCENTE'!$B237," ") | BH14: =IF(OR(BE14="TC",BE14="MT"),'CARGA DOCENTE'!$C237," ") | BI14: =IF(OR(BE14="TC",BE14="MT"),'CARGA DOCENTE'!$G237," ") | BJ14: ='CARGA DOCENTE'!$H238 -> 0 | BK14: =IF(OR(BJ14="TC",BJ14="MT"),'CARGA DOCENTE'!$A238," ") | BL14: =IF(OR(BJ14="TC",BJ14="MT"),'CARGA DOCENTE'!$B238," ") | BM14: =IF(OR(BJ14="TC",BJ14="MT"),'CARGA DOCENTE'!$C238," ") | BN14: =IF(OR(BJ14="TC",BJ14="MT"),'CARGA DOCENTE'!$G238," ") | BO14: ='CARGA DOCENTE'!$H239 -> 0 | BP14: =IF(OR(BO14="TC",BO14="MT"),'CARGA DOCENTE'!$A239," ") | BQ14: =IF(OR(BO14="TC",BO14="MT"),'CARGA DOCENTE'!$B239," ") | BR14: =IF(OR(BO14="TC",BO14="MT"),'CARGA DOCENTE'!$C239," ") | BS14: =IF(OR(BO14="TC",BO14="MT"),'CARGA DOCENTE'!$G239," ") | BT14: ='CARGA DOCENTE'!$H240 -> 0 | BU14: =IF(OR(BT14="TC",BT14="MT"),'CARGA DOCENTE'!$A240," ") | BV14: =IF(OR(BT14="TC",BT14="MT"),'CARGA DOCENTE'!$B240," ") | BW14: =IF(OR(BT14="TC",BT14="MT"),'CARGA DOCENTE'!$C240," ") | BX14: =IF(OR(BT14="TC",BT14="MT"),'CARGA DOCENTE'!$G240," ")
A15: ='CARGA DOCENTE'!J244 -> 0 | B15: ='CARGA DOCENTE'!$H244 -> 0 | C15: =IF(OR(B15="TC",B15="MT"),'CARGA DOCENTE'!$A244," ") | D15: =IF(OR(B15="TC",B15="MT"),'CARGA DOCENTE'!$B244," ") | E15: =IF(OR(B15="TC",B15="MT"),'CARGA DOCENTE'!$C244," ") | F15: =IF(OR(B15="TC",B15="MT"),'CARGA DOCENTE'!$G244," ") | G15: ='CARGA DOCENTE'!$H245 -> 0 | H15: =IF(OR(G15="TC",G15="MT"),'CARGA DOCENTE'!$A245," ") | I15: =IF(OR(G15="TC",G15="MT"),'CARGA DOCENTE'!$B245," ") | J15: =IF(OR(G15="TC",G15="MT"),'CARGA DOCENTE'!$C245," ") | K15: =IF(OR(G15="TC",G15="MT"),'CARGA DOCENTE'!$G245," ") | L15: ='CARGA DOCENTE'!$H246 -> 0 | M15: =IF(OR(L15="TC",L15="MT"),'CARGA DOCENTE'!$A246," ") | N15: =IF(OR(L15="TC",L15="MT"),'CARGA DOCENTE'!$B246," ") | O15: =IF(OR(L15="TC",L15="MT"),'CARGA DOCENTE'!$C246," ") | P15: =IF(OR(L15="TC",L15="MT"),'CARGA DOCENTE'!$G246," ") | Q15: ='CARGA DOCENTE'!$H247 -> 0 | R15: =IF(OR(Q15="TC",Q15="MT"),'CARGA DOCENTE'!$A247," ") | S15: =IF(OR(Q15="TC",Q15="MT"),'CARGA DOCENTE'!$B247," ") | T15: =IF(OR(Q15="TC",Q15="MT"),'CARGA DOCENTE'!$C247," ") | U15: =IF(OR(Q15="TC",Q15="MT"),'CARGA DOCENTE'!$G247," ") | V15: ='CARGA DOCENTE'!$H248 -> 0 | W15: =IF(OR(V15="TC",V15="MT"),'CARGA DOCENTE'!$A248," ") | X15: =IF(OR(V15="TC",V15="MT"),'CARGA DOCENTE'!$B248," ") | Y15: =IF(OR(V15="TC",V15="MT"),'CARGA DOCENTE'!$C248," ") | Z15: =IF(OR(V15="TC",V15="MT"),'CARGA DOCENTE'!$G248," ") | AA15: ='CARGA DOCENTE'!$H249 -> 0 | AB15: =IF(OR(AA15="TC",AA15="MT"),'CARGA DOCENTE'!$A249," ") | AC15: =IF(OR(AA15="TC",AA15="MT"),'CARGA DOCENTE'!$B249," ") | AD15: =IF(OR(AA15="TC",AA15="MT"),'CARGA DOCENTE'!$C249," ") | AE15: =IF(OR(AA15="TC",AA15="MT"),'CARGA DOCENTE'!$G249," ") | AF15: ='CARGA DOCENTE'!$H250 -> 0 | AG15: =IF(OR(AF15="TC",AF15="MT"),'CARGA DOCENTE'!$A250," ") | AH15: =IF(OR(AF15="TC",AF15="MT"),'CARGA DOCENTE'!$B250," ") | AI15: =IF(OR(AF15="TC",AF15="MT"),'CARGA DOCENTE'!$C250," ") | AJ15: =IF(OR(AF15="TC",AF15="MT"),'CARGA DOCENTE'!$G250," ") | AK15: ='CARGA DOCENTE'!$H251 -> 0 | AL15: =IF(OR(AK15="TC",AK15="MT"),'CARGA DOCENTE'!$A251," ") | AM15: =IF(OR(AK15="TC",AK15="MT"),'CARGA DOCENTE'!$B251," ") | AN15: =IF(OR(AK15="TC",AK15="MT"),'CARGA DOCENTE'!$C251," ") | AO15: =IF(OR(AK15="TC",AK15="MT"),'CARGA DOCENTE'!$G251," ") | AP15: ='CARGA DOCENTE'!$H252 -> 0 | AQ15: =IF(OR(AP15="TC",AP15="MT"),'CARGA DOCENTE'!$A252," ") | AR15: =IF(OR(AP15="TC",AP15="MT"),'CARGA DOCENTE'!$B252," ") | AS15: =IF(OR(AP15="TC",AP15="MT"),'CARGA DOCENTE'!$C252," ") | AT15: =IF(OR(AP15="TC",AP15="MT"),'CARGA DOCENTE'!$G252," ") | AU15: ='CARGA DOCENTE'!$H253 -> 0 | AV15: =IF(OR(AU15="TC",AU15="MT"),'CARGA DOCENTE'!$A253," ") | AW15: =IF(OR(AU15="TC",AU15="MT"),'CARGA DOCENTE'!$B253," ") | AX15: =IF(OR(AU15="TC",AU15="MT"),'CARGA DOCENTE'!$C253," ") | AY15: =IF(OR(AU15="TC",AU15="MT"),'CARGA DOCENTE'!$G253," ") | AZ15: ='CARGA DOCENTE'!$H254 -> 0 | BA15: =IF(OR(AZ15="TC",AZ15="MT"),'CARGA DOCENTE'!$A254," ") | BB15: =IF(OR(AZ15="TC",AZ15="MT"),'CARGA DOCENTE'!$B254," ") | BC15: =IF(OR(AZ15="TC",AZ15="MT"),'CARGA DOCENTE'!$C254," ") | BD15: =IF(OR(AZ15="TC",AZ15="MT"),'CARGA DOCENTE'!$G254," ") | BE15: ='CARGA DOCENTE'!$H255 -> 0 | BF15: =IF(OR(BE15="TC",BE15="MT"),'CARGA DOCENTE'!$A255," ") | BG15: =IF(OR(BE15="TC",BE15="MT"),'CARGA DOCENTE'!$B255," ") | BH15: =IF(OR(BE15="TC",BE15="MT"),'CARGA DOCENTE'!$C255," ") | BI15: =IF(OR(BE15="TC",BE15="MT"),'CARGA DOCENTE'!$G255," ") | BJ15: ='CARGA DOCENTE'!$H256 -> 0 | BK15: =IF(OR(BJ15="TC",BJ15="MT"),'CARGA DOCENTE'!$A256," ") | BL15: =IF(OR(BJ15="TC",BJ15="MT"),'CARGA DOCENTE'!$B256," ") | BM15: =IF(OR(BJ15="TC",BJ15="MT"),'CARGA DOCENTE'!$C256," ") | BN15: =IF(OR(BJ15="TC",BJ15="MT"),'CARGA DOCENTE'!$G256," ") | BO15: ='CARGA DOCENTE'!$H257 -> 0 | BP15: =IF(OR(BO15="TC",BO15="MT"),'CARGA DOCENTE'!$A257," ") | BQ15: =IF(OR(BO15="TC",BO15="MT"),'CARGA DOCENTE'!$B257," ") | BR15: =IF(OR(BO15="TC",BO15="MT"),'CARGA DOCENTE'!$C257," ") | BS15: =IF(OR(BO15="TC",BO15="MT"),'CARGA DOCENTE'!$G257," ") | BT15: ='CARGA DOCENTE'!$H258 -> 0 | BU15: =IF(OR(BT15="TC",BT15="MT"),'CARGA DOCENTE'!$A258," ") | BV15: =IF(OR(BT15="TC",BT15="MT"),'CARGA DOCENTE'!$B258," ") | BW15: =IF(OR(BT15="TC",BT15="MT"),'CARGA DOCENTE'!$C258," ") | BX15: =IF(OR(BT15="TC",BT15="MT"),'CARGA DOCENTE'!$G258," ")
A16: ='CARGA DOCENTE'!J262 -> 0 | B16: ='CARGA DOCENTE'!$H262 -> 0 | C16: =IF(OR(B16="TC",B16="MT"),'CARGA DOCENTE'!$A262," ") | D16: =IF(OR(B16="TC",B16="MT"),'CARGA DOCENTE'!$B262," ") | E16: =IF(OR(B16="TC",B16="MT"),'CARGA DOCENTE'!$C262," ") | F16: =IF(OR(B16="TC",B16="MT"),'CARGA DOCENTE'!$G262," ") | G16: ='CARGA DOCENTE'!$H263 -> 0 | H16: =IF(OR(G16="TC",G16="MT"),'CARGA DOCENTE'!$A263," ") | I16: =IF(OR(G16="TC",G16="MT"),'CARGA DOCENTE'!$B263," ") | J16: =IF(OR(G16="TC",G16="MT"),'CARGA DOCENTE'!$C263," ") | K16: =IF(OR(G16="TC",G16="MT"),'CARGA DOCENTE'!$G263," ") | L16: ='CARGA DOCENTE'!$H264 -> 0 | M16: =IF(OR(L16="TC",L16="MT"),'CARGA DOCENTE'!$A264," ") | N16: =IF(OR(L16="TC",L16="MT"),'CARGA DOCENTE'!$B264," ") | O16: =IF(OR(L16="TC",L16="MT"),'CARGA DOCENTE'!$C264," ") | P16: =IF(OR(L16="TC",L16="MT"),'CARGA DOCENTE'!$G264," ") | Q16: ='CARGA DOCENTE'!$H265 -> 0 | R16: =IF(OR(Q16="TC",Q16="MT"),'CARGA DOCENTE'!$A265," ") | S16: =IF(OR(Q16="TC",Q16="MT"),'CARGA DOCENTE'!$B265," ") | T16: =IF(OR(Q16="TC",Q16="MT"),'CARGA DOCENTE'!$C265," ") | U16: =IF(OR(Q16="TC",Q16="MT"),'CARGA DOCENTE'!$G265," ") | V16: ='CARGA DOCENTE'!$H266 -> 0 | W16: =IF(OR(V16="TC",V16="MT"),'CARGA DOCENTE'!$A266," ") | X16: =IF(OR(V16="TC",V16="MT"),'CARGA DOCENTE'!$B266," ") | Y16: =IF(OR(V16="TC",V16="MT"),'CARGA DOCENTE'!$C266," ") | Z16: =IF(OR(V16="TC",V16="MT"),'CARGA DOCENTE'!$G266," ") | AA16: ='CARGA DOCENTE'!$H267 -> 0 | AB16: =IF(OR(AA16="TC",AA16="MT"),'CARGA DOCENTE'!$A267," ") | AC16: =IF(OR(AA16="TC",AA16="MT"),'CARGA DOCENTE'!$B267," ") | AD16: =IF(OR(AA16="TC",AA16="MT"),'CARGA DOCENTE'!$C267," ") | AE16: =IF(OR(AA16="TC",AA16="MT"),'CARGA DOCENTE'!$G267," ") | AF16: ='CARGA DOCENTE'!$H268 -> 0 | AG16: =IF(OR(AF16="TC",AF16="MT"),'CARGA DOCENTE'!$A268," ") | AH16: =IF(OR(AF16="TC",AF16="MT"),'CARGA DOCENTE'!$B268," ") | AI16: =IF(OR(AF16="TC",AF16="MT"),'CARGA DOCENTE'!$C268," ") | AJ16: =IF(OR(AF16="TC",AF16="MT"),'CARGA DOCENTE'!$G268," ") | AK16: ='CARGA DOCENTE'!$H269 -> 0 | AL16: =IF(OR(AK16="TC",AK16="MT"),'CARGA DOCENTE'!$A269," ") | AM16: =IF(OR(AK16="TC",AK16="MT"),'CARGA DOCENTE'!$B269," ") | AN16: =IF(OR(AK16="TC",AK16="MT"),'CARGA DOCENTE'!$C269," ") | AO16: =IF(OR(AK16="TC",AK16="MT"),'CARGA DOCENTE'!$G269," ") | AP16: ='CARGA DOCENTE'!$H270 -> 0 | AQ16: =IF(OR(AP16="TC",AP16="MT"),'CARGA DOCENTE'!$A270," ") | AR16: =IF(OR(AP16="TC",AP16="MT"),'CARGA DOCENTE'!$B270," ") | AS16: =IF(OR(AP16="TC",AP16="MT"),'CARGA DOCENTE'!$C270," ") | AT16: =IF(OR(AP16="TC",AP16="MT"),'CARGA DOCENTE'!$G270," ") | AU16: ='CARGA DOCENTE'!$H271 -> 0 | AV16: =IF(OR(AU16="TC",AU16="MT"),'CARGA DOCENTE'!$A271," ") | AW16: =IF(OR(AU16="TC",AU16="MT"),'CARGA DOCENTE'!$B271," ") | AX16: =IF(OR(AU16="TC",AU16="MT"),'CARGA DOCENTE'!$C271," ") | AY16: =IF(OR(AU16="TC",AU16="MT"),'CARGA DOCENTE'!$G271," ") | AZ16: ='CARGA DOCENTE'!$H272 -> 0 | BA16: =IF(OR(AZ16="TC",AZ16="MT"),'CARGA DOCENTE'!$A272," ") | BB16: =IF(OR(AZ16="TC",AZ16="MT"),'CARGA DOCENTE'!$B272," ") | BC16: =IF(OR(AZ16="TC",AZ16="MT"),'CARGA DOCENTE'!$C272," ") | BD16: =IF(OR(AZ16="TC",AZ16="MT"),'CARGA DOCENTE'!$G272," ") | BE16: ='CARGA DOCENTE'!$H273 -> 0 | BF16: =IF(OR(BE16="TC",BE16="MT"),'CARGA DOCENTE'!$A273," ") | BG16: =IF(OR(BE16="TC",BE16="MT"),'CARGA DOCENTE'!$B273," ") | BH16: =IF(OR(BE16="TC",BE16="MT"),'CARGA DOCENTE'!$C273," ") | BI16: =IF(OR(BE16="TC",BE16="MT"),'CARGA DOCENTE'!$G273," ") | BJ16: ='CARGA DOCENTE'!$H274 -> 0 | BK16: =IF(OR(BJ16="TC",BJ16="MT"),'CARGA DOCENTE'!$A274," ") | BL16: =IF(OR(BJ16="TC",BJ16="MT"),'CARGA DOCENTE'!$B274," ") | BM16: =IF(OR(BJ16="TC",BJ16="MT"),'CARGA DOCENTE'!$C274," ") | BN16: =IF(OR(BJ16="TC",BJ16="MT"),'CARGA DOCENTE'!$G274," ") | BO16: ='CARGA DOCENTE'!$H275 -> 0 | BP16: =IF(OR(BO16="TC",BO16="MT"),'CARGA DOCENTE'!$A275," ") | BQ16: =IF(OR(BO16="TC",BO16="MT"),'CARGA DOCENTE'!$B275," ") | BR16: =IF(OR(BO16="TC",BO16="MT"),'CARGA DOCENTE'!$C275," ") | BS16: =IF(OR(BO16="TC",BO16="MT"),'CARGA DOCENTE'!$G275," ") | BT16: ='CARGA DOCENTE'!$H276 -> 0 | BU16: =IF(OR(BT16="TC",BT16="MT"),'CARGA DOCENTE'!$A276," ") | BV16: =IF(OR(BT16="TC",BT16="MT"),'CARGA DOCENTE'!$B276," ") | BW16: =IF(OR(BT16="TC",BT16="MT"),'CARGA DOCENTE'!$C276," ") | BX16: =IF(OR(BT16="TC",BT16="MT"),'CARGA DOCENTE'!$G276," ")
A17: ='CARGA DOCENTE'!J280 -> 0 | B17: ='CARGA DOCENTE'!$H280 -> 0 | C17: =IF(OR(B17="TC",B17="MT"),'CARGA DOCENTE'!$A280," ") | D17: =IF(OR(B17="TC",B17="MT"),'CARGA DOCENTE'!$B280," ") | E17: =IF(OR(B17="TC",B17="MT"),'CARGA DOCENTE'!$C280," ") | F17: =IF(OR(B17="TC",B17="MT"),'CARGA DOCENTE'!$G280," ") | G17: ='CARGA DOCENTE'!$H281 -> 0 | H17: =IF(OR(G17="TC",G17="MT"),'CARGA DOCENTE'!$A281," ") | I17: =IF(OR(G17="TC",G17="MT"),'CARGA DOCENTE'!$B281," ") | J17: =IF(OR(G17="TC",G17="MT"),'CARGA DOCENTE'!$C281," ") | K17: =IF(OR(G17="TC",G17="MT"),'CARGA DOCENTE'!$G281," ") | L17: ='CARGA DOCENTE'!$H282 -> 0 | M17: =IF(OR(L17="TC",L17="MT"),'CARGA DOCENTE'!$A282," ") | N17: =IF(OR(L17="TC",L17="MT"),'CARGA DOCENTE'!$B282," ") | O17: =IF(OR(L17="TC",L17="MT"),'CARGA DOCENTE'!$C282," ") | P17: =IF(OR(L17="TC",L17="MT"),'CARGA DOCENTE'!$G282," ") | Q17: ='CARGA DOCENTE'!$H283 -> 0 | R17: =IF(OR(Q17="TC",Q17="MT"),'CARGA DOCENTE'!$A283," ") | S17: =IF(OR(Q17="TC",Q17="MT"),'CARGA DOCENTE'!$B283," ") | T17: =IF(OR(Q17="TC",Q17="MT"),'CARGA DOCENTE'!$C283," ") | U17: =IF(OR(Q17="TC",Q17="MT"),'CARGA DOCENTE'!$G283," ") | V17: ='CARGA DOCENTE'!$H284 -> 0 | W17: =IF(OR(V17="TC",V17="MT"),'CARGA DOCENTE'!$A284," ") | X17: =IF(OR(V17="TC",V17="MT"),'CARGA DOCENTE'!$B284," ") | Y17: =IF(OR(V17="TC",V17="MT"),'CARGA DOCENTE'!$C284," ") | Z17: =IF(OR(V17="TC",V17="MT"),'CARGA DOCENTE'!$G284," ") | AA17: ='CARGA DOCENTE'!$H285 -> 0 | AB17: =IF(OR(AA17="TC",AA17="MT"),'CARGA DOCENTE'!$A285," ") | AC17: =IF(OR(AA17="TC",AA17="MT"),'CARGA DOCENTE'!$B285," ") | AD17: =IF(OR(AA17="TC",AA17="MT"),'CARGA DOCENTE'!$C285," ") | AE17: =IF(OR(AA17="TC",AA17="MT"),'CARGA DOCENTE'!$G285," ") | AF17: ='CARGA DOCENTE'!$H286 -> 0 | AG17: =IF(OR(AF17="TC",AF17="MT"),'CARGA DOCENTE'!$A286," ") | AH17: =IF(OR(AF17="TC",AF17="MT"),'CARGA DOCENTE'!$B286," ") | AI17: =IF(OR(AF17="TC",AF17="MT"),'CARGA DOCENTE'!$C286," ") | AJ17: =IF(OR(AF17="TC",AF17="MT"),'CARGA DOCENTE'!$G286," ") | AK17: ='CARGA DOCENTE'!$H287 -> 0 | AL17: =IF(OR(AK17="TC",AK17="MT"),'CARGA DOCENTE'!$A287," ") | AM17: =IF(OR(AK17="TC",AK17="MT"),'CARGA DOCENTE'!$B287," ") | AN17: =IF(OR(AK17="TC",AK17="MT"),'CARGA DOCENTE'!$C287," ") | AO17: =IF(OR(AK17="TC",AK17="MT"),'CARGA DOCENTE'!$G287," ") | AP17: ='CARGA DOCENTE'!$H288 -> 0 | AQ17: =IF(OR(AP17="TC",AP17="MT"),'CARGA DOCENTE'!$A288," ") | AR17: =IF(OR(AP17="TC",AP17="MT"),'CARGA DOCENTE'!$B288," ") | AS17: =IF(OR(AP17="TC",AP17="MT"),'CARGA DOCENTE'!$C288," ") | AT17: =IF(OR(AP17="TC",AP17="MT"),'CARGA DOCENTE'!$G288," ") | AU17: ='CARGA DOCENTE'!$H289 -> 0 | AV17: =IF(OR(AU17="TC",AU17="MT"),'CARGA DOCENTE'!$A289," ") | AW17: =IF(OR(AU17="TC",AU17="MT"),'CARGA DOCENTE'!$B289," ") | AX17: =IF(OR(AU17="TC",AU17="MT"),'CARGA DOCENTE'!$C289," ") | AY17: =IF(OR(AU17="TC",AU17="MT"),'CARGA DOCENTE'!$G289," ") | AZ17: ='CARGA DOCENTE'!$H290 -> 0 | BA17: =IF(OR(AZ17="TC",AZ17="MT"),'CARGA DOCENTE'!$A290," ") | BB17: =IF(OR(AZ17="TC",AZ17="MT"),'CARGA DOCENTE'!$B290," ") | BC17: =IF(OR(AZ17="TC",AZ17="MT"),'CARGA DOCENTE'!$C290," ") | BD17: =IF(OR(AZ17="TC",AZ17="MT"),'CARGA DOCENTE'!$G290," ") | BE17: ='CARGA DOCENTE'!$H291 -> 0 | BF17: =IF(OR(BE17="TC",BE17="MT"),'CARGA DOCENTE'!$A291," ") | BG17: =IF(OR(BE17="TC",BE17="MT"),'CARGA DOCENTE'!$B291," ") | BH17: =IF(OR(BE17="TC",BE17="MT"),'CARGA DOCENTE'!$C291," ") | BI17: =IF(OR(BE17="TC",BE17="MT"),'CARGA DOCENTE'!$G291," ") | BJ17: ='CARGA DOCENTE'!$H292 -> 0 | BK17: =IF(OR(BJ17="TC",BJ17="MT"),'CARGA DOCENTE'!$A292," ") | BL17: =IF(OR(BJ17="TC",BJ17="MT"),'CARGA DOCENTE'!$B292," ") | BM17: =IF(OR(BJ17="TC",BJ17="MT"),'CARGA DOCENTE'!$C292," ") | BN17: =IF(OR(BJ17="TC",BJ17="MT"),'CARGA DOCENTE'!$G292," ") | BO17: ='CARGA DOCENTE'!$H293 -> 0 | BP17: =IF(OR(BO17="TC",BO17="MT"),'CARGA DOCENTE'!$A293," ") | BQ17: =IF(OR(BO17="TC",BO17="MT"),'CARGA DOCENTE'!$B293," ") | BR17: =IF(OR(BO17="TC",BO17="MT"),'CARGA DOCENTE'!$C293," ") | BS17: =IF(OR(BO17="TC",BO17="MT"),'CARGA DOCENTE'!$G293," ") | BT17: ='CARGA DOCENTE'!$H294 -> 0 | BU17: =IF(OR(BT17="TC",BT17="MT"),'CARGA DOCENTE'!$A294," ") | BV17: =IF(OR(BT17="TC",BT17="MT"),'CARGA DOCENTE'!$B294," ") | BW17: =IF(OR(BT17="TC",BT17="MT"),'CARGA DOCENTE'!$C294," ") | BX17: =IF(OR(BT17="TC",BT17="MT"),'CARGA DOCENTE'!$G294," ")
A18: ='CARGA DOCENTE'!J298 -> 0 | B18: ='CARGA DOCENTE'!$H298 -> 0 | C18: =IF(OR(B18="TC",B18="MT"),'CARGA DOCENTE'!$A298," ") | D18: =IF(OR(B18="TC",B18="MT"),'CARGA DOCENTE'!$B298," ") | E18: =IF(OR(B18="TC",B18="MT"),'CARGA DOCENTE'!$C298," ") | F18: =IF(OR(B18="TC",B18="MT"),'CARGA DOCENTE'!$G298," ") | G18: ='CARGA DOCENTE'!$H299 -> 0 | H18: =IF(OR(G18="TC",G18="MT"),'CARGA DOCENTE'!$A299," ") | I18: =IF(OR(G18="TC",G18="MT"),'CARGA DOCENTE'!$B299," ") | J18: =IF(OR(G18="TC",G18="MT"),'CARGA DOCENTE'!$C299," ") | K18: =IF(OR(G18="TC",G18="MT"),'CARGA DOCENTE'!$G299," ") | L18: ='CARGA DOCENTE'!$H300 -> 0 | M18: =IF(OR(L18="TC",L18="MT"),'CARGA DOCENTE'!$A300," ") | N18: =IF(OR(L18="TC",L18="MT"),'CARGA DOCENTE'!$B300," ") | O18: =IF(OR(L18="TC",L18="MT"),'CARGA DOCENTE'!$C300," ") | P18: =IF(OR(L18="TC",L18="MT"),'CARGA DOCENTE'!$G300," ") | Q18: ='CARGA DOCENTE'!$H301 -> 0 | R18: =IF(OR(Q18="TC",Q18="MT"),'CARGA DOCENTE'!$A301," ") | S18: =IF(OR(Q18="TC",Q18="MT"),'CARGA DOCENTE'!$B301," ") | T18: =IF(OR(Q18="TC",Q18="MT"),'CARGA DOCENTE'!$C301," ") | U18: =IF(OR(Q18="TC",Q18="MT"),'CARGA DOCENTE'!$G301," ") | V18: ='CARGA DOCENTE'!$H302 -> 0 | W18: =IF(OR(V18="TC",V18="MT"),'CARGA DOCENTE'!$A302," ") | X18: =IF(OR(V18="TC",V18="MT"),'CARGA DOCENTE'!$B302," ") | Y18: =IF(OR(V18="TC",V18="MT"),'CARGA DOCENTE'!$C302," ") | Z18: =IF(OR(V18="TC",V18="MT"),'CARGA DOCENTE'!$G302," ") | AA18: ='CARGA DOCENTE'!$H303 -> 0 | AB18: =IF(OR(AA18="TC",AA18="MT"),'CARGA DOCENTE'!$A303," ") | AC18: =IF(OR(AA18="TC",AA18="MT"),'CARGA DOCENTE'!$B303," ") | AD18: =IF(OR(AA18="TC",AA18="MT"),'CARGA DOCENTE'!$C303," ") | AE18: =IF(OR(AA18="TC",AA18="MT"),'CARGA DOCENTE'!$G303," ") | AF18: ='CARGA DOCENTE'!$H304 -> 0 | AG18: =IF(OR(AF18="TC",AF18="MT"),'CARGA DOCENTE'!$A304," ") | AH18: =IF(OR(AF18="TC",AF18="MT"),'CARGA DOCENTE'!$B304," ") | AI18: =IF(OR(AF18="TC",AF18="MT"),'CARGA DOCENTE'!$C304," ") | AJ18: =IF(OR(AF18="TC",AF18="MT"),'CARGA DOCENTE'!$G304," ") | AK18: ='CARGA DOCENTE'!$H305 -> 0 | AL18: =IF(OR(AK18="TC",AK18="MT"),'CARGA DOCENTE'!$A305," ") | AM18: =IF(OR(AK18="TC",AK18="MT"),'CARGA DOCENTE'!$B305," ") | AN18: =IF(OR(AK18="TC",AK18="MT"),'CARGA DOCENTE'!$C305," ") | AO18: =IF(OR(AK18="TC",AK18="MT"),'CARGA DOCENTE'!$G305," ") | AP18: ='CARGA DOCENTE'!$H306 -> 0 | AQ18: =IF(OR(AP18="TC",AP18="MT"),'CARGA DOCENTE'!$A306," ") | AR18: =IF(OR(AP18="TC",AP18="MT"),'CARGA DOCENTE'!$B306," ") | AS18: =IF(OR(AP18="TC",AP18="MT"),'CARGA DOCENTE'!$C306," ") | AT18: =IF(OR(AP18="TC",AP18="MT"),'CARGA DOCENTE'!$G306," ") | AU18: ='CARGA DOCENTE'!$H307 -> 0 | AV18: =IF(OR(AU18="TC",AU18="MT"),'CARGA DOCENTE'!$A307," ") | AW18: =IF(OR(AU18="TC",AU18="MT"),'CARGA DOCENTE'!$B307," ") | AX18: =IF(OR(AU18="TC",AU18="MT"),'CARGA DOCENTE'!$C307," ") | AY18: =IF(OR(AU18="TC",AU18="MT"),'CARGA DOCENTE'!$G307," ") | AZ18: ='CARGA DOCENTE'!$H308 -> 0 | BA18: =IF(OR(AZ18="TC",AZ18="MT"),'CARGA DOCENTE'!$A308," ") | BB18: =IF(OR(AZ18="TC",AZ18="MT"),'CARGA DOCENTE'!$B308," ") | BC18: =IF(OR(AZ18="TC",AZ18="MT"),'CARGA DOCENTE'!$C308," ") | BD18: =IF(OR(AZ18="TC",AZ18="MT"),'CARGA DOCENTE'!$G308," ") | BE18: ='CARGA DOCENTE'!$H309 -> 0 | BF18: =IF(OR(BE18="TC",BE18="MT"),'CARGA DOCENTE'!$A309," ") | BG18: =IF(OR(BE18="TC",BE18="MT"),'CARGA DOCENTE'!$B309," ") | BH18: =IF(OR(BE18="TC",BE18="MT"),'CARGA DOCENTE'!$C309," ") | BI18: =IF(OR(BE18="TC",BE18="MT"),'CARGA DOCENTE'!$G309," ") | BJ18: ='CARGA DOCENTE'!$H310 -> 0 | BK18: =IF(OR(BJ18="TC",BJ18="MT"),'CARGA DOCENTE'!$A310," ") | BL18: =IF(OR(BJ18="TC",BJ18="MT"),'CARGA DOCENTE'!$B310," ") | BM18: =IF(OR(BJ18="TC",BJ18="MT"),'CARGA DOCENTE'!$C310," ") | BN18: =IF(OR(BJ18="TC",BJ18="MT"),'CARGA DOCENTE'!$G310," ") | BO18: ='CARGA DOCENTE'!$H311 -> 0 | BP18: =IF(OR(BO18="TC",BO18="MT"),'CARGA DOCENTE'!$A311," ") | BQ18: =IF(OR(BO18="TC",BO18="MT"),'CARGA DOCENTE'!$B311," ") | BR18: =IF(OR(BO18="TC",BO18="MT"),'CARGA DOCENTE'!$C311," ") | BS18: =IF(OR(BO18="TC",BO18="MT"),'CARGA DOCENTE'!$G311," ") | BT18: ='CARGA DOCENTE'!$H312 -> 0 | BU18: =IF(OR(BT18="TC",BT18="MT"),'CARGA DOCENTE'!$A312," ") | BV18: =IF(OR(BT18="TC",BT18="MT"),'CARGA DOCENTE'!$B312," ") | BW18: =IF(OR(BT18="TC",BT18="MT"),'CARGA DOCENTE'!$C312," ") | BX18: =IF(OR(BT18="TC",BT18="MT"),'CARGA DOCENTE'!$G312," ")
A19: ='CARGA DOCENTE'!J316 -> 0 | B19: ='CARGA DOCENTE'!$H316 -> 0 | C19: =IF(OR(B19="TC",B19="MT"),'CARGA DOCENTE'!$A316," ") | D19: =IF(OR(B19="TC",B19="MT"),'CARGA DOCENTE'!$B316," ") | E19: =IF(OR(B19="TC",B19="MT"),'CARGA DOCENTE'!$C316," ") | F19: =IF(OR(B19="TC",B19="MT"),'CARGA DOCENTE'!$G316," ") | G19: ='CARGA DOCENTE'!$H317 -> 0 | H19: =IF(OR(G19="TC",G19="MT"),'CARGA DOCENTE'!$A317," ") | I19: =IF(OR(G19="TC",G19="MT"),'CARGA DOCENTE'!$B317," ") | J19: =IF(OR(G19="TC",G19="MT"),'CARGA DOCENTE'!$C317," ") | K19: =IF(OR(G19="TC",G19="MT"),'CARGA DOCENTE'!$G317," ") | L19: ='CARGA DOCENTE'!$H318 -> 0 | M19: =IF(OR(L19="TC",L19="MT"),'CARGA DOCENTE'!$A318," ") | N19: =IF(OR(L19="TC",L19="MT"),'CARGA DOCENTE'!$B318," ") | O19: =IF(OR(L19="TC",L19="MT"),'CARGA DOCENTE'!$C318," ") | P19: =IF(OR(L19="TC",L19="MT"),'CARGA DOCENTE'!$G318," ") | Q19: ='CARGA DOCENTE'!$H319 -> 0 | R19: =IF(OR(Q19="TC",Q19="MT"),'CARGA DOCENTE'!$A319," ") | S19: =IF(OR(Q19="TC",Q19="MT"),'CARGA DOCENTE'!$B319," ") | T19: =IF(OR(Q19="TC",Q19="MT"),'CARGA DOCENTE'!$C319," ") | U19: =IF(OR(Q19="TC",Q19="MT"),'CARGA DOCENTE'!$G319," ") | V19: ='CARGA DOCENTE'!$H320 -> 0 | W19: =IF(OR(V19="TC",V19="MT"),'CARGA DOCENTE'!$A320," ") | X19: =IF(OR(V19="TC",V19="MT"),'CARGA DOCENTE'!$B320," ") | Y19: =IF(OR(V19="TC",V19="MT"),'CARGA DOCENTE'!$C320," ") | Z19: =IF(OR(V19="TC",V19="MT"),'CARGA DOCENTE'!$G320," ") | AA19: ='CARGA DOCENTE'!$H321 -> 0 | AB19: =IF(OR(AA19="TC",AA19="MT"),'CARGA DOCENTE'!$A321," ") | AC19: =IF(OR(AA19="TC",AA19="MT"),'CARGA DOCENTE'!$B321," ") | AD19: =IF(OR(AA19="TC",AA19="MT"),'CARGA DOCENTE'!$C321," ") | AE19: =IF(OR(AA19="TC",AA19="MT"),'CARGA DOCENTE'!$G321," ") | AF19: ='CARGA DOCENTE'!$H322 -> 0 | AG19: =IF(OR(AF19="TC",AF19="MT"),'CARGA DOCENTE'!$A322," ") | AH19: =IF(OR(AF19="TC",AF19="MT"),'CARGA DOCENTE'!$B322," ") | AI19: =IF(OR(AF19="TC",AF19="MT"),'CARGA DOCENTE'!$C322," ") | AJ19: =IF(OR(AF19="TC",AF19="MT"),'CARGA DOCENTE'!$G322," ") | AK19: ='CARGA DOCENTE'!$H323 -> 0 | AL19: =IF(OR(AK19="TC",AK19="MT"),'CARGA DOCENTE'!$A323," ") | AM19: =IF(OR(AK19="TC",AK19="MT"),'CARGA DOCENTE'!$B323," ") | AN19: =IF(OR(AK19="TC",AK19="MT"),'CARGA DOCENTE'!$C323," ") | AO19: =IF(OR(AK19="TC",AK19="MT"),'CARGA DOCENTE'!$G323," ") | AP19: ='CARGA DOCENTE'!$H324 -> 0 | AQ19: =IF(OR(AP19="TC",AP19="MT"),'CARGA DOCENTE'!$A324," ") | AR19: =IF(OR(AP19="TC",AP19="MT"),'CARGA DOCENTE'!$B324," ") | AS19: =IF(OR(AP19="TC",AP19="MT"),'CARGA DOCENTE'!$C324," ") | AT19: =IF(OR(AP19="TC",AP19="MT"),'CARGA DOCENTE'!$G324," ") | AU19: ='CARGA DOCENTE'!$H325 -> 0 | AV19: =IF(OR(AU19="TC",AU19="MT"),'CARGA DOCENTE'!$A325," ") | AW19: =IF(OR(AU19="TC",AU19="MT"),'CARGA DOCENTE'!$B325," ") | AX19: =IF(OR(AU19="TC",AU19="MT"),'CARGA DOCENTE'!$C325," ") | AY19: =IF(OR(AU19="TC",AU19="MT"),'CARGA DOCENTE'!$G325," ") | AZ19: ='CARGA DOCENTE'!$H326 -> 0 | BA19: =IF(OR(AZ19="TC",AZ19="MT"),'CARGA DOCENTE'!$A326," ") | BB19: =IF(OR(AZ19="TC",AZ19="MT"),'CARGA DOCENTE'!$B326," ") | BC19: =IF(OR(AZ19="TC",AZ19="MT"),'CARGA DOCENTE'!$C326," ") | BD19: =IF(OR(AZ19="TC",AZ19="MT"),'CARGA DOCENTE'!$G326," ") | BE19: ='CARGA DOCENTE'!$H327 -> 0 | BF19: =IF(OR(BE19="TC",BE19="MT"),'CARGA DOCENTE'!$A327," ") | BG19: =IF(OR(BE19="TC",BE19="MT"),'CARGA DOCENTE'!$B327," ") | BH19: =IF(OR(BE19="TC",BE19="MT"),'CARGA DOCENTE'!$C327," ") | BI19: =IF(OR(BE19="TC",BE19="MT"),'CARGA DOCENTE'!$G327," ") | BJ19: ='CARGA DOCENTE'!$H328 -> 0 | BK19: =IF(OR(BJ19="TC",BJ19="MT"),'CARGA DOCENTE'!$A328," ") | BL19: =IF(OR(BJ19="TC",BJ19="MT"),'CARGA DOCENTE'!$B328," ") | BM19: =IF(OR(BJ19="TC",BJ19="MT"),'CARGA DOCENTE'!$C328," ") | BN19: =IF(OR(BJ19="TC",BJ19="MT"),'CARGA DOCENTE'!$G328," ") | BO19: ='CARGA DOCENTE'!$H329 -> 0 | BP19: =IF(OR(BO19="TC",BO19="MT"),'CARGA DOCENTE'!$A329," ") | BQ19: =IF(OR(BO19="TC",BO19="MT"),'CARGA DOCENTE'!$B329," ") | BR19: =IF(OR(BO19="TC",BO19="MT"),'CARGA DOCENTE'!$C329," ") | BS19: =IF(OR(BO19="TC",BO19="MT"),'CARGA DOCENTE'!$G329," ") | BT19: ='CARGA DOCENTE'!$H330 -> 0 | BU19: =IF(OR(BT19="TC",BT19="MT"),'CARGA DOCENTE'!$A330," ") | BV19: =IF(OR(BT19="TC",BT19="MT"),'CARGA DOCENTE'!$B330," ") | BW19: =IF(OR(BT19="TC",BT19="MT"),'CARGA DOCENTE'!$C330," ") | BX19: =IF(OR(BT19="TC",BT19="MT"),'CARGA DOCENTE'!$G330," ")
A20: ='CARGA DOCENTE'!J334 -> 0 | B20: ='CARGA DOCENTE'!$H334 -> 0 | C20: =IF(OR(B20="TC",B20="MT"),'CARGA DOCENTE'!$A334," ") | D20: =IF(OR(B20="TC",B20="MT"),'CARGA DOCENTE'!$B334," ") | E20: =IF(OR(B20="TC",B20="MT"),'CARGA DOCENTE'!$C334," ") | F20: =IF(OR(B20="TC",B20="MT"),'CARGA DOCENTE'!$G334," ") | G20: ='CARGA DOCENTE'!$H335 -> 0 | H20: =IF(OR(G20="TC",G20="MT"),'CARGA DOCENTE'!$A335," ") | I20: =IF(OR(G20="TC",G20="MT"),'CARGA DOCENTE'!$B335," ") | J20: =IF(OR(G20="TC",G20="MT"),'CARGA DOCENTE'!$C335," ") | K20: =IF(OR(G20="TC",G20="MT"),'CARGA DOCENTE'!$G335," ") | L20: ='CARGA DOCENTE'!$H336 -> 0 | M20: =IF(OR(L20="TC",L20="MT"),'CARGA DOCENTE'!$A336," ") | N20: =IF(OR(L20="TC",L20="MT"),'CARGA DOCENTE'!$B336," ") | O20: =IF(OR(L20="TC",L20="MT"),'CARGA DOCENTE'!$C336," ") | P20: =IF(OR(L20="TC",L20="MT"),'CARGA DOCENTE'!$G336," ") | Q20: ='CARGA DOCENTE'!$H337 -> 0 | R20: =IF(OR(Q20="TC",Q20="MT"),'CARGA DOCENTE'!$A337," ") | S20: =IF(OR(Q20="TC",Q20="MT"),'CARGA DOCENTE'!$B337," ") | T20: =IF(OR(Q20="TC",Q20="MT"),'CARGA DOCENTE'!$C337," ") | U20: =IF(OR(Q20="TC",Q20="MT"),'CARGA DOCENTE'!$G337," ") | V20: ='CARGA DOCENTE'!$H338 -> 0 | W20: =IF(OR(V20="TC",V20="MT"),'CARGA DOCENTE'!$A338," ") | X20: =IF(OR(V20="TC",V20="MT"),'CARGA DOCENTE'!$B338," ") | Y20: =IF(OR(V20="TC",V20="MT"),'CARGA DOCENTE'!$C338," ") | Z20: =IF(OR(V20="TC",V20="MT"),'CARGA DOCENTE'!$G338," ") | AA20: ='CARGA DOCENTE'!$H339 -> 0 | AB20: =IF(OR(AA20="TC",AA20="MT"),'CARGA DOCENTE'!$A339," ") | AC20: =IF(OR(AA20="TC",AA20="MT"),'CARGA DOCENTE'!$B339," ") | AD20: =IF(OR(AA20="TC",AA20="MT"),'CARGA DOCENTE'!$C339," ") | AE20: =IF(OR(AA20="TC",AA20="MT"),'CARGA DOCENTE'!$G339," ") | AF20: ='CARGA DOCENTE'!$H340 -> 0 | AG20: =IF(OR(AF20="TC",AF20="MT"),'CARGA DOCENTE'!$A340," ") | AH20: =IF(OR(AF20="TC",AF20="MT"),'CARGA DOCENTE'!$B340," ") | AI20: =IF(OR(AF20="TC",AF20="MT"),'CARGA DOCENTE'!$C340," ") | AJ20: =IF(OR(AF20="TC",AF20="MT"),'CARGA DOCENTE'!$G340," ") | AK20: ='CARGA DOCENTE'!$H341 -> 0 | AL20: =IF(OR(AK20="TC",AK20="MT"),'CARGA DOCENTE'!$A341," ") | AM20: =IF(OR(AK20="TC",AK20="MT"),'CARGA DOCENTE'!$B341," ") | AN20: =IF(OR(AK20="TC",AK20="MT"),'CARGA DOCENTE'!$C341," ") | AO20: =IF(OR(AK20="TC",AK20="MT"),'CARGA DOCENTE'!$G341," ") | AP20: ='CARGA DOCENTE'!$H342 -> 0 | AQ20: =IF(OR(AP20="TC",AP20="MT"),'CARGA DOCENTE'!$A342," ") | AR20: =IF(OR(AP20="TC",AP20="MT"),'CARGA DOCENTE'!$B342," ") | AS20: =IF(OR(AP20="TC",AP20="MT"),'CARGA DOCENTE'!$C342," ") | AT20: =IF(OR(AP20="TC",AP20="MT"),'CARGA DOCENTE'!$G342," ") | AU20: ='CARGA DOCENTE'!$H343 -> 0 | AV20: =IF(OR(AU20="TC",AU20="MT"),'CARGA DOCENTE'!$A343," ") | AW20: =IF(OR(AU20="TC",AU20="MT"),'CARGA DOCENTE'!$B343," ") | AX20: =IF(OR(AU20="TC",AU20="MT"),'CARGA DOCENTE'!$C343," ") | AY20: =IF(OR(AU20="TC",AU20="MT"),'CARGA DOCENTE'!$G343," ") | AZ20: ='CARGA DOCENTE'!$H344 -> 0 | BA20: =IF(OR(AZ20="TC",AZ20="MT"),'CARGA DOCENTE'!$A344," ") | BB20: =IF(OR(AZ20="TC",AZ20="MT"),'CARGA DOCENTE'!$B344," ") | BC20: =IF(OR(AZ20="TC",AZ20="MT"),'CARGA DOCENTE'!$C344," ") | BD20: =IF(OR(AZ20="TC",AZ20="MT"),'CARGA DOCENTE'!$G344," ") | BE20: ='CARGA DOCENTE'!$H345 -> 0 | BF20: =IF(OR(BE20="TC",BE20="MT"),'CARGA DOCENTE'!$A345," ") | BG20: =IF(OR(BE20="TC",BE20="MT"),'CARGA DOCENTE'!$B345," ") | BH20: =IF(OR(BE20="TC",BE20="MT"),'CARGA DOCENTE'!$C345," ") | BI20: =IF(OR(BE20="TC",BE20="MT"),'CARGA DOCENTE'!$G345," ") | BJ20: ='CARGA DOCENTE'!$H346 -> 0 | BK20: =IF(OR(BJ20="TC",BJ20="MT"),'CARGA DOCENTE'!$A346," ") | BL20: =IF(OR(BJ20="TC",BJ20="MT"),'CARGA DOCENTE'!$B346," ") | BM20: =IF(OR(BJ20="TC",BJ20="MT"),'CARGA DOCENTE'!$C346," ") | BN20: =IF(OR(BJ20="TC",BJ20="MT"),'CARGA DOCENTE'!$G346," ") | BO20: ='CARGA DOCENTE'!$H347 -> 0 | BP20: =IF(OR(BO20="TC",BO20="MT"),'CARGA DOCENTE'!$A347," ") | BQ20: =IF(OR(BO20="TC",BO20="MT"),'CARGA DOCENTE'!$B347," ") | BR20: =IF(OR(BO20="TC",BO20="MT"),'CARGA DOCENTE'!$C347," ") | BS20: =IF(OR(BO20="TC",BO20="MT"),'CARGA DOCENTE'!$G347," ") | BT20: ='CARGA DOCENTE'!$H348 -> 0 | BU20: =IF(OR(BT20="TC",BT20="MT"),'CARGA DOCENTE'!$A348," ") | BV20: =IF(OR(BT20="TC",BT20="MT"),'CARGA DOCENTE'!$B348," ") | BW20: =IF(OR(BT20="TC",BT20="MT"),'CARGA DOCENTE'!$C348," ") | BX20: =IF(OR(BT20="TC",BT20="MT"),'CARGA DOCENTE'!$G348," ")
A21: ='CARGA DOCENTE'!J352 -> 0 | B21: ='CARGA DOCENTE'!$H352 -> 0 | C21: =IF(OR(B21="TC",B21="MT"),'CARGA DOCENTE'!$A352," ") | D21: =IF(OR(B21="TC",B21="MT"),'CARGA DOCENTE'!$B352," ") | E21: =IF(OR(B21="TC",B21="MT"),'CARGA DOCENTE'!$C352," ") | F21: =IF(OR(B21="TC",B21="MT"),'CARGA DOCENTE'!$G352," ") | G21: ='CARGA DOCENTE'!$H353 -> 0 | H21: =IF(OR(G21="TC",G21="MT"),'CARGA DOCENTE'!$A353," ") | I21: =IF(OR(G21="TC",G21="MT"),'CARGA DOCENTE'!$B353," ") | J21: =IF(OR(G21="TC",G21="MT"),'CARGA DOCENTE'!$C353," ") | K21: =IF(OR(G21="TC",G21="MT"),'CARGA DOCENTE'!$G353," ") | L21: ='CARGA DOCENTE'!$H354 -> 0 | M21: =IF(OR(L21="TC",L21="MT"),'CARGA DOCENTE'!$A354," ") | N21: =IF(OR(L21="TC",L21="MT"),'CARGA DOCENTE'!$B354," ") | O21: =IF(OR(L21="TC",L21="MT"),'CARGA DOCENTE'!$C354," ") | P21: =IF(OR(L21="TC",L21="MT"),'CARGA DOCENTE'!$G354," ") | Q21: ='CARGA DOCENTE'!$H355 -> 0 | R21: =IF(OR(Q21="TC",Q21="MT"),'CARGA DOCENTE'!$A355," ") | S21: =IF(OR(Q21="TC",Q21="MT"),'CARGA DOCENTE'!$B355," ") | T21: =IF(OR(Q21="TC",Q21="MT"),'CARGA DOCENTE'!$C355," ") | U21: =IF(OR(Q21="TC",Q21="MT"),'CARGA DOCENTE'!$G355," ") | V21: ='CARGA DOCENTE'!$H356 -> 0 | W21: =IF(OR(V21="TC",V21="MT"),'CARGA DOCENTE'!$A356," ") | X21: =IF(OR(V21="TC",V21="MT"),'CARGA DOCENTE'!$B356," ") | Y21: =IF(OR(V21="TC",V21="MT"),'CARGA DOCENTE'!$C356," ") | Z21: =IF(OR(V21="TC",V21="MT"),'CARGA DOCENTE'!$G356," ") | AA21: ='CARGA DOCENTE'!$H357 -> 0 | AB21: =IF(OR(AA21="TC",AA21="MT"),'CARGA DOCENTE'!$A357," ") | AC21: =IF(OR(AA21="TC",AA21="MT"),'CARGA DOCENTE'!$B357," ") | AD21: =IF(OR(AA21="TC",AA21="MT"),'CARGA DOCENTE'!$C357," ") | AE21: =IF(OR(AA21="TC",AA21="MT"),'CARGA DOCENTE'!$G357," ") | AF21: ='CARGA DOCENTE'!$H358 -> 0 | AG21: =IF(OR(AF21="TC",AF21="MT"),'CARGA DOCENTE'!$A358," ") | AH21: =IF(OR(AF21="TC",AF21="MT"),'CARGA DOCENTE'!$B358," ") | AI21: =IF(OR(AF21="TC",AF21="MT"),'CARGA DOCENTE'!$C358," ") | AJ21: =IF(OR(AF21="TC",AF21="MT"),'CARGA DOCENTE'!$G358," ") | AK21: ='CARGA DOCENTE'!$H359 -> 0 | AL21: =IF(OR(AK21="TC",AK21="MT"),'CARGA DOCENTE'!$A359," ") | AM21: =IF(OR(AK21="TC",AK21="MT"),'CARGA DOCENTE'!$B359," ") | AN21: =IF(OR(AK21="TC",AK21="MT"),'CARGA DOCENTE'!$C359," ") | AO21: =IF(OR(AK21="TC",AK21="MT"),'CARGA DOCENTE'!$G359," ") | AP21: ='CARGA DOCENTE'!$H360 -> 0 | AQ21: =IF(OR(AP21="TC",AP21="MT"),'CARGA DOCENTE'!$A360," ") | AR21: =IF(OR(AP21="TC",AP21="MT"),'CARGA DOCENTE'!$B360," ") | AS21: =IF(OR(AP21="TC",AP21="MT"),'CARGA DOCENTE'!$C360," ") | AT21: =IF(OR(AP21="TC",AP21="MT"),'CARGA DOCENTE'!$G360," ") | AU21: ='CARGA DOCENTE'!$H361 -> 0 | AV21: =IF(OR(AU21="TC",AU21="MT"),'CARGA DOCENTE'!$A361," ") | AW21: =IF(OR(AU21="TC",AU21="MT"),'CARGA DOCENTE'!$B361," ") | AX21: =IF(OR(AU21="TC",AU21="MT"),'CARGA DOCENTE'!$C361," ") | AY21: =IF(OR(AU21="TC",AU21="MT"),'CARGA DOCENTE'!$G361," ") | AZ21: ='CARGA DOCENTE'!$H362 -> 0 | BA21: =IF(OR(AZ21="TC",AZ21="MT"),'CARGA DOCENTE'!$A362," ") | BB21: =IF(OR(AZ21="TC",AZ21="MT"),'CARGA DOCENTE'!$B362," ") | BC21: =IF(OR(AZ21="TC",AZ21="MT"),'CARGA DOCENTE'!$C362," ") | BD21: =IF(OR(AZ21="TC",AZ21="MT"),'CARGA DOCENTE'!$G362," ") | BE21: ='CARGA DOCENTE'!$H363 -> 0 | BF21: =IF(OR(BE21="TC",BE21="MT"),'CARGA DOCENTE'!$A363," ") | BG21: =IF(OR(BE21="TC",BE21="MT"),'CARGA DOCENTE'!$B363," ") | BH21: =IF(OR(BE21="TC",BE21="MT"),'CARGA DOCENTE'!$C363," ") | BI21: =IF(OR(BE21="TC",BE21="MT"),'CARGA DOCENTE'!$G363," ") | BJ21: ='CARGA DOCENTE'!$H364 -> 0 | BK21: =IF(OR(BJ21="TC",BJ21="MT"),'CARGA DOCENTE'!$A364," ") | BL21: =IF(OR(BJ21="TC",BJ21="MT"),'CARGA DOCENTE'!$B364," ") | BM21: =IF(OR(BJ21="TC",BJ21="MT"),'CARGA DOCENTE'!$C364," ") | BN21: =IF(OR(BJ21="TC",BJ21="MT"),'CARGA DOCENTE'!$G364," ") | BO21: ='CARGA DOCENTE'!$H365 -> 0 | BP21: =IF(OR(BO21="TC",BO21="MT"),'CARGA DOCENTE'!$A365," ") | BQ21: =IF(OR(BO21="TC",BO21="MT"),'CARGA DOCENTE'!$B365," ") | BR21: =IF(OR(BO21="TC",BO21="MT"),'CARGA DOCENTE'!$C365," ") | BS21: =IF(OR(BO21="TC",BO21="MT"),'CARGA DOCENTE'!$G365," ") | BT21: ='CARGA DOCENTE'!$H366 -> 0 | BU21: =IF(OR(BT21="TC",BT21="MT"),'CARGA DOCENTE'!$A366," ") | BV21: =IF(OR(BT21="TC",BT21="MT"),'CARGA DOCENTE'!$B366," ") | BW21: =IF(OR(BT21="TC",BT21="MT"),'CARGA DOCENTE'!$C366," ") | BX21: =IF(OR(BT21="TC",BT21="MT"),'CARGA DOCENTE'!$G366," ")
A22: ='CARGA DOCENTE'!J370 -> 0 | B22: ='CARGA DOCENTE'!$H370 -> 0 | C22: =IF(OR(B22="TC",B22="MT"),'CARGA DOCENTE'!$A370," ") | D22: =IF(OR(B22="TC",B22="MT"),'CARGA DOCENTE'!$B370," ") | E22: =IF(OR(B22="TC",B22="MT"),'CARGA DOCENTE'!$C370," ") | F22: =IF(OR(B22="TC",B22="MT"),'CARGA DOCENTE'!$G370," ") | G22: ='CARGA DOCENTE'!$H371 -> 0 | H22: =IF(OR(G22="TC",G22="MT"),'CARGA DOCENTE'!$A371," ") | I22: =IF(OR(G22="TC",G22="MT"),'CARGA DOCENTE'!$B371," ") | J22: =IF(OR(G22="TC",G22="MT"),'CARGA DOCENTE'!$C371," ") | K22: =IF(OR(G22="TC",G22="MT"),'CARGA DOCENTE'!$G371," ") | L22: ='CARGA DOCENTE'!$H372 -> 0 | M22: =IF(OR(L22="TC",L22="MT"),'CARGA DOCENTE'!$A372," ") | N22: =IF(OR(L22="TC",L22="MT"),'CARGA DOCENTE'!$B372," ") | O22: =IF(OR(L22="TC",L22="MT"),'CARGA DOCENTE'!$C372," ") | P22: =IF(OR(L22="TC",L22="MT"),'CARGA DOCENTE'!$G372," ") | Q22: ='CARGA DOCENTE'!$H373 -> 0 | R22: =IF(OR(Q22="TC",Q22="MT"),'CARGA DOCENTE'!$A373," ") | S22: =IF(OR(Q22="TC",Q22="MT"),'CARGA DOCENTE'!$B373," ") | T22: =IF(OR(Q22="TC",Q22="MT"),'CARGA DOCENTE'!$C373," ") | U22: =IF(OR(Q22="TC",Q22="MT"),'CARGA DOCENTE'!$G373," ") | V22: ='CARGA DOCENTE'!$H374 -> 0 | W22: =IF(OR(V22="TC",V22="MT"),'CARGA DOCENTE'!$A374," ") | X22: =IF(OR(V22="TC",V22="MT"),'CARGA DOCENTE'!$B374," ") | Y22: =IF(OR(V22="TC",V22="MT"),'CARGA DOCENTE'!$C374," ") | Z22: =IF(OR(V22="TC",V22="MT"),'CARGA DOCENTE'!$G374," ") | AA22: ='CARGA DOCENTE'!$H375 -> 0 | AB22: =IF(OR(AA22="TC",AA22="MT"),'CARGA DOCENTE'!$A375," ") | AC22: =IF(OR(AA22="TC",AA22="MT"),'CARGA DOCENTE'!$B375," ") | AD22: =IF(OR(AA22="TC",AA22="MT"),'CARGA DOCENTE'!$C375," ") | AE22: =IF(OR(AA22="TC",AA22="MT"),'CARGA DOCENTE'!$G375," ") | AF22: ='CARGA DOCENTE'!$H376 -> 0 | AG22: =IF(OR(AF22="TC",AF22="MT"),'CARGA DOCENTE'!$A376," ") | AH22: =IF(OR(AF22="TC",AF22="MT"),'CARGA DOCENTE'!$B376," ") | AI22: =IF(OR(AF22="TC",AF22="MT"),'CARGA DOCENTE'!$C376," ") | AJ22: =IF(OR(AF22="TC",AF22="MT"),'CARGA DOCENTE'!$G376," ") | AK22: ='CARGA DOCENTE'!$H377 -> 0 | AL22: =IF(OR(AK22="TC",AK22="MT"),'CARGA DOCENTE'!$A377," ") | AM22: =IF(OR(AK22="TC",AK22="MT"),'CARGA DOCENTE'!$B377," ") | AN22: =IF(OR(AK22="TC",AK22="MT"),'CARGA DOCENTE'!$C377," ") | AO22: =IF(OR(AK22="TC",AK22="MT"),'CARGA DOCENTE'!$G377," ") | AP22: ='CARGA DOCENTE'!$H378 -> 0 | AQ22: =IF(OR(AP22="TC",AP22="MT"),'CARGA DOCENTE'!$A378," ") | AR22: =IF(OR(AP22="TC",AP22="MT"),'CARGA DOCENTE'!$B378," ") | AS22: =IF(OR(AP22="TC",AP22="MT"),'CARGA DOCENTE'!$C378," ") | AT22: =IF(OR(AP22="TC",AP22="MT"),'CARGA DOCENTE'!$G378," ") | AU22: ='CARGA DOCENTE'!$H379 -> 0 | AV22: =IF(OR(AU22="TC",AU22="MT"),'CARGA DOCENTE'!$A379," ") | AW22: =IF(OR(AU22="TC",AU22="MT"),'CARGA DOCENTE'!$B379," ") | AX22: =IF(OR(AU22="TC",AU22="MT"),'CARGA DOCENTE'!$C379," ") | AY22: =IF(OR(AU22="TC",AU22="MT"),'CARGA DOCENTE'!$G379," ") | AZ22: ='CARGA DOCENTE'!$H380 -> 0 | BA22: =IF(OR(AZ22="TC",AZ22="MT"),'CARGA DOCENTE'!$A380," ") | BB22: =IF(OR(AZ22="TC",AZ22="MT"),'CARGA DOCENTE'!$B380," ") | BC22: =IF(OR(AZ22="TC",AZ22="MT"),'CARGA DOCENTE'!$C380," ") | BD22: =IF(OR(AZ22="TC",AZ22="MT"),'CARGA DOCENTE'!$G380," ") | BE22: ='CARGA DOCENTE'!$H381 -> 0 | BF22: =IF(OR(BE22="TC",BE22="MT"),'CARGA DOCENTE'!$A381," ") | BG22: =IF(OR(BE22="TC",BE22="MT"),'CARGA DOCENTE'!$B381," ") | BH22: =IF(OR(BE22="TC",BE22="MT"),'CARGA DOCENTE'!$C381," ") | BI22: =IF(OR(BE22="TC",BE22="MT"),'CARGA DOCENTE'!$G381," ") | BJ22: ='CARGA DOCENTE'!$H382 -> 0 | BK22: =IF(OR(BJ22="TC",BJ22="MT"),'CARGA DOCENTE'!$A382," ") | BL22: =IF(OR(BJ22="TC",BJ22="MT"),'CARGA DOCENTE'!$B382," ") | BM22: =IF(OR(BJ22="TC",BJ22="MT"),'CARGA DOCENTE'!$C382," ") | BN22: =IF(OR(BJ22="TC",BJ22="MT"),'CARGA DOCENTE'!$G382," ") | BO22: ='CARGA DOCENTE'!$H383 -> 0 | BP22: =IF(OR(BO22="TC",BO22="MT"),'CARGA DOCENTE'!$A383," ") | BQ22: =IF(OR(BO22="TC",BO22="MT"),'CARGA DOCENTE'!$B383," ") | BR22: =IF(OR(BO22="TC",BO22="MT"),'CARGA DOCENTE'!$C383," ") | BS22: =IF(OR(BO22="TC",BO22="MT"),'CARGA DOCENTE'!$G383," ") | BT22: ='CARGA DOCENTE'!$H384 -> 0 | BU22: =IF(OR(BT22="TC",BT22="MT"),'CARGA DOCENTE'!$A384," ") | BV22: =IF(OR(BT22="TC",BT22="MT"),'CARGA DOCENTE'!$B384," ") | BW22: =IF(OR(BT22="TC",BT22="MT"),'CARGA DOCENTE'!$C384," ") | BX22: =IF(OR(BT22="TC",BT22="MT"),'CARGA DOCENTE'!$G384," ")
A23: ='CARGA DOCENTE'!J388 -> 0 | B23: ='CARGA DOCENTE'!$H388 -> 0 | C23: =IF(OR(B23="TC",B23="MT"),'CARGA DOCENTE'!$A388," ") | D23: =IF(OR(B23="TC",B23="MT"),'CARGA DOCENTE'!$B388," ") | E23: =IF(OR(B23="TC",B23="MT"),'CARGA DOCENTE'!$C388," ") | F23: =IF(OR(B23="TC",B23="MT"),'CARGA DOCENTE'!$G388," ") | G23: ='CARGA DOCENTE'!$H389 -> 0 | H23: =IF(OR(G23="TC",G23="MT"),'CARGA DOCENTE'!$A389," ") | I23: =IF(OR(G23="TC",G23="MT"),'CARGA DOCENTE'!$B389," ") | J23: =IF(OR(G23="TC",G23="MT"),'CARGA DOCENTE'!$C389," ") | K23: =IF(OR(G23="TC",G23="MT"),'CARGA DOCENTE'!$G389," ") | L23: ='CARGA DOCENTE'!$H390 -> 0 | M23: =IF(OR(L23="TC",L23="MT"),'CARGA DOCENTE'!$A390," ") | N23: =IF(OR(L23="TC",L23="MT"),'CARGA DOCENTE'!$B390," ") | O23: =IF(OR(L23="TC",L23="MT"),'CARGA DOCENTE'!$C390," ") | P23: =IF(OR(L23="TC",L23="MT"),'CARGA DOCENTE'!$G390," ") | Q23: ='CARGA DOCENTE'!$H391 -> 0 | R23: =IF(OR(Q23="TC",Q23="MT"),'CARGA DOCENTE'!$A391," ") | S23: =IF(OR(Q23="TC",Q23="MT"),'CARGA DOCENTE'!$B391," ") | T23: =IF(OR(Q23="TC",Q23="MT"),'CARGA DOCENTE'!$C391," ") | U23: =IF(OR(Q23="TC",Q23="MT"),'CARGA DOCENTE'!$G391," ") | V23: ='CARGA DOCENTE'!$H392 -> 0 | W23: =IF(OR(V23="TC",V23="MT"),'CARGA DOCENTE'!$A392," ") | X23: =IF(OR(V23="TC",V23="MT"),'CARGA DOCENTE'!$B392," ") | Y23: =IF(OR(V23="TC",V23="MT"),'CARGA DOCENTE'!$C392," ") | Z23: =IF(OR(V23="TC",V23="MT"),'CARGA DOCENTE'!$G392," ") | AA23: ='CARGA DOCENTE'!$H393 -> 0 | AB23: =IF(OR(AA23="TC",AA23="MT"),'CARGA DOCENTE'!$A393," ") | AC23: =IF(OR(AA23="TC",AA23="MT"),'CARGA DOCENTE'!$B393," ") | AD23: =IF(OR(AA23="TC",AA23="MT"),'CARGA DOCENTE'!$C393," ") | AE23: =IF(OR(AA23="TC",AA23="MT"),'CARGA DOCENTE'!$G393," ") | AF23: ='CARGA DOCENTE'!$H394 -> 0 | AG23: =IF(OR(AF23="TC",AF23="MT"),'CARGA DOCENTE'!$A394," ") | AH23: =IF(OR(AF23="TC",AF23="MT"),'CARGA DOCENTE'!$B394," ") | AI23: =IF(OR(AF23="TC",AF23="MT"),'CARGA DOCENTE'!$C394," ") | AJ23: =IF(OR(AF23="TC",AF23="MT"),'CARGA DOCENTE'!$G394," ") | AK23: ='CARGA DOCENTE'!$H395 -> 0 | AL23: =IF(OR(AK23="TC",AK23="MT"),'CARGA DOCENTE'!$A395," ") | AM23: =IF(OR(AK23="TC",AK23="MT"),'CARGA DOCENTE'!$B395," ") | AN23: =IF(OR(AK23="TC",AK23="MT"),'CARGA DOCENTE'!$C395," ") | AO23: =IF(OR(AK23="TC",AK23="MT"),'CARGA DOCENTE'!$G395," ") | AP23: ='CARGA DOCENTE'!$H396 -> 0 | AQ23: =IF(OR(AP23="TC",AP23="MT"),'CARGA DOCENTE'!$A396," ") | AR23: =IF(OR(AP23="TC",AP23="MT"),'CARGA DOCENTE'!$B396," ") | AS23: =IF(OR(AP23="TC",AP23="MT"),'CARGA DOCENTE'!$C396," ") | AT23: =IF(OR(AP23="TC",AP23="MT"),'CARGA DOCENTE'!$G396," ") | AU23: ='CARGA DOCENTE'!$H397 -> 0 | AV23: =IF(OR(AU23="TC",AU23="MT"),'CARGA DOCENTE'!$A397," ") | AW23: =IF(OR(AU23="TC",AU23="MT"),'CARGA DOCENTE'!$B397," ") | AX23: =IF(OR(AU23="TC",AU23="MT"),'CARGA DOCENTE'!$C397," ") | AY23: =IF(OR(AU23="TC",AU23="MT"),'CARGA DOCENTE'!$G397," ") | AZ23: ='CARGA DOCENTE'!$H398 -> 0 | BA23: =IF(OR(AZ23="TC",AZ23="MT"),'CARGA DOCENTE'!$A398," ") | BB23: =IF(OR(AZ23="TC",AZ23="MT"),'CARGA DOCENTE'!$B398," ") | BC23: =IF(OR(AZ23="TC",AZ23="MT"),'CARGA DOCENTE'!$C398," ") | BD23: =IF(OR(AZ23="TC",AZ23="MT"),'CARGA DOCENTE'!$G398," ") | BE23: ='CARGA DOCENTE'!$H399 -> 0 | BF23: =IF(OR(BE23="TC",BE23="MT"),'CARGA DOCENTE'!$A399," ") | BG23: =IF(OR(BE23="TC",BE23="MT"),'CARGA DOCENTE'!$B399," ") | BH23: =IF(OR(BE23="TC",BE23="MT"),'CARGA DOCENTE'!$C399," ") | BI23: =IF(OR(BE23="TC",BE23="MT"),'CARGA DOCENTE'!$G399," ") | BJ23: ='CARGA DOCENTE'!$H400 -> 0 | BK23: =IF(OR(BJ23="TC",BJ23="MT"),'CARGA DOCENTE'!$A400," ") | BL23: =IF(OR(BJ23="TC",BJ23="MT"),'CARGA DOCENTE'!$B400," ") | BM23: =IF(OR(BJ23="TC",BJ23="MT"),'CARGA DOCENTE'!$C400," ") | BN23: =IF(OR(BJ23="TC",BJ23="MT"),'CARGA DOCENTE'!$G400," ") | BO23: ='CARGA DOCENTE'!$H401 -> 0 | BP23: =IF(OR(BO23="TC",BO23="MT"),'CARGA DOCENTE'!$A401," ") | BQ23: =IF(OR(BO23="TC",BO23="MT"),'CARGA DOCENTE'!$B401," ") | BR23: =IF(OR(BO23="TC",BO23="MT"),'CARGA DOCENTE'!$C401," ") | BS23: =IF(OR(BO23="TC",BO23="MT"),'CARGA DOCENTE'!$G401," ") | BT23: ='CARGA DOCENTE'!$H402 -> 0 | BU23: =IF(OR(BT23="TC",BT23="MT"),'CARGA DOCENTE'!$A402," ") | BV23: =IF(OR(BT23="TC",BT23="MT"),'CARGA DOCENTE'!$B402," ") | BW23: =IF(OR(BT23="TC",BT23="MT"),'CARGA DOCENTE'!$C402," ") | BX23: =IF(OR(BT23="TC",BT23="MT"),'CARGA DOCENTE'!$G402," ")
A24: ='CARGA DOCENTE'!J406 -> 0 | B24: ='CARGA DOCENTE'!H$406 -> 0 | C24: =IF(OR(B24="TC",B24="MT"),'CARGA DOCENTE'!$A406," ") | D24: =IF(OR(B24="TC",B24="MT"),'CARGA DOCENTE'!$B406," ") | E24: =IF(OR(B24="TC",B24="MT"),'CARGA DOCENTE'!$C406," ") | F24: =IF(OR(B24="TC",B24="MT"),'CARGA DOCENTE'!$G406," ") | G24: ='CARGA DOCENTE'!$H407 -> 0 | H24: =IF(OR(G24="TC",G24="MT"),'CARGA DOCENTE'!$A407," ") | I24: =IF(OR(G24="TC",G24="MT"),'CARGA DOCENTE'!$B407," ") | J24: =IF(OR(G24="TC",G24="MT"),'CARGA DOCENTE'!$C407," ") | K24: =IF(OR(G24="TC",G24="MT"),'CARGA DOCENTE'!$G407," ") | L24: ='CARGA DOCENTE'!R$408 -> 0 | M24: =IF(OR(L24="TC",L24="MT"),'CARGA DOCENTE'!$A408," ") | N24: =IF(OR(L24="TC",L24="MT"),'CARGA DOCENTE'!$B408," ") | O24: =IF(OR(L24="TC",L24="MT"),'CARGA DOCENTE'!$C408," ") | P24: =IF(OR(L24="TC",L24="MT"),'CARGA DOCENTE'!$G408," ") | Q24: ='CARGA DOCENTE'!W$409 -> 0 | R24: =IF(OR(Q24="TC",Q24="MT"),'CARGA DOCENTE'!$A409," ") | S24: =IF(OR(Q24="TC",Q24="MT"),'CARGA DOCENTE'!$B409," ") | T24: =IF(OR(Q24="TC",Q24="MT"),'CARGA DOCENTE'!$C409," ") | U24: =IF(OR(Q24="TC",Q24="MT"),'CARGA DOCENTE'!$G409," ") | V24: ='CARGA DOCENTE'!AB$410 -> 0 | W24: =IF(OR(V24="TC",V24="MT"),'CARGA DOCENTE'!$A410," ") | X24: =IF(OR(V24="TC",V24="MT"),'CARGA DOCENTE'!$B410," ") | Y24: =IF(OR(V24="TC",V24="MT"),'CARGA DOCENTE'!$C410," ") | Z24: =IF(OR(V24="TC",V24="MT"),'CARGA DOCENTE'!$G410," ") | AA24: ='CARGA DOCENTE'!AG$411 -> 0 | AB24: =IF(OR(AA24="TC",AA24="MT"),'CARGA DOCENTE'!$A411," ") | AC24: =IF(OR(AA24="TC",AA24="MT"),'CARGA DOCENTE'!$B411," ") | AD24: =IF(OR(AA24="TC",AA24="MT"),'CARGA DOCENTE'!$C411," ") | AE24: =IF(OR(AA24="TC",AA24="MT"),'CARGA DOCENTE'!$G411," ") | AF24: ='CARGA DOCENTE'!AL$412 -> 0 | AG24: =IF(OR(AF24="TC",AF24="MT"),'CARGA DOCENTE'!$A412," ") | AH24: =IF(OR(AF24="TC",AF24="MT"),'CARGA DOCENTE'!$B412," ") | AI24: =IF(OR(AF24="TC",AF24="MT"),'CARGA DOCENTE'!$C412," ") | AJ24: =IF(OR(AF24="TC",AF24="MT"),'CARGA DOCENTE'!$G412," ") | AK24: ='CARGA DOCENTE'!AQ$413 -> 0 | AL24: =IF(OR(AK24="TC",AK24="MT"),'CARGA DOCENTE'!$A413," ") | AM24: =IF(OR(AK24="TC",AK24="MT"),'CARGA DOCENTE'!$B413," ") | AN24: =IF(OR(AK24="TC",AK24="MT"),'CARGA DOCENTE'!$C413," ") | AO24: =IF(OR(AK24="TC",AK24="MT"),'CARGA DOCENTE'!$G413," ") | AP24: ='CARGA DOCENTE'!AV$414 -> 0 | AQ24: =IF(OR(AP24="TC",AP24="MT"),'CARGA DOCENTE'!$A414," ") | AR24: =IF(OR(AP24="TC",AP24="MT"),'CARGA DOCENTE'!$B414," ") | AS24: =IF(OR(AP24="TC",AP24="MT"),'CARGA DOCENTE'!$C414," ") | AT24: =IF(OR(AP24="TC",AP24="MT"),'CARGA DOCENTE'!$G414," ") | AU24: ='CARGA DOCENTE'!BA$415 -> 0 | AV24: =IF(OR(AU24="TC",AU24="MT"),'CARGA DOCENTE'!$A415," ") | AW24: =IF(OR(AU24="TC",AU24="MT"),'CARGA DOCENTE'!$B415," ") | AX24: =IF(OR(AU24="TC",AU24="MT"),'CARGA DOCENTE'!$C415," ") | AY24: =IF(OR(AU24="TC",AU24="MT"),'CARGA DOCENTE'!$G415," ") | AZ24: ='CARGA DOCENTE'!BF$416 -> 0 | BA24: =IF(OR(AZ24="TC",AZ24="MT"),'CARGA DOCENTE'!$A416," ") | BB24: =IF(OR(AZ24="TC",AZ24="MT"),'CARGA DOCENTE'!$B416," ") | BC24: =IF(OR(AZ24="TC",AZ24="MT"),'CARGA DOCENTE'!$C416," ") | BD24: =IF(OR(AZ24="TC",AZ24="MT"),'CARGA DOCENTE'!$G416," ") | BE24: ='CARGA DOCENTE'!BK$417 -> 0 | BF24: =IF(OR(BE24="TC",BE24="MT"),'CARGA DOCENTE'!$A417," ") | BG24: =IF(OR(BE24="TC",BE24="MT"),'CARGA DOCENTE'!$B417," ") | BH24: =IF(OR(BE24="TC",BE24="MT"),'CARGA DOCENTE'!$C417," ") | BI24: =IF(OR(BE24="TC",BE24="MT"),'CARGA DOCENTE'!$G417," ") | BJ24: ='CARGA DOCENTE'!BP$418 -> 0 | BK24: =IF(OR(BJ24="TC",BJ24="MT"),'CARGA DOCENTE'!$A418," ") | BL24: =IF(OR(BJ24="TC",BJ24="MT"),'CARGA DOCENTE'!$B418," ") | BM24: =IF(OR(BJ24="TC",BJ24="MT"),'CARGA DOCENTE'!$C418," ") | BN24: =IF(OR(BJ24="TC",BJ24="MT"),'CARGA DOCENTE'!$G418," ") | BO24: ='CARGA DOCENTE'!BU$419 -> 0 | BP24: =IF(OR(BO24="TC",BO24="MT"),'CARGA DOCENTE'!$A419," ") | BQ24: =IF(OR(BO24="TC",BO24="MT"),'CARGA DOCENTE'!$B419," ") | BR24: =IF(OR(BO24="TC",BO24="MT"),'CARGA DOCENTE'!$C419," ") | BS24: =IF(OR(BO24="TC",BO24="MT"),'CARGA DOCENTE'!$G419," ") | BT24: ='CARGA DOCENTE'!BZ$420 -> 0 | BU24: =IF(OR(BT24="TC",BT24="MT"),'CARGA DOCENTE'!$A420," ") | BV24: =IF(OR(BT24="TC",BT24="MT"),'CARGA DOCENTE'!$B420," ") | BW24: =IF(OR(BT24="TC",BT24="MT"),'CARGA DOCENTE'!$C420," ") | BX24: =IF(OR(BT24="TC",BT24="MT"),'CARGA DOCENTE'!$G420," ")
A25: ='CARGA DOCENTE'!J424 -> 0 | B25: ='CARGA DOCENTE'!$H424 -> 0 | C25: =IF(OR(B25="TC",B25="MT"),'CARGA DOCENTE'!$A424," ") | D25: =IF(OR(B25="TC",B25="MT"),'CARGA DOCENTE'!$B424," ") | E25: =IF(OR(B25="TC",B25="MT"),'CARGA DOCENTE'!$C424," ") | F25: =IF(OR(B25="TC",B25="MT"),'CARGA DOCENTE'!$G424," ") | G25: ='CARGA DOCENTE'!$H425 -> 0 | H25: =IF(OR(G25="TC",G25="MT"),'CARGA DOCENTE'!$A425," ") | I25: =IF(OR(G25="TC",G25="MT"),'CARGA DOCENTE'!$B425," ") | J25: =IF(OR(G25="TC",G25="MT"),'CARGA DOCENTE'!$C425," ") | K25: =IF(OR(G25="TC",G25="MT"),'CARGA DOCENTE'!$G425," ") | L25: ='CARGA DOCENTE'!$H426 -> 0 | M25: =IF(OR(L25="TC",L25="MT"),'CARGA DOCENTE'!$A426," ") | N25: =IF(OR(L25="TC",L25="MT"),'CARGA DOCENTE'!$B426," ") | O25: =IF(OR(L25="TC",L25="MT"),'CARGA DOCENTE'!$C426," ") | P25: =IF(OR(L25="TC",L25="MT"),'CARGA DOCENTE'!$G426," ") | Q25: ='CARGA DOCENTE'!$H427 -> 0 | R25: =IF(OR(Q25="TC",Q25="MT"),'CARGA DOCENTE'!$A427," ") | S25: =IF(OR(Q25="TC",Q25="MT"),'CARGA DOCENTE'!$B427," ") | T25: =IF(OR(Q25="TC",Q25="MT"),'CARGA DOCENTE'!$C427," ") | U25: =IF(OR(Q25="TC",Q25="MT"),'CARGA DOCENTE'!$G427," ") | V25: ='CARGA DOCENTE'!$H428 -> 0 | W25: =IF(OR(V25="TC",V25="MT"),'CARGA DOCENTE'!$A428," ") | X25: =IF(OR(V25="TC",V25="MT"),'CARGA DOCENTE'!$B428," ") | Y25: =IF(OR(V25="TC",V25="MT"),'CARGA DOCENTE'!$C428," ") | Z25: =IF(OR(V25="TC",V25="MT"),'CARGA DOCENTE'!$G428," ") | AA25: ='CARGA DOCENTE'!$H429 -> 0 | AB25: =IF(OR(AA25="TC",AA25="MT"),'CARGA DOCENTE'!$A429," ") | AC25: =IF(OR(AA25="TC",AA25="MT"),'CARGA DOCENTE'!$B429," ") | AD25: =IF(OR(AA25="TC",AA25="MT"),'CARGA DOCENTE'!$C429," ") | AE25: =IF(OR(AA25="TC",AA25="MT"),'CARGA DOCENTE'!$G429," ") | AF25: ='CARGA DOCENTE'!$H430 -> 0 | AG25: =IF(OR(AF25="TC",AF25="MT"),'CARGA DOCENTE'!$A430," ") | AH25: =IF(OR(AF25="TC",AF25="MT"),'CARGA DOCENTE'!$B430," ") | AI25: =IF(OR(AF25="TC",AF25="MT"),'CARGA DOCENTE'!$C430," ") | AJ25: =IF(OR(AF25="TC",AF25="MT"),'CARGA DOCENTE'!$G430," ") | AK25: ='CARGA DOCENTE'!$H431 -> 0 | AL25: =IF(OR(AK25="TC",AK25="MT"),'CARGA DOCENTE'!$A431," ") | AM25: =IF(OR(AK25="TC",AK25="MT"),'CARGA DOCENTE'!$B431," ") | AN25: =IF(OR(AK25="TC",AK25="MT"),'CARGA DOCENTE'!$C431," ") | AO25: =IF(OR(AK25="TC",AK25="MT"),'CARGA DOCENTE'!$G431," ") | AP25: ='CARGA DOCENTE'!$H432 -> 0 | AQ25: =IF(OR(AP25="TC",AP25="MT"),'CARGA DOCENTE'!$A432," ") | AR25: =IF(OR(AP25="TC",AP25="MT"),'CARGA DOCENTE'!$B432," ") | AS25: =IF(OR(AP25="TC",AP25="MT"),'CARGA DOCENTE'!$C432," ") | AT25: =IF(OR(AP25="TC",AP25="MT"),'CARGA DOCENTE'!$G432," ") | AU25: ='CARGA DOCENTE'!$H433 -> 0 | AV25: =IF(OR(AU25="TC",AU25="MT"),'CARGA DOCENTE'!$A433," ") | AW25: =IF(OR(AU25="TC",AU25="MT"),'CARGA DOCENTE'!$B433," ") | AX25: =IF(OR(AU25="TC",AU25="MT"),'CARGA DOCENTE'!$C433," ") | AY25: =IF(OR(AU25="TC",AU25="MT"),'CARGA DOCENTE'!$G433," ") | AZ25: ='CARGA DOCENTE'!$H434 -> 0 | BA25: =IF(OR(AZ25="TC",AZ25="MT"),'CARGA DOCENTE'!$A434," ") | BB25: =IF(OR(AZ25="TC",AZ25="MT"),'CARGA DOCENTE'!$B434," ") | BC25: =IF(OR(AZ25="TC",AZ25="MT"),'CARGA DOCENTE'!$C434," ") | BD25: =IF(OR(AZ25="TC",AZ25="MT"),'CARGA DOCENTE'!$G434," ") | BE25: ='CARGA DOCENTE'!$H435 -> 0 | BF25: =IF(OR(BE25="TC",BE25="MT"),'CARGA DOCENTE'!$A435," ") | BG25: =IF(OR(BE25="TC",BE25="MT"),'CARGA DOCENTE'!$B435," ") | BH25: =IF(OR(BE25="TC",BE25="MT"),'CARGA DOCENTE'!$C435," ") | BI25: =IF(OR(BE25="TC",BE25="MT"),'CARGA DOCENTE'!$G435," ") | BJ25: ='CARGA DOCENTE'!$H436 -> 0 | BK25: =IF(OR(BJ25="TC",BJ25="MT"),'CARGA DOCENTE'!$A436," ") | BL25: =IF(OR(BJ25="TC",BJ25="MT"),'CARGA DOCENTE'!$B436," ") | BM25: =IF(OR(BJ25="TC",BJ25="MT"),'CARGA DOCENTE'!$C436," ") | BN25: =IF(OR(BJ25="TC",BJ25="MT"),'CARGA DOCENTE'!$G436," ") | BO25: ='CARGA DOCENTE'!$H437 -> 0 | BP25: =IF(OR(BO25="TC",BO25="MT"),'CARGA DOCENTE'!$A437," ") | BQ25: =IF(OR(BO25="TC",BO25="MT"),'CARGA DOCENTE'!$B437," ") | BR25: =IF(OR(BO25="TC",BO25="MT"),'CARGA DOCENTE'!$C437," ") | BS25: =IF(OR(BO25="TC",BO25="MT"),'CARGA DOCENTE'!$G437," ") | BT25: ='CARGA DOCENTE'!$H438 -> 0 | BU25: =IF(OR(BT25="TC",BT25="MT"),'CARGA DOCENTE'!$A438," ") | BV25: =IF(OR(BT25="TC",BT25="MT"),'CARGA DOCENTE'!$B438," ") | BW25: =IF(OR(BT25="TC",BT25="MT"),'CARGA DOCENTE'!$C438," ") | BX25: =IF(OR(BT25="TC",BT25="MT"),'CARGA DOCENTE'!$G438," ")
A26: ='CARGA DOCENTE'!J442 -> 0 | B26: ='CARGA DOCENTE'!$H442 -> 0 | C26: =IF(OR(B26="TC",B26="MT"),'CARGA DOCENTE'!$A442," ") | D26: =IF(OR(B26="TC",B26="MT"),'CARGA DOCENTE'!$B442," ") | E26: =IF(OR(B26="TC",B26="MT"),'CARGA DOCENTE'!$C442," ") | F26: =IF(OR(B26="TC",B26="MT"),'CARGA DOCENTE'!$G442," ") | G26: ='CARGA DOCENTE'!$H443 -> 0 | H26: =IF(OR(G26="TC",G26="MT"),'CARGA DOCENTE'!$A443," ") | I26: =IF(OR(G26="TC",G26="MT"),'CARGA DOCENTE'!$B443," ") | J26: =IF(OR(G26="TC",G26="MT"),'CARGA DOCENTE'!$C443," ") | K26: =IF(OR(G26="TC",G26="MT"),'CARGA DOCENTE'!$G443," ") | L26: ='CARGA DOCENTE'!$H444 -> 0 | M26: =IF(OR(L26="TC",L26="MT"),'CARGA DOCENTE'!$A444," ") | N26: =IF(OR(L26="TC",L26="MT"),'CARGA DOCENTE'!$B444," ") | O26: =IF(OR(L26="TC",L26="MT"),'CARGA DOCENTE'!$C444," ") | P26: =IF(OR(L26="TC",L26="MT"),'CARGA DOCENTE'!$G444," ") | Q26: ='CARGA DOCENTE'!$H445 -> 0 | R26: =IF(OR(Q26="TC",Q26="MT"),'CARGA DOCENTE'!$A445," ") | S26: =IF(OR(Q26="TC",Q26="MT"),'CARGA DOCENTE'!$B445," ") | T26: =IF(OR(Q26="TC",Q26="MT"),'CARGA DOCENTE'!$C445," ") | U26: =IF(OR(Q26="TC",Q26="MT"),'CARGA DOCENTE'!$G445," ") | V26: ='CARGA DOCENTE'!$H446 -> 0 | W26: =IF(OR(V26="TC",V26="MT"),'CARGA DOCENTE'!$A446," ") | X26: =IF(OR(V26="TC",V26="MT"),'CARGA DOCENTE'!$B446," ") | Y26: =IF(OR(V26="TC",V26="MT"),'CARGA DOCENTE'!$C446," ") | Z26: =IF(OR(V26="TC",V26="MT"),'CARGA DOCENTE'!$G446," ") | AA26: ='CARGA DOCENTE'!$H447 -> 0 | AB26: =IF(OR(AA26="TC",AA26="MT"),'CARGA DOCENTE'!$A447," ") | AC26: =IF(OR(AA26="TC",AA26="MT"),'CARGA DOCENTE'!$B447," ") | AD26: =IF(OR(AA26="TC",AA26="MT"),'CARGA DOCENTE'!$C447," ") | AE26: =IF(OR(AA26="TC",AA26="MT"),'CARGA DOCENTE'!$G447," ") | AF26: ='CARGA DOCENTE'!$H448 -> 0 | AG26: =IF(OR(AF26="TC",AF26="MT"),'CARGA DOCENTE'!$A448," ") | AH26: =IF(OR(AF26="TC",AF26="MT"),'CARGA DOCENTE'!$B448," ") | AI26: =IF(OR(AF26="TC",AF26="MT"),'CARGA DOCENTE'!$C448," ") | AJ26: =IF(OR(AF26="TC",AF26="MT"),'CARGA DOCENTE'!$G448," ") | AK26: ='CARGA DOCENTE'!$H449 -> 0 | AL26: =IF(OR(AK26="TC",AK26="MT"),'CARGA DOCENTE'!$A449," ") | AM26: =IF(OR(AK26="TC",AK26="MT"),'CARGA DOCENTE'!$B449," ") | AN26: =IF(OR(AK26="TC",AK26="MT"),'CARGA DOCENTE'!$C449," ") | AO26: =IF(OR(AK26="TC",AK26="MT"),'CARGA DOCENTE'!$G449," ") | AP26: ='CARGA DOCENTE'!$H450 -> 0 | AQ26: =IF(OR(AP26="TC",AP26="MT"),'CARGA DOCENTE'!$A450," ") | AR26: =IF(OR(AP26="TC",AP26="MT"),'CARGA DOCENTE'!$B450," ") | AS26: =IF(OR(AP26="TC",AP26="MT"),'CARGA DOCENTE'!$C450," ") | AT26: =IF(OR(AP26="TC",AP26="MT"),'CARGA DOCENTE'!$G450," ") | AU26: ='CARGA DOCENTE'!$H451 -> 0 | AV26: =IF(OR(AU26="TC",AU26="MT"),'CARGA DOCENTE'!$A451," ") | AW26: =IF(OR(AU26="TC",AU26="MT"),'CARGA DOCENTE'!$B451," ") | AX26: =IF(OR(AU26="TC",AU26="MT"),'CARGA DOCENTE'!$C451," ") | AY26: =IF(OR(AU26="TC",AU26="MT"),'CARGA DOCENTE'!$G451," ") | AZ26: ='CARGA DOCENTE'!$H452 -> 0 | BA26: =IF(OR(AZ26="TC",AZ26="MT"),'CARGA DOCENTE'!$A452," ") | BB26: =IF(OR(AZ26="TC",AZ26="MT"),'CARGA DOCENTE'!$B452," ") | BC26: =IF(OR(AZ26="TC",AZ26="MT"),'CARGA DOCENTE'!$C452," ") | BD26: =IF(OR(AZ26="TC",AZ26="MT"),'CARGA DOCENTE'!$G452," ") | BE26: ='CARGA DOCENTE'!$H453 -> 0 | BF26: =IF(OR(BE26="TC",BE26="MT"),'CARGA DOCENTE'!$A453," ") | BG26: =IF(OR(BE26="TC",BE26="MT"),'CARGA DOCENTE'!$B453," ") | BH26: =IF(OR(BE26="TC",BE26="MT"),'CARGA DOCENTE'!$C453," ") | BI26: =IF(OR(BE26="TC",BE26="MT"),'CARGA DOCENTE'!$G453," ") | BJ26: ='CARGA DOCENTE'!$H454 -> 0 | BK26: =IF(OR(BJ26="TC",BJ26="MT"),'CARGA DOCENTE'!$A454," ") | BL26: =IF(OR(BJ26="TC",BJ26="MT"),'CARGA DOCENTE'!$B454," ") | BM26: =IF(OR(BJ26="TC",BJ26="MT"),'CARGA DOCENTE'!$C454," ") | BN26: =IF(OR(BJ26="TC",BJ26="MT"),'CARGA DOCENTE'!$G454," ") | BO26: ='CARGA DOCENTE'!$H455 -> 0 | BP26: =IF(OR(BO26="TC",BO26="MT"),'CARGA DOCENTE'!$A455," ") | BQ26: =IF(OR(BO26="TC",BO26="MT"),'CARGA DOCENTE'!$B455," ") | BR26: =IF(OR(BO26="TC",BO26="MT"),'CARGA DOCENTE'!$C455," ") | BS26: =IF(OR(BO26="TC",BO26="MT"),'CARGA DOCENTE'!$G455," ") | BT26: ='CARGA DOCENTE'!$H456 -> 0 | BU26: =IF(OR(BT26="TC",BT26="MT"),'CARGA DOCENTE'!$A456," ") | BV26: =IF(OR(BT26="TC",BT26="MT"),'CARGA DOCENTE'!$B456," ") | BW26: =IF(OR(BT26="TC",BT26="MT"),'CARGA DOCENTE'!$C456," ") | BX26: =IF(OR(BT26="TC",BT26="MT"),'CARGA DOCENTE'!$G456," ")
A27: ='CARGA DOCENTE'!J460 -> 0 | B27: ='CARGA DOCENTE'!$H460 -> 0 | C27: =IF(OR(B27="TC",B27="MT"),'CARGA DOCENTE'!$A460," ") | D27: =IF(OR(B27="TC",B27="MT"),'CARGA DOCENTE'!$B460," ") | E27: =IF(OR(B27="TC",B27="MT"),'CARGA DOCENTE'!$C460," ") | F27: =IF(OR(B27="TC",B27="MT"),'CARGA DOCENTE'!$G460," ") | G27: ='CARGA DOCENTE'!$H461 -> 0 | H27: =IF(OR(G27="TC",G27="MT"),'CARGA DOCENTE'!$A461," ") | I27: =IF(OR(G27="TC",G27="MT"),'CARGA DOCENTE'!$B461," ") | J27: =IF(OR(G27="TC",G27="MT"),'CARGA DOCENTE'!$C461," ") | K27: =IF(OR(G27="TC",G27="MT"),'CARGA DOCENTE'!$G461," ") | L27: ='CARGA DOCENTE'!$H462 -> 0 | M27: =IF(OR(L27="TC",L27="MT"),'CARGA DOCENTE'!$A462," ") | N27: =IF(OR(L27="TC",L27="MT"),'CARGA DOCENTE'!$B462," ") | O27: =IF(OR(L27="TC",L27="MT"),'CARGA DOCENTE'!$C462," ") | P27: =IF(OR(L27="TC",L27="MT"),'CARGA DOCENTE'!$G462," ") | Q27: ='CARGA DOCENTE'!$H463 -> 0 | R27: =IF(OR(Q27="TC",Q27="MT"),'CARGA DOCENTE'!$A463," ") | S27: =IF(OR(Q27="TC",Q27="MT"),'CARGA DOCENTE'!$B463," ") | T27: =IF(OR(Q27="TC",Q27="MT"),'CARGA DOCENTE'!$C463," ") | U27: =IF(OR(Q27="TC",Q27="MT"),'CARGA DOCENTE'!$G463," ") | V27: ='CARGA DOCENTE'!$H464 -> 0 | W27: =IF(OR(V27="TC",V27="MT"),'CARGA DOCENTE'!$A464," ") | X27: =IF(OR(V27="TC",V27="MT"),'CARGA DOCENTE'!$B464," ") | Y27: =IF(OR(V27="TC",V27="MT"),'CARGA DOCENTE'!$C464," ") | Z27: =IF(OR(V27="TC",V27="MT"),'CARGA DOCENTE'!$G464," ") | AA27: ='CARGA DOCENTE'!$H465 -> 0 | AB27: =IF(OR(AA27="TC",AA27="MT"),'CARGA DOCENTE'!$A465," ") | AC27: =IF(OR(AA27="TC",AA27="MT"),'CARGA DOCENTE'!$B465," ") | AD27: =IF(OR(AA27="TC",AA27="MT"),'CARGA DOCENTE'!$C465," ") | AE27: =IF(OR(AA27="TC",AA27="MT"),'CARGA DOCENTE'!$G465," ") | AF27: ='CARGA DOCENTE'!$H466 -> 0 | AG27: =IF(OR(AF27="TC",AF27="MT"),'CARGA DOCENTE'!$A466," ") | AH27: =IF(OR(AF27="TC",AF27="MT"),'CARGA DOCENTE'!$B466," ") | AI27: =IF(OR(AF27="TC",AF27="MT"),'CARGA DOCENTE'!$C466," ") | AJ27: =IF(OR(AF27="TC",AF27="MT"),'CARGA DOCENTE'!$G466," ") | AK27: ='CARGA DOCENTE'!$H467 -> 0 | AL27: =IF(OR(AK27="TC",AK27="MT"),'CARGA DOCENTE'!$A467," ") | AM27: =IF(OR(AK27="TC",AK27="MT"),'CARGA DOCENTE'!$B467," ") | AN27: =IF(OR(AK27="TC",AK27="MT"),'CARGA DOCENTE'!$C467," ") | AO27: =IF(OR(AK27="TC",AK27="MT"),'CARGA DOCENTE'!$G467," ") | AP27: ='CARGA DOCENTE'!$H468 -> 0 | AQ27: =IF(OR(AP27="TC",AP27="MT"),'CARGA DOCENTE'!$A468," ") | AR27: =IF(OR(AP27="TC",AP27="MT"),'CARGA DOCENTE'!$B468," ") | AS27: =IF(OR(AP27="TC",AP27="MT"),'CARGA DOCENTE'!$C468," ") | AT27: =IF(OR(AP27="TC",AP27="MT"),'CARGA DOCENTE'!$G468," ") | AU27: ='CARGA DOCENTE'!$H469 -> 0 | AV27: =IF(OR(AU27="TC",AU27="MT"),'CARGA DOCENTE'!$A469," ") | AW27: =IF(OR(AU27="TC",AU27="MT"),'CARGA DOCENTE'!$B469," ") | AX27: =IF(OR(AU27="TC",AU27="MT"),'CARGA DOCENTE'!$C469," ") | AY27: =IF(OR(AU27="TC",AU27="MT"),'CARGA DOCENTE'!$G469," ") | AZ27: ='CARGA DOCENTE'!$H470 -> 0 | BA27: =IF(OR(AZ27="TC",AZ27="MT"),'CARGA DOCENTE'!$A470," ") | BB27: =IF(OR(AZ27="TC",AZ27="MT"),'CARGA DOCENTE'!$B470," ") | BC27: =IF(OR(AZ27="TC",AZ27="MT"),'CARGA DOCENTE'!$C470," ") | BD27: =IF(OR(AZ27="TC",AZ27="MT"),'CARGA DOCENTE'!$G470," ") | BE27: ='CARGA DOCENTE'!$H471 -> 0 | BF27: =IF(OR(BE27="TC",BE27="MT"),'CARGA DOCENTE'!$A471," ") | BG27: =IF(OR(BE27="TC",BE27="MT"),'CARGA DOCENTE'!$B471," ") | BH27: =IF(OR(BE27="TC",BE27="MT"),'CARGA DOCENTE'!$C471," ") | BI27: =IF(OR(BE27="TC",BE27="MT"),'CARGA DOCENTE'!$G471," ") | BJ27: ='CARGA DOCENTE'!$H472 -> 0 | BK27: =IF(OR(BJ27="TC",BJ27="MT"),'CARGA DOCENTE'!$A472," ") | BL27: =IF(OR(BJ27="TC",BJ27="MT"),'CARGA DOCENTE'!$B472," ") | BM27: =IF(OR(BJ27="TC",BJ27="MT"),'CARGA DOCENTE'!$C472," ") | BN27: =IF(OR(BJ27="TC",BJ27="MT"),'CARGA DOCENTE'!$G472," ") | BO27: ='CARGA DOCENTE'!$H473 -> 0 | BP27: =IF(OR(BO27="TC",BO27="MT"),'CARGA DOCENTE'!$A473," ") | BQ27: =IF(OR(BO27="TC",BO27="MT"),'CARGA DOCENTE'!$B473," ") | BR27: =IF(OR(BO27="TC",BO27="MT"),'CARGA DOCENTE'!$C473," ") | BS27: =IF(OR(BO27="TC",BO27="MT"),'CARGA DOCENTE'!$G473," ") | BT27: ='CARGA DOCENTE'!$H474 -> 0 | BU27: =IF(OR(BT27="TC",BT27="MT"),'CARGA DOCENTE'!$A474," ") | BV27: =IF(OR(BT27="TC",BT27="MT"),'CARGA DOCENTE'!$B474," ") | BW27: =IF(OR(BT27="TC",BT27="MT"),'CARGA DOCENTE'!$C474," ") | BX27: =IF(OR(BT27="TC",BT27="MT"),'CARGA DOCENTE'!$G474," ")
A28: ='CARGA DOCENTE'!J478 -> 0 | B28: ='CARGA DOCENTE'!$H478 -> 0 | C28: =IF(OR(B28="TC",B28="MT"),'CARGA DOCENTE'!$A478," ") | D28: =IF(OR(B28="TC",B28="MT"),'CARGA DOCENTE'!$B478," ") | E28: =IF(OR(B28="TC",B28="MT"),'CARGA DOCENTE'!$C478," ") | F28: =IF(OR(B28="TC",B28="MT"),'CARGA DOCENTE'!$G478," ") | G28: ='CARGA DOCENTE'!$H479 -> 0 | H28: =IF(OR(G28="TC",G28="MT"),'CARGA DOCENTE'!$A479," ") | I28: =IF(OR(G28="TC",G28="MT"),'CARGA DOCENTE'!$B479," ") | J28: =IF(OR(G28="TC",G28="MT"),'CARGA DOCENTE'!$C479," ") | K28: =IF(OR(G28="TC",G28="MT"),'CARGA DOCENTE'!$G479," ") | L28: ='CARGA DOCENTE'!$H480 -> 0 | M28: =IF(OR(L28="TC",L28="MT"),'CARGA DOCENTE'!$A480," ") | N28: =IF(OR(L28="TC",L28="MT"),'CARGA DOCENTE'!$B480," ") | O28: =IF(OR(L28="TC",L28="MT"),'CARGA DOCENTE'!$C480," ") | P28: =IF(OR(L28="TC",L28="MT"),'CARGA DOCENTE'!$G480," ") | Q28: ='CARGA DOCENTE'!$H481 -> 0 | R28: =IF(OR(Q28="TC",Q28="MT"),'CARGA DOCENTE'!$A481," ") | S28: =IF(OR(Q28="TC",Q28="MT"),'CARGA DOCENTE'!$B481," ") | T28: =IF(OR(Q28="TC",Q28="MT"),'CARGA DOCENTE'!$C481," ") | U28: =IF(OR(Q28="TC",Q28="MT"),'CARGA DOCENTE'!$G481," ") | V28: ='CARGA DOCENTE'!$H482 -> 0 | W28: =IF(OR(V28="TC",V28="MT"),'CARGA DOCENTE'!$A482," ") | X28: =IF(OR(V28="TC",V28="MT"),'CARGA DOCENTE'!$B482," ") | Y28: =IF(OR(V28="TC",V28="MT"),'CARGA DOCENTE'!$C482," ") | Z28: =IF(OR(V28="TC",V28="MT"),'CARGA DOCENTE'!$G482," ") | AA28: ='CARGA DOCENTE'!$H483 -> 0 | AB28: =IF(OR(AA28="TC",AA28="MT"),'CARGA DOCENTE'!$A483," ") | AC28: =IF(OR(AA28="TC",AA28="MT"),'CARGA DOCENTE'!$B483," ") | AD28: =IF(OR(AA28="TC",AA28="MT"),'CARGA DOCENTE'!$C483," ") | AE28: =IF(OR(AA28="TC",AA28="MT"),'CARGA DOCENTE'!$G483," ") | AF28: ='CARGA DOCENTE'!$H484 -> 0 | AG28: =IF(OR(AF28="TC",AF28="MT"),'CARGA DOCENTE'!$A484," ") | AH28: =IF(OR(AF28="TC",AF28="MT"),'CARGA DOCENTE'!$B484," ") | AI28: =IF(OR(AF28="TC",AF28="MT"),'CARGA DOCENTE'!$C484," ") | AJ28: =IF(OR(AF28="TC",AF28="MT"),'CARGA DOCENTE'!$G484," ") | AK28: ='CARGA DOCENTE'!$H485 -> 0 | AL28: =IF(OR(AK28="TC",AK28="MT"),'CARGA DOCENTE'!$A485," ") | AM28: =IF(OR(AK28="TC",AK28="MT"),'CARGA DOCENTE'!$B485," ") | AN28: =IF(OR(AK28="TC",AK28="MT"),'CARGA DOCENTE'!$C485," ") | AO28: =IF(OR(AK28="TC",AK28="MT"),'CARGA DOCENTE'!$G485," ") | AP28: ='CARGA DOCENTE'!$H486 -> 0 | AQ28: =IF(OR(AP28="TC",AP28="MT"),'CARGA DOCENTE'!$A486," ") | AR28: =IF(OR(AP28="TC",AP28="MT"),'CARGA DOCENTE'!$B486," ") | AS28: =IF(OR(AP28="TC",AP28="MT"),'CARGA DOCENTE'!$C486," ") | AT28: =IF(OR(AP28="TC",AP28="MT"),'CARGA DOCENTE'!$G486," ") | AU28: ='CARGA DOCENTE'!$H487 -> 0 | AV28: =IF(OR(AU28="TC",AU28="MT"),'CARGA DOCENTE'!$A487," ") | AW28: =IF(OR(AU28="TC",AU28="MT"),'CARGA DOCENTE'!$B487," ") | AX28: =IF(OR(AU28="TC",AU28="MT"),'CARGA DOCENTE'!$C487," ") | AY28: =IF(OR(AU28="TC",AU28="MT"),'CARGA DOCENTE'!$G487," ") | AZ28: ='CARGA DOCENTE'!$H488 -> 0 | BA28: =IF(OR(AZ28="TC",AZ28="MT"),'CARGA DOCENTE'!$A488," ") | BB28: =IF(OR(AZ28="TC",AZ28="MT"),'CARGA DOCENTE'!$B488," ") | BC28: =IF(OR(AZ28="TC",AZ28="MT"),'CARGA DOCENTE'!$C488," ") | BD28: =IF(OR(AZ28="TC",AZ28="MT"),'CARGA DOCENTE'!$G488," ") | BE28: ='CARGA DOCENTE'!$H489 -> 0 | BF28: =IF(OR(BE28="TC",BE28="MT"),'CARGA DOCENTE'!$A489," ") | BG28: =IF(OR(BE28="TC",BE28="MT"),'CARGA DOCENTE'!$B489," ") | BH28: =IF(OR(BE28="TC",BE28="MT"),'CARGA DOCENTE'!$C489," ") | BI28: =IF(OR(BE28="TC",BE28="MT"),'CARGA DOCENTE'!$G489," ") | BJ28: ='CARGA DOCENTE'!$H490 -> 0 | BK28: =IF(OR(BJ28="TC",BJ28="MT"),'CARGA DOCENTE'!$A490," ") | BL28: =IF(OR(BJ28="TC",BJ28="MT"),'CARGA DOCENTE'!$B490," ") | BM28: =IF(OR(BJ28="TC",BJ28="MT"),'CARGA DOCENTE'!$C490," ") | BN28: =IF(OR(BJ28="TC",BJ28="MT"),'CARGA DOCENTE'!$G490," ") | BO28: ='CARGA DOCENTE'!$H491 -> 0 | BP28: =IF(OR(BO28="TC",BO28="MT"),'CARGA DOCENTE'!$A491," ") | BQ28: =IF(OR(BO28="TC",BO28="MT"),'CARGA DOCENTE'!$B491," ") | BR28: =IF(OR(BO28="TC",BO28="MT"),'CARGA DOCENTE'!$C491," ") | BS28: =IF(OR(BO28="TC",BO28="MT"),'CARGA DOCENTE'!$G491," ") | BT28: ='CARGA DOCENTE'!$H492 -> 0 | BU28: =IF(OR(BT28="TC",BT28="MT"),'CARGA DOCENTE'!$A492," ") | BV28: =IF(OR(BT28="TC",BT28="MT"),'CARGA DOCENTE'!$B492," ") | BW28: =IF(OR(BT28="TC",BT28="MT"),'CARGA DOCENTE'!$C492," ") | BX28: =IF(OR(BT28="TC",BT28="MT"),'CARGA DOCENTE'!$G492," ")
A29: ='CARGA DOCENTE'!J496 -> 0 | B29: ='CARGA DOCENTE'!$H496 -> 0 | C29: =IF(OR(B29="TC",B29="MT"),'CARGA DOCENTE'!$A496," ") | D29: =IF(OR(B29="TC",B29="MT"),'CARGA DOCENTE'!$B496," ") | E29: =IF(OR(B29="TC",B29="MT"),'CARGA DOCENTE'!$C496," ") | F29: =IF(OR(B29="TC",B29="MT"),'CARGA DOCENTE'!$G496," ") | G29: ='CARGA DOCENTE'!$H497 -> 0 | H29: =IF(OR(G29="TC",G29="MT"),'CARGA DOCENTE'!$A497," ") | I29: =IF(OR(G29="TC",G29="MT"),'CARGA DOCENTE'!$B497," ") | J29: =IF(OR(G29="TC",G29="MT"),'CARGA DOCENTE'!$C497," ") | K29: =IF(OR(G29="TC",G29="MT"),'CARGA DOCENTE'!$G497," ") | L29: ='CARGA DOCENTE'!$H498 -> 0 | M29: =IF(OR(L29="TC",L29="MT"),'CARGA DOCENTE'!$A498," ") | N29: =IF(OR(L29="TC",L29="MT"),'CARGA DOCENTE'!$B498," ") | O29: =IF(OR(L29="TC",L29="MT"),'CARGA DOCENTE'!$C498," ") | P29: =IF(OR(L29="TC",L29="MT"),'CARGA DOCENTE'!$G498," ") | Q29: ='CARGA DOCENTE'!$H499 -> 0 | R29: =IF(OR(Q29="TC",Q29="MT"),'CARGA DOCENTE'!$A499," ") | S29: =IF(OR(Q29="TC",Q29="MT"),'CARGA DOCENTE'!$B499," ") | T29: =IF(OR(Q29="TC",Q29="MT"),'CARGA DOCENTE'!$C499," ") | U29: =IF(OR(Q29="TC",Q29="MT"),'CARGA DOCENTE'!$G499," ") | V29: ='CARGA DOCENTE'!$H500 -> 0 | W29: =IF(OR(V29="TC",V29="MT"),'CARGA DOCENTE'!$A500," ") | X29: =IF(OR(V29="TC",V29="MT"),'CARGA DOCENTE'!$B500," ") | Y29: =IF(OR(V29="TC",V29="MT"),'CARGA DOCENTE'!$C500," ") | Z29: =IF(OR(V29="TC",V29="MT"),'CARGA DOCENTE'!$G500," ") | AA29: ='CARGA DOCENTE'!$H501 -> 0 | AB29: =IF(OR(AA29="TC",AA29="MT"),'CARGA DOCENTE'!$A501," ") | AC29: =IF(OR(AA29="TC",AA29="MT"),'CARGA DOCENTE'!$B501," ") | AD29: =IF(OR(AA29="TC",AA29="MT"),'CARGA DOCENTE'!$C501," ") | AE29: =IF(OR(AA29="TC",AA29="MT"),'CARGA DOCENTE'!$G501," ") | AF29: ='CARGA DOCENTE'!$H502 -> 0 | AG29: =IF(OR(AF29="TC",AF29="MT"),'CARGA DOCENTE'!$A502," ") | AH29: =IF(OR(AF29="TC",AF29="MT"),'CARGA DOCENTE'!$B502," ") | AI29: =IF(OR(AF29="TC",AF29="MT"),'CARGA DOCENTE'!$C502," ") | AJ29: =IF(OR(AF29="TC",AF29="MT"),'CARGA DOCENTE'!$G502," ") | AK29: ='CARGA DOCENTE'!$H503 -> 0 | AL29: =IF(OR(AK29="TC",AK29="MT"),'CARGA DOCENTE'!$A503," ") | AM29: =IF(OR(AK29="TC",AK29="MT"),'CARGA DOCENTE'!$B503," ") | AN29: =IF(OR(AK29="TC",AK29="MT"),'CARGA DOCENTE'!$C503," ") | AO29: =IF(OR(AK29="TC",AK29="MT"),'CARGA DOCENTE'!$G503," ") | AP29: ='CARGA DOCENTE'!$H504 -> 0 | AQ29: =IF(OR(AP29="TC",AP29="MT"),'CARGA DOCENTE'!$A504," ") | AR29: =IF(OR(AP29="TC",AP29="MT"),'CARGA DOCENTE'!$B504," ") | AS29: =IF(OR(AP29="TC",AP29="MT"),'CARGA DOCENTE'!$C504," ") | AT29: =IF(OR(AP29="TC",AP29="MT"),'CARGA DOCENTE'!$G504," ") | AU29: ='CARGA DOCENTE'!$H505 -> 0 | AV29: =IF(OR(AU29="TC",AU29="MT"),'CARGA DOCENTE'!$A505," ") | AW29: =IF(OR(AU29="TC",AU29="MT"),'CARGA DOCENTE'!$B505," ") | AX29: =IF(OR(AU29="TC",AU29="MT"),'CARGA DOCENTE'!$C505," ") | AY29: =IF(OR(AU29="TC",AU29="MT"),'CARGA DOCENTE'!$G505," ") | AZ29: ='CARGA DOCENTE'!$H506 -> 0 | BA29: =IF(OR(AZ29="TC",AZ29="MT"),'CARGA DOCENTE'!$A506," ") | BB29: =IF(OR(AZ29="TC",AZ29="MT"),'CARGA DOCENTE'!$B506," ") | BC29: =IF(OR(AZ29="TC",AZ29="MT"),'CARGA DOCENTE'!$C506," ") | BD29: =IF(OR(AZ29="TC",AZ29="MT"),'CARGA DOCENTE'!$G506," ") | BE29: ='CARGA DOCENTE'!$H507 -> 0 | BF29: =IF(OR(BE29="TC",BE29="MT"),'CARGA DOCENTE'!$A507," ") | BG29: =IF(OR(BE29="TC",BE29="MT"),'CARGA DOCENTE'!$B507," ") | BH29: =IF(OR(BE29="TC",BE29="MT"),'CARGA DOCENTE'!$C507," ") | BI29: =IF(OR(BE29="TC",BE29="MT"),'CARGA DOCENTE'!$G507," ") | BJ29: ='CARGA DOCENTE'!$H508 -> 0 | BK29: =IF(OR(BJ29="TC",BJ29="MT"),'CARGA DOCENTE'!$A508," ") | BL29: =IF(OR(BJ29="TC",BJ29="MT"),'CARGA DOCENTE'!$B508," ") | BM29: =IF(OR(BJ29="TC",BJ29="MT"),'CARGA DOCENTE'!$C508," ") | BN29: =IF(OR(BJ29="TC",BJ29="MT"),'CARGA DOCENTE'!$G508," ") | BO29: ='CARGA DOCENTE'!$H509 -> 0 | BP29: =IF(OR(BO29="TC",BO29="MT"),'CARGA DOCENTE'!$A509," ") | BQ29: =IF(OR(BO29="TC",BO29="MT"),'CARGA DOCENTE'!$B509," ") | BR29: =IF(OR(BO29="TC",BO29="MT"),'CARGA DOCENTE'!$C509," ") | BS29: =IF(OR(BO29="TC",BO29="MT"),'CARGA DOCENTE'!$G509," ") | BT29: ='CARGA DOCENTE'!$H510 -> 0 | BU29: =IF(OR(BT29="TC",BT29="MT"),'CARGA DOCENTE'!$A510," ") | BV29: =IF(OR(BT29="TC",BT29="MT"),'CARGA DOCENTE'!$B510," ") | BW29: =IF(OR(BT29="TC",BT29="MT"),'CARGA DOCENTE'!$C510," ") | BX29: =IF(OR(BT29="TC",BT29="MT"),'CARGA DOCENTE'!$G510," ")
A30: ='CARGA DOCENTE'!J514 -> 0 | B30: ='CARGA DOCENTE'!$H514 -> 0 | C30: =IF(OR(B30="TC",B30="MT"),'CARGA DOCENTE'!$A514," ") | D30: =IF(OR(B30="TC",B30="MT"),'CARGA DOCENTE'!$B514," ") | E30: =IF(OR(B30="TC",B30="MT"),'CARGA DOCENTE'!$C514," ") | F30: =IF(OR(B30="TC",B30="MT"),'CARGA DOCENTE'!$G514," ") | G30: ='CARGA DOCENTE'!$H515 -> 0 | H30: =IF(OR(G30="TC",G30="MT"),'CARGA DOCENTE'!$A515," ") | I30: =IF(OR(G30="TC",G30="MT"),'CARGA DOCENTE'!$B515," ") | J30: =IF(OR(G30="TC",G30="MT"),'CARGA DOCENTE'!$C515," ") | K30: =IF(OR(G30="TC",G30="MT"),'CARGA DOCENTE'!$G515," ") | L30: ='CARGA DOCENTE'!$H516 -> 0 | M30: =IF(OR(L30="TC",L30="MT"),'CARGA DOCENTE'!$A516," ") | N30: =IF(OR(L30="TC",L30="MT"),'CARGA DOCENTE'!$B516," ") | O30: =IF(OR(L30="TC",L30="MT"),'CARGA DOCENTE'!$C516," ") | P30: =IF(OR(L30="TC",L30="MT"),'CARGA DOCENTE'!$G516," ") | Q30: ='CARGA DOCENTE'!$H517 -> 0 | R30: =IF(OR(Q30="TC",Q30="MT"),'CARGA DOCENTE'!$A517," ") | S30: =IF(OR(Q30="TC",Q30="MT"),'CARGA DOCENTE'!$B517," ") | T30: =IF(OR(Q30="TC",Q30="MT"),'CARGA DOCENTE'!$C517," ") | U30: =IF(OR(Q30="TC",Q30="MT"),'CARGA DOCENTE'!$G517," ") | V30: ='CARGA DOCENTE'!$H518 -> 0 | W30: =IF(OR(V30="TC",V30="MT"),'CARGA DOCENTE'!$A518," ") | X30: =IF(OR(V30="TC",V30="MT"),'CARGA DOCENTE'!$B518," ") | Y30: =IF(OR(V30="TC",V30="MT"),'CARGA DOCENTE'!$C518," ") | Z30: =IF(OR(V30="TC",V30="MT"),'CARGA DOCENTE'!$G518," ") | AA30: ='CARGA DOCENTE'!$H519 -> 0 | AB30: =IF(OR(AA30="TC",AA30="MT"),'CARGA DOCENTE'!$A519," ") | AC30: =IF(OR(AA30="TC",AA30="MT"),'CARGA DOCENTE'!$B519," ") | AD30: =IF(OR(AA30="TC",AA30="MT"),'CARGA DOCENTE'!$C519," ") | AE30: =IF(OR(AA30="TC",AA30="MT"),'CARGA DOCENTE'!$G519," ") | AF30: ='CARGA DOCENTE'!$H520 -> 0 | AG30: =IF(OR(AF30="TC",AF30="MT"),'CARGA DOCENTE'!$A520," ") | AH30: =IF(OR(AF30="TC",AF30="MT"),'CARGA DOCENTE'!$B520," ") | AI30: =IF(OR(AF30="TC",AF30="MT"),'CARGA DOCENTE'!$C520," ") | AJ30: =IF(OR(AF30="TC",AF30="MT"),'CARGA DOCENTE'!$G520," ") | AK30: ='CARGA DOCENTE'!$H521 -> 0 | AL30: =IF(OR(AK30="TC",AK30="MT"),'CARGA DOCENTE'!$A521," ") | AM30: =IF(OR(AK30="TC",AK30="MT"),'CARGA DOCENTE'!$B521," ") | AN30: =IF(OR(AK30="TC",AK30="MT"),'CARGA DOCENTE'!$C521," ") | AO30: =IF(OR(AK30="TC",AK30="MT"),'CARGA DOCENTE'!$G521," ") | AP30: ='CARGA DOCENTE'!$H522 -> 0 | AQ30: =IF(OR(AP30="TC",AP30="MT"),'CARGA DOCENTE'!$A522," ") | AR30: =IF(OR(AP30="TC",AP30="MT"),'CARGA DOCENTE'!$B522," ") | AS30: =IF(OR(AP30="TC",AP30="MT"),'CARGA DOCENTE'!$C522," ") | AT30: =IF(OR(AP30="TC",AP30="MT"),'CARGA DOCENTE'!$G522," ") | AU30: ='CARGA DOCENTE'!$H523 -> 0 | AV30: =IF(OR(AU30="TC",AU30="MT"),'CARGA DOCENTE'!$A523," ") | AW30: =IF(OR(AU30="TC",AU30="MT"),'CARGA DOCENTE'!$B523," ") | AX30: =IF(OR(AU30="TC",AU30="MT"),'CARGA DOCENTE'!$C523," ") | AY30: =IF(OR(AU30="TC",AU30="MT"),'CARGA DOCENTE'!$G523," ") | AZ30: ='CARGA DOCENTE'!$H524 -> 0 | BA30: =IF(OR(AZ30="TC",AZ30="MT"),'CARGA DOCENTE'!$A524," ") | BB30: =IF(OR(AZ30="TC",AZ30="MT"),'CARGA DOCENTE'!$B524," ") | BC30: =IF(OR(AZ30="TC",AZ30="MT"),'CARGA DOCENTE'!$C524," ") | BD30: =IF(OR(AZ30="TC",AZ30="MT"),'CARGA DOCENTE'!$G524," ") | BE30: ='CARGA DOCENTE'!$H525 -> 0 | BF30: =IF(OR(BE30="TC",BE30="MT"),'CARGA DOCENTE'!$A525," ") | BG30: =IF(OR(BE30="TC",BE30="MT"),'CARGA DOCENTE'!$B525," ") | BH30: =IF(OR(BE30="TC",BE30="MT"),'CARGA DOCENTE'!$C525," ") | BI30: =IF(OR(BE30="TC",BE30="MT"),'CARGA DOCENTE'!$G525," ") | BJ30: ='CARGA DOCENTE'!$H526 -> 0 | BK30: =IF(OR(BJ30="TC",BJ30="MT"),'CARGA DOCENTE'!$A526," ") | BL30: =IF(OR(BJ30="TC",BJ30="MT"),'CARGA DOCENTE'!$B526," ") | BM30: =IF(OR(BJ30="TC",BJ30="MT"),'CARGA DOCENTE'!$C526," ") | BN30: =IF(OR(BJ30="TC",BJ30="MT"),'CARGA DOCENTE'!$G526," ") | BO30: ='CARGA DOCENTE'!$H527 -> 0 | BP30: =IF(OR(BO30="TC",BO30="MT"),'CARGA DOCENTE'!$A527," ") | BQ30: =IF(OR(BO30="TC",BO30="MT"),'CARGA DOCENTE'!$B527," ") | BR30: =IF(OR(BO30="TC",BO30="MT"),'CARGA DOCENTE'!$C527," ") | BS30: =IF(OR(BO30="TC",BO30="MT"),'CARGA DOCENTE'!$G527," ") | BT30: ='CARGA DOCENTE'!$H528 -> 0 | BU30: =IF(OR(BT30="TC",BT30="MT"),'CARGA DOCENTE'!$A528," ") | BV30: =IF(OR(BT30="TC",BT30="MT"),'CARGA DOCENTE'!$B528," ") | BW30: =IF(OR(BT30="TC",BT30="MT"),'CARGA DOCENTE'!$C528," ") | BX30: =IF(OR(BT30="TC",BT30="MT"),'CARGA DOCENTE'!$G528," ")
A31: ='CARGA DOCENTE'!J532 -> 0 | B31: ='CARGA DOCENTE'!$H532 -> 0 | C31: =IF(OR(B31="TC",B31="MT"),'CARGA DOCENTE'!$A532," ") | D31: =IF(OR(B31="TC",B31="MT"),'CARGA DOCENTE'!$B532," ") | E31: =IF(OR(B31="TC",B31="MT"),'CARGA DOCENTE'!$C532," ") | F31: =IF(OR(B31="TC",B31="MT"),'CARGA DOCENTE'!$G532," ") | G31: ='CARGA DOCENTE'!$H533 -> 0 | H31: =IF(OR(G31="TC",G31="MT"),'CARGA DOCENTE'!$A533," ") | I31: =IF(OR(G31="TC",G31="MT"),'CARGA DOCENTE'!$B533," ") | J31: =IF(OR(G31="TC",G31="MT"),'CARGA DOCENTE'!$C533," ") | K31: =IF(OR(G31="TC",G31="MT"),'CARGA DOCENTE'!$G533," ") | L31: ='CARGA DOCENTE'!$H534 -> 0 | M31: =IF(OR(L31="TC",L31="MT"),'CARGA DOCENTE'!$A534," ") | N31: =IF(OR(L31="TC",L31="MT"),'CARGA DOCENTE'!$B534," ") | O31: =IF(OR(L31="TC",L31="MT"),'CARGA DOCENTE'!$C534," ") | P31: =IF(OR(L31="TC",L31="MT"),'CARGA DOCENTE'!$G534," ") | Q31: ='CARGA DOCENTE'!$H535 -> 0 | R31: =IF(OR(Q31="TC",Q31="MT"),'CARGA DOCENTE'!$A535," ") | S31: =IF(OR(Q31="TC",Q31="MT"),'CARGA DOCENTE'!$B535," ") | T31: =IF(OR(Q31="TC",Q31="MT"),'CARGA DOCENTE'!$C535," ") | U31: =IF(OR(Q31="TC",Q31="MT"),'CARGA DOCENTE'!$G535," ") | V31: ='CARGA DOCENTE'!$H536 -> 0 | W31: =IF(OR(V31="TC",V31="MT"),'CARGA DOCENTE'!$A536," ") | X31: =IF(OR(V31="TC",V31="MT"),'CARGA DOCENTE'!$B536," ") | Y31: =IF(OR(V31="TC",V31="MT"),'CARGA DOCENTE'!$C536," ") | Z31: =IF(OR(V31="TC",V31="MT"),'CARGA DOCENTE'!$G536," ") | AA31: ='CARGA DOCENTE'!$H537 -> 0 | AB31: =IF(OR(AA31="TC",AA31="MT"),'CARGA DOCENTE'!$A537," ") | AC31: =IF(OR(AA31="TC",AA31="MT"),'CARGA DOCENTE'!$B537," ") | AD31: =IF(OR(AA31="TC",AA31="MT"),'CARGA DOCENTE'!$C537," ") | AE31: =IF(OR(AA31="TC",AA31="MT"),'CARGA DOCENTE'!$G537," ") | AF31: ='CARGA DOCENTE'!$H538 -> 0 | AG31: =IF(OR(AF31="TC",AF31="MT"),'CARGA DOCENTE'!$A538," ") | AH31: =IF(OR(AF31="TC",AF31="MT"),'CARGA DOCENTE'!$B538," ") | AI31: =IF(OR(AF31="TC",AF31="MT"),'CARGA DOCENTE'!$C538," ") | AJ31: =IF(OR(AF31="TC",AF31="MT"),'CARGA DOCENTE'!$G538," ") | AK31: ='CARGA DOCENTE'!$H539 -> 0 | AL31: =IF(OR(AK31="TC",AK31="MT"),'CARGA DOCENTE'!$A539," ") | AM31: =IF(OR(AK31="TC",AK31="MT"),'CARGA DOCENTE'!$B539," ") | AN31: =IF(OR(AK31="TC",AK31="MT"),'CARGA DOCENTE'!$C539," ") | AO31: =IF(OR(AK31="TC",AK31="MT"),'CARGA DOCENTE'!$G539," ") | AP31: ='CARGA DOCENTE'!$H540 -> 0 | AQ31: =IF(OR(AP31="TC",AP31="MT"),'CARGA DOCENTE'!$A540," ") | AR31: =IF(OR(AP31="TC",AP31="MT"),'CARGA DOCENTE'!$B540," ") | AS31: =IF(OR(AP31="TC",AP31="MT"),'CARGA DOCENTE'!$C540," ") | AT31: =IF(OR(AP31="TC",AP31="MT"),'CARGA DOCENTE'!$G540," ") | AU31: ='CARGA DOCENTE'!$H541 -> 0 | AV31: =IF(OR(AU31="TC",AU31="MT"),'CARGA DOCENTE'!$A541," ") | AW31: =IF(OR(AU31="TC",AU31="MT"),'CARGA DOCENTE'!$B541," ") | AX31: =IF(OR(AU31="TC",AU31="MT"),'CARGA DOCENTE'!$C541," ") | AY31: =IF(OR(AU31="TC",AU31="MT"),'CARGA DOCENTE'!$G541," ") | AZ31: ='CARGA DOCENTE'!$H542 -> 0 | BA31: =IF(OR(AZ31="TC",AZ31="MT"),'CARGA DOCENTE'!$A542," ") | BB31: =IF(OR(AZ31="TC",AZ31="MT"),'CARGA DOCENTE'!$B542," ") | BC31: =IF(OR(AZ31="TC",AZ31="MT"),'CARGA DOCENTE'!$C542," ") | BD31: =IF(OR(AZ31="TC",AZ31="MT"),'CARGA DOCENTE'!$G542," ") | BE31: ='CARGA DOCENTE'!$H543 -> 0 | BF31: =IF(OR(BE31="TC",BE31="MT"),'CARGA DOCENTE'!$A543," ") | BG31: =IF(OR(BE31="TC",BE31="MT"),'CARGA DOCENTE'!$B543," ") | BH31: =IF(OR(BE31="TC",BE31="MT"),'CARGA DOCENTE'!$C543," ") | BI31: =IF(OR(BE31="TC",BE31="MT"),'CARGA DOCENTE'!$G543," ") | BJ31: ='CARGA DOCENTE'!$H544 -> 0 | BK31: =IF(OR(BJ31="TC",BJ31="MT"),'CARGA DOCENTE'!$A544," ") | BL31: =IF(OR(BJ31="TC",BJ31="MT"),'CARGA DOCENTE'!$B544," ") | BM31: =IF(OR(BJ31="TC",BJ31="MT"),'CARGA DOCENTE'!$C544," ") | BN31: =IF(OR(BJ31="TC",BJ31="MT"),'CARGA DOCENTE'!$G544," ") | BO31: ='CARGA DOCENTE'!$H545 -> 0 | BP31: =IF(OR(BO31="TC",BO31="MT"),'CARGA DOCENTE'!$A545," ") | BQ31: =IF(OR(BO31="TC",BO31="MT"),'CARGA DOCENTE'!$B545," ") | BR31: =IF(OR(BO31="TC",BO31="MT"),'CARGA DOCENTE'!$C545," ") | BS31: =IF(OR(BO31="TC",BO31="MT"),'CARGA DOCENTE'!$G545," ") | BT31: ='CARGA DOCENTE'!$H546 -> 0 | BU31: =IF(OR(BT31="TC",BT31="MT"),'CARGA DOCENTE'!$A546," ") | BV31: =IF(OR(BT31="TC",BT31="MT"),'CARGA DOCENTE'!$B546," ") | BW31: =IF(OR(BT31="TC",BT31="MT"),'CARGA DOCENTE'!$C546," ") | BX31: =IF(OR(BT31="TC",BT31="MT"),'CARGA DOCENTE'!$G546," ")
A32: ='CARGA DOCENTE'!J550 -> 0 | B32: ='CARGA DOCENTE'!$H550 -> 0 | C32: =IF(OR(B32="TC",B32="MT"),'CARGA DOCENTE'!$A550," ") | D32: =IF(OR(B32="TC",B32="MT"),'CARGA DOCENTE'!$B550," ") | E32: =IF(OR(B32="TC",B32="MT"),'CARGA DOCENTE'!$C550," ") | F32: =IF(OR(B32="TC",B32="MT"),'CARGA DOCENTE'!$G550," ") | G32: ='CARGA DOCENTE'!$H551 -> 0 | H32: =IF(OR(G32="TC",G32="MT"),'CARGA DOCENTE'!$A551," ") | I32: =IF(OR(G32="TC",G32="MT"),'CARGA DOCENTE'!$B551," ") | J32: =IF(OR(G32="TC",G32="MT"),'CARGA DOCENTE'!$C551," ") | K32: =IF(OR(G32="TC",G32="MT"),'CARGA DOCENTE'!$G551," ") | L32: ='CARGA DOCENTE'!$H552 -> 0 | M32: =IF(OR(L32="TC",L32="MT"),'CARGA DOCENTE'!$A552," ") | N32: =IF(OR(L32="TC",L32="MT"),'CARGA DOCENTE'!$B552," ") | O32: =IF(OR(L32="TC",L32="MT"),'CARGA DOCENTE'!$C552," ") | P32: =IF(OR(L32="TC",L32="MT"),'CARGA DOCENTE'!$G552," ") | Q32: ='CARGA DOCENTE'!$H553 -> 0 | R32: =IF(OR(Q32="TC",Q32="MT"),'CARGA DOCENTE'!$A553," ") | S32: =IF(OR(Q32="TC",Q32="MT"),'CARGA DOCENTE'!$B553," ") | T32: =IF(OR(Q32="TC",Q32="MT"),'CARGA DOCENTE'!$C553," ") | U32: =IF(OR(Q32="TC",Q32="MT"),'CARGA DOCENTE'!$G553," ") | V32: ='CARGA DOCENTE'!$H554 -> 0 | W32: =IF(OR(V32="TC",V32="MT"),'CARGA DOCENTE'!$A554," ") | X32: =IF(OR(V32="TC",V32="MT"),'CARGA DOCENTE'!$B554," ") | Y32: =IF(OR(V32="TC",V32="MT"),'CARGA DOCENTE'!$C554," ") | Z32: =IF(OR(V32="TC",V32="MT"),'CARGA DOCENTE'!$G554," ") | AA32: ='CARGA DOCENTE'!$H555 -> 0 | AB32: =IF(OR(AA32="TC",AA32="MT"),'CARGA DOCENTE'!$A555," ") | AC32: =IF(OR(AA32="TC",AA32="MT"),'CARGA DOCENTE'!$B555," ") | AD32: =IF(OR(AA32="TC",AA32="MT"),'CARGA DOCENTE'!$C555," ") | AE32: =IF(OR(AA32="TC",AA32="MT"),'CARGA DOCENTE'!$G555," ") | AF32: ='CARGA DOCENTE'!$H556 -> 0 | AG32: =IF(OR(AF32="TC",AF32="MT"),'CARGA DOCENTE'!$A556," ") | AH32: =IF(OR(AF32="TC",AF32="MT"),'CARGA DOCENTE'!$B556," ") | AI32: =IF(OR(AF32="TC",AF32="MT"),'CARGA DOCENTE'!$C556," ") | AJ32: =IF(OR(AF32="TC",AF32="MT"),'CARGA DOCENTE'!$G556," ") | AK32: ='CARGA DOCENTE'!$H557 -> 0 | AL32: =IF(OR(AK32="TC",AK32="MT"),'CARGA DOCENTE'!$A557," ") | AM32: =IF(OR(AK32="TC",AK32="MT"),'CARGA DOCENTE'!$B557," ") | AN32: =IF(OR(AK32="TC",AK32="MT"),'CARGA DOCENTE'!$C557," ") | AO32: =IF(OR(AK32="TC",AK32="MT"),'CARGA DOCENTE'!$G557," ") | AP32: ='CARGA DOCENTE'!$H558 -> 0 | AQ32: =IF(OR(AP32="TC",AP32="MT"),'CARGA DOCENTE'!$A558," ") | AR32: =IF(OR(AP32="TC",AP32="MT"),'CARGA DOCENTE'!$B558," ") | AS32: =IF(OR(AP32="TC",AP32="MT"),'CARGA DOCENTE'!$C558," ") | AT32: =IF(OR(AP32="TC",AP32="MT"),'CARGA DOCENTE'!$G558," ") | AU32: ='CARGA DOCENTE'!$H559 -> 0 | AV32: =IF(OR(AU32="TC",AU32="MT"),'CARGA DOCENTE'!$A559," ") | AW32: =IF(OR(AU32="TC",AU32="MT"),'CARGA DOCENTE'!$B559," ") | AX32: =IF(OR(AU32="TC",AU32="MT"),'CARGA DOCENTE'!$C559," ") | AY32: =IF(OR(AU32="TC",AU32="MT"),'CARGA DOCENTE'!$G559," ") | AZ32: ='CARGA DOCENTE'!$H560 -> 0 | BA32: =IF(OR(AZ32="TC",AZ32="MT"),'CARGA DOCENTE'!$A560," ") | BB32: =IF(OR(AZ32="TC",AZ32="MT"),'CARGA DOCENTE'!$B560," ") | BC32: =IF(OR(AZ32="TC",AZ32="MT"),'CARGA DOCENTE'!$C560," ") | BD32: =IF(OR(AZ32="TC",AZ32="MT"),'CARGA DOCENTE'!$G560," ") | BE32: ='CARGA DOCENTE'!$H561 -> 0 | BF32: =IF(OR(BE32="TC",BE32="MT"),'CARGA DOCENTE'!$A561," ") | BG32: =IF(OR(BE32="TC",BE32="MT"),'CARGA DOCENTE'!$B561," ") | BH32: =IF(OR(BE32="TC",BE32="MT"),'CARGA DOCENTE'!$C561," ") | BI32: =IF(OR(BE32="TC",BE32="MT"),'CARGA DOCENTE'!$G561," ") | BJ32: ='CARGA DOCENTE'!$H562 -> 0 | BK32: =IF(OR(BJ32="TC",BJ32="MT"),'CARGA DOCENTE'!$A562," ") | BL32: =IF(OR(BJ32="TC",BJ32="MT"),'CARGA DOCENTE'!$B562," ") | BM32: =IF(OR(BJ32="TC",BJ32="MT"),'CARGA DOCENTE'!$C562," ") | BN32: =IF(OR(BJ32="TC",BJ32="MT"),'CARGA DOCENTE'!$G562," ") | BO32: ='CARGA DOCENTE'!$H563 -> 0 | BP32: =IF(OR(BO32="TC",BO32="MT"),'CARGA DOCENTE'!$A563," ") | BQ32: =IF(OR(BO32="TC",BO32="MT"),'CARGA DOCENTE'!$B563," ") | BR32: =IF(OR(BO32="TC",BO32="MT"),'CARGA DOCENTE'!$C563," ") | BS32: =IF(OR(BO32="TC",BO32="MT"),'CARGA DOCENTE'!$G563," ") | BT32: ='CARGA DOCENTE'!$H564 -> 0 | BU32: =IF(OR(BT32="TC",BT32="MT"),'CARGA DOCENTE'!$A564," ") | BV32: =IF(OR(BT32="TC",BT32="MT"),'CARGA DOCENTE'!$B564," ") | BW32: =IF(OR(BT32="TC",BT32="MT"),'CARGA DOCENTE'!$C564," ") | BX32: =IF(OR(BT32="TC",BT32="MT"),'CARGA DOCENTE'!$G564," ")
A33: ='CARGA DOCENTE'!J568 -> 0 | B33: ='CARGA DOCENTE'!$H568 -> 0 | C33: =IF(OR(B33="TC",B33="MT"),'CARGA DOCENTE'!$A568," ") | D33: =IF(OR(B33="TC",B33="MT"),'CARGA DOCENTE'!$B568," ") | E33: =IF(OR(B33="TC",B33="MT"),'CARGA DOCENTE'!$C568," ") | F33: =IF(OR(B33="TC",B33="MT"),'CARGA DOCENTE'!$G568," ") | G33: ='CARGA DOCENTE'!$H569 -> 0 | H33: =IF(OR(G33="TC",G33="MT"),'CARGA DOCENTE'!$A569," ") | I33: =IF(OR(G33="TC",G33="MT"),'CARGA DOCENTE'!$B569," ") | J33: =IF(OR(G33="TC",G33="MT"),'CARGA DOCENTE'!$C569," ") | K33: =IF(OR(G33="TC",G33="MT"),'CARGA DOCENTE'!$G569," ") | L33: ='CARGA DOCENTE'!$H570 -> 0 | M33: =IF(OR(L33="TC",L33="MT"),'CARGA DOCENTE'!$A570," ") | N33: =IF(OR(L33="TC",L33="MT"),'CARGA DOCENTE'!$B570," ") | O33: =IF(OR(L33="TC",L33="MT"),'CARGA DOCENTE'!$C570," ") | P33: =IF(OR(L33="TC",L33="MT"),'CARGA DOCENTE'!$G570," ") | Q33: ='CARGA DOCENTE'!$H571 -> 0 | R33: =IF(OR(Q33="TC",Q33="MT"),'CARGA DOCENTE'!$A571," ") | S33: =IF(OR(Q33="TC",Q33="MT"),'CARGA DOCENTE'!$B571," ") | T33: =IF(OR(Q33="TC",Q33="MT"),'CARGA DOCENTE'!$C571," ") | U33: =IF(OR(Q33="TC",Q33="MT"),'CARGA DOCENTE'!$G571," ") | V33: ='CARGA DOCENTE'!$H572 -> 0 | W33: =IF(OR(V33="TC",V33="MT"),'CARGA DOCENTE'!$A572," ") | X33: =IF(OR(V33="TC",V33="MT"),'CARGA DOCENTE'!$B572," ") | Y33: =IF(OR(V33="TC",V33="MT"),'CARGA DOCENTE'!$C572," ") | Z33: =IF(OR(V33="TC",V33="MT"),'CARGA DOCENTE'!$G572," ") | AA33: ='CARGA DOCENTE'!$H573 -> 0 | AB33: =IF(OR(AA33="TC",AA33="MT"),'CARGA DOCENTE'!$A573," ") | AC33: =IF(OR(AA33="TC",AA33="MT"),'CARGA DOCENTE'!$B573," ") | AD33: =IF(OR(AA33="TC",AA33="MT"),'CARGA DOCENTE'!$C573," ") | AE33: =IF(OR(AA33="TC",AA33="MT"),'CARGA DOCENTE'!$G573," ") | AF33: ='CARGA DOCENTE'!$H574 -> 0 | AG33: =IF(OR(AF33="TC",AF33="MT"),'CARGA DOCENTE'!$A574," ") | AH33: =IF(OR(AF33="TC",AF33="MT"),'CARGA DOCENTE'!$B574," ") | AI33: =IF(OR(AF33="TC",AF33="MT"),'CARGA DOCENTE'!$C574," ") | AJ33: =IF(OR(AF33="TC",AF33="MT"),'CARGA DOCENTE'!$G574," ") | AK33: ='CARGA DOCENTE'!$H575 -> 0 | AL33: =IF(OR(AK33="TC",AK33="MT"),'CARGA DOCENTE'!$A575," ") | AM33: =IF(OR(AK33="TC",AK33="MT"),'CARGA DOCENTE'!$B575," ") | AN33: =IF(OR(AK33="TC",AK33="MT"),'CARGA DOCENTE'!$C575," ") | AO33: =IF(OR(AK33="TC",AK33="MT"),'CARGA DOCENTE'!$G575," ") | AP33: ='CARGA DOCENTE'!$H576 -> 0 | AQ33: =IF(OR(AP33="TC",AP33="MT"),'CARGA DOCENTE'!$A576," ") | AR33: =IF(OR(AP33="TC",AP33="MT"),'CARGA DOCENTE'!$B576," ") | AS33: =IF(OR(AP33="TC",AP33="MT"),'CARGA DOCENTE'!$C576," ") | AT33: =IF(OR(AP33="TC",AP33="MT"),'CARGA DOCENTE'!$G576," ") | AU33: ='CARGA DOCENTE'!$H577 -> 0 | AV33: =IF(OR(AU33="TC",AU33="MT"),'CARGA DOCENTE'!$A577," ") | AW33: =IF(OR(AU33="TC",AU33="MT"),'CARGA DOCENTE'!$B577," ") | AX33: =IF(OR(AU33="TC",AU33="MT"),'CARGA DOCENTE'!$C577," ") | AY33: =IF(OR(AU33="TC",AU33="MT"),'CARGA DOCENTE'!$G577," ") | AZ33: ='CARGA DOCENTE'!$H578 -> 0 | BA33: =IF(OR(AZ33="TC",AZ33="MT"),'CARGA DOCENTE'!$A578," ") | BB33: =IF(OR(AZ33="TC",AZ33="MT"),'CARGA DOCENTE'!$B578," ") | BC33: =IF(OR(AZ33="TC",AZ33="MT"),'CARGA DOCENTE'!$C578," ") | BD33: =IF(OR(AZ33="TC",AZ33="MT"),'CARGA DOCENTE'!$G578," ") | BE33: ='CARGA DOCENTE'!$H579 -> 0 | BF33: =IF(OR(BE33="TC",BE33="MT"),'CARGA DOCENTE'!$A579," ") | BG33: =IF(OR(BE33="TC",BE33="MT"),'CARGA DOCENTE'!$B579," ") | BH33: =IF(OR(BE33="TC",BE33="MT"),'CARGA DOCENTE'!$C579," ") | BI33: =IF(OR(BE33="TC",BE33="MT"),'CARGA DOCENTE'!$G579," ") | BJ33: ='CARGA DOCENTE'!$H580 -> 0 | BK33: =IF(OR(BJ33="TC",BJ33="MT"),'CARGA DOCENTE'!$A580," ") | BL33: =IF(OR(BJ33="TC",BJ33="MT"),'CARGA DOCENTE'!$B580," ") | BM33: =IF(OR(BJ33="TC",BJ33="MT"),'CARGA DOCENTE'!$C580," ") | BN33: =IF(OR(BJ33="TC",BJ33="MT"),'CARGA DOCENTE'!$G580," ") | BO33: ='CARGA DOCENTE'!$H581 -> 0 | BP33: =IF(OR(BO33="TC",BO33="MT"),'CARGA DOCENTE'!$A581," ") | BQ33: =IF(OR(BO33="TC",BO33="MT"),'CARGA DOCENTE'!$B581," ") | BR33: =IF(OR(BO33="TC",BO33="MT"),'CARGA DOCENTE'!$C581," ") | BS33: =IF(OR(BO33="TC",BO33="MT"),'CARGA DOCENTE'!$G581," ") | BT33: ='CARGA DOCENTE'!$H582 -> 0 | BU33: =IF(OR(BT33="TC",BT33="MT"),'CARGA DOCENTE'!$A582," ") | BV33: =IF(OR(BT33="TC",BT33="MT"),'CARGA DOCENTE'!$B582," ") | BW33: =IF(OR(BT33="TC",BT33="MT"),'CARGA DOCENTE'!$C582," ") | BX33: =IF(OR(BT33="TC",BT33="MT"),'CARGA DOCENTE'!$G582," ")
A34: ='CARGA DOCENTE'!J586 -> 0 | B34: ='CARGA DOCENTE'!$H586 -> 0 | C34: =IF(OR(B34="TC",B34="MT"),'CARGA DOCENTE'!$A586," ") | D34: =IF(OR(B34="TC",B34="MT"),'CARGA DOCENTE'!$B586," ") | E34: =IF(OR(B34="TC",B34="MT"),'CARGA DOCENTE'!$C586," ") | F34: =IF(OR(B34="TC",B34="MT"),'CARGA DOCENTE'!$G586," ") | G34: ='CARGA DOCENTE'!$H587 -> 0 | H34: =IF(OR(G34="TC",G34="MT"),'CARGA DOCENTE'!$A587," ") | I34: =IF(OR(G34="TC",G34="MT"),'CARGA DOCENTE'!$B587," ") | J34: =IF(OR(G34="TC",G34="MT"),'CARGA DOCENTE'!$C587," ") | K34: =IF(OR(G34="TC",G34="MT"),'CARGA DOCENTE'!$G587," ") | L34: ='CARGA DOCENTE'!$H588 -> 0 | M34: =IF(OR(L34="TC",L34="MT"),'CARGA DOCENTE'!$A588," ") | N34: =IF(OR(L34="TC",L34="MT"),'CARGA DOCENTE'!$B588," ") | O34: =IF(OR(L34="TC",L34="MT"),'CARGA DOCENTE'!$C588," ") | P34: =IF(OR(L34="TC",L34="MT"),'CARGA DOCENTE'!$G588," ") | Q34: ='CARGA DOCENTE'!$H589 -> 0 | R34: =IF(OR(Q34="TC",Q34="MT"),'CARGA DOCENTE'!$A589," ") | S34: =IF(OR(Q34="TC",Q34="MT"),'CARGA DOCENTE'!$B589," ") | T34: =IF(OR(Q34="TC",Q34="MT"),'CARGA DOCENTE'!$C589," ") | U34: =IF(OR(Q34="TC",Q34="MT"),'CARGA DOCENTE'!$G589," ") | V34: ='CARGA DOCENTE'!$H590 -> 0 | W34: =IF(OR(V34="TC",V34="MT"),'CARGA DOCENTE'!$A590," ") | X34: =IF(OR(V34="TC",V34="MT"),'CARGA DOCENTE'!$B590," ") | Y34: =IF(OR(V34="TC",V34="MT"),'CARGA DOCENTE'!$C590," ") | Z34: =IF(OR(V34="TC",V34="MT"),'CARGA DOCENTE'!$G590," ") | AA34: ='CARGA DOCENTE'!$H591 -> 0 | AB34: =IF(OR(AA34="TC",AA34="MT"),'CARGA DOCENTE'!$A591," ") | AC34: =IF(OR(AA34="TC",AA34="MT"),'CARGA DOCENTE'!$B591," ") | AD34: =IF(OR(AA34="TC",AA34="MT"),'CARGA DOCENTE'!$C591," ") | AE34: =IF(OR(AA34="TC",AA34="MT"),'CARGA DOCENTE'!$G591," ") | AF34: ='CARGA DOCENTE'!$H592 -> 0 | AG34: =IF(OR(AF34="TC",AF34="MT"),'CARGA DOCENTE'!$A592," ") | AH34: =IF(OR(AF34="TC",AF34="MT"),'CARGA DOCENTE'!$B592," ") | AI34: =IF(OR(AF34="TC",AF34="MT"),'CARGA DOCENTE'!$C592," ") | AJ34: =IF(OR(AF34="TC",AF34="MT"),'CARGA DOCENTE'!$G592," ") | AK34: ='CARGA DOCENTE'!$H593 -> 0 | AL34: =IF(OR(AK34="TC",AK34="MT"),'CARGA DOCENTE'!$A593," ") | AM34: =IF(OR(AK34="TC",AK34="MT"),'CARGA DOCENTE'!$B593," ") | AN34: =IF(OR(AK34="TC",AK34="MT"),'CARGA DOCENTE'!$C593," ") | AO34: =IF(OR(AK34="TC",AK34="MT"),'CARGA DOCENTE'!$G593," ") | AP34: ='CARGA DOCENTE'!$H594 -> 0 | AQ34: =IF(OR(AP34="TC",AP34="MT"),'CARGA DOCENTE'!$A594," ") | AR34: =IF(OR(AP34="TC",AP34="MT"),'CARGA DOCENTE'!$B594," ") | AS34: =IF(OR(AP34="TC",AP34="MT"),'CARGA DOCENTE'!$C594," ") | AT34: =IF(OR(AP34="TC",AP34="MT"),'CARGA DOCENTE'!$G594," ") | AU34: ='CARGA DOCENTE'!$H595 -> 0 | AV34: =IF(OR(AU34="TC",AU34="MT"),'CARGA DOCENTE'!$A595," ") | AW34: =IF(OR(AU34="TC",AU34="MT"),'CARGA DOCENTE'!$B595," ") | AX34: =IF(OR(AU34="TC",AU34="MT"),'CARGA DOCENTE'!$C595," ") | AY34: =IF(OR(AU34="TC",AU34="MT"),'CARGA DOCENTE'!$G595," ") | AZ34: ='CARGA DOCENTE'!$H596 -> 0 | BA34: =IF(OR(AZ34="TC",AZ34="MT"),'CARGA DOCENTE'!$A596," ") | BB34: =IF(OR(AZ34="TC",AZ34="MT"),'CARGA DOCENTE'!$B596," ") | BC34: =IF(OR(AZ34="TC",AZ34="MT"),'CARGA DOCENTE'!$C596," ") | BD34: =IF(OR(AZ34="TC",AZ34="MT"),'CARGA DOCENTE'!$G596," ") | BE34: ='CARGA DOCENTE'!$H597 -> 0 | BF34: =IF(OR(BE34="TC",BE34="MT"),'CARGA DOCENTE'!$A597," ") | BG34: =IF(OR(BE34="TC",BE34="MT"),'CARGA DOCENTE'!$B597," ") | BH34: =IF(OR(BE34="TC",BE34="MT"),'CARGA DOCENTE'!$C597," ") | BI34: =IF(OR(BE34="TC",BE34="MT"),'CARGA DOCENTE'!$G597," ") | BJ34: ='CARGA DOCENTE'!$H598 -> 0 | BK34: =IF(OR(BJ34="TC",BJ34="MT"),'CARGA DOCENTE'!$A598," ") | BL34: =IF(OR(BJ34="TC",BJ34="MT"),'CARGA DOCENTE'!$B598," ") | BM34: =IF(OR(BJ34="TC",BJ34="MT"),'CARGA DOCENTE'!$C598," ") | BN34: =IF(OR(BJ34="TC",BJ34="MT"),'CARGA DOCENTE'!$G598," ") | BO34: ='CARGA DOCENTE'!$H599 -> 0 | BP34: =IF(OR(BO34="TC",BO34="MT"),'CARGA DOCENTE'!$A599," ") | BQ34: =IF(OR(BO34="TC",BO34="MT"),'CARGA DOCENTE'!$B599," ") | BR34: =IF(OR(BO34="TC",BO34="MT"),'CARGA DOCENTE'!$C599," ") | BS34: =IF(OR(BO34="TC",BO34="MT"),'CARGA DOCENTE'!$G599," ") | BT34: ='CARGA DOCENTE'!$H600 -> 0 | BU34: =IF(OR(BT34="TC",BT34="MT"),'CARGA DOCENTE'!$A600," ") | BV34: =IF(OR(BT34="TC",BT34="MT"),'CARGA DOCENTE'!$B600," ") | BW34: =IF(OR(BT34="TC",BT34="MT"),'CARGA DOCENTE'!$C600," ") | BX34: =IF(OR(BT34="TC",BT34="MT"),'CARGA DOCENTE'!$G600," ")
A35: ='CARGA DOCENTE'!J604 -> 0 | B35: ='CARGA DOCENTE'!$H604 -> 0 | C35: =IF(OR(B35="TC",B35="MT"),'CARGA DOCENTE'!$A604," ") | D35: =IF(OR(B35="TC",B35="MT"),'CARGA DOCENTE'!$B604," ") | E35: =IF(OR(B35="TC",B35="MT"),'CARGA DOCENTE'!$C604," ") | F35: =IF(OR(B35="TC",B35="MT"),'CARGA DOCENTE'!$G604," ") | G35: ='CARGA DOCENTE'!$H605 -> 0 | H35: =IF(OR(G35="TC",G35="MT"),'CARGA DOCENTE'!$A605," ") | I35: =IF(OR(G35="TC",G35="MT"),'CARGA DOCENTE'!$B605," ") | J35: =IF(OR(G35="TC",G35="MT"),'CARGA DOCENTE'!$C605," ") | K35: =IF(OR(G35="TC",G35="MT"),'CARGA DOCENTE'!$G605," ") | L35: ='CARGA DOCENTE'!$H606 -> 0 | M35: =IF(OR(L35="TC",L35="MT"),'CARGA DOCENTE'!$A606," ") | N35: =IF(OR(L35="TC",L35="MT"),'CARGA DOCENTE'!$B606," ") | O35: =IF(OR(L35="TC",L35="MT"),'CARGA DOCENTE'!$C606," ") | P35: =IF(OR(L35="TC",L35="MT"),'CARGA DOCENTE'!$G606," ") | Q35: ='CARGA DOCENTE'!$H607 -> 0 | R35: =IF(OR(Q35="TC",Q35="MT"),'CARGA DOCENTE'!$A607," ") | S35: =IF(OR(Q35="TC",Q35="MT"),'CARGA DOCENTE'!$B607," ") | T35: =IF(OR(Q35="TC",Q35="MT"),'CARGA DOCENTE'!$C607," ") | U35: =IF(OR(Q35="TC",Q35="MT"),'CARGA DOCENTE'!$G607," ") | V35: ='CARGA DOCENTE'!$H608 -> 0 | W35: =IF(OR(V35="TC",V35="MT"),'CARGA DOCENTE'!$A608," ") | X35: =IF(OR(V35="TC",V35="MT"),'CARGA DOCENTE'!$B608," ") | Y35: =IF(OR(V35="TC",V35="MT"),'CARGA DOCENTE'!$C608," ") | Z35: =IF(OR(V35="TC",V35="MT"),'CARGA DOCENTE'!$G608," ") | AA35: ='CARGA DOCENTE'!$H609 -> 0 | AB35: =IF(OR(AA35="TC",AA35="MT"),'CARGA DOCENTE'!$A609," ") | AC35: =IF(OR(AA35="TC",AA35="MT"),'CARGA DOCENTE'!$B609," ") | AD35: =IF(OR(AA35="TC",AA35="MT"),'CARGA DOCENTE'!$C609," ") | AE35: =IF(OR(AA35="TC",AA35="MT"),'CARGA DOCENTE'!$G609," ") | AF35: ='CARGA DOCENTE'!$H610 -> 0 | AG35: =IF(OR(AF35="TC",AF35="MT"),'CARGA DOCENTE'!$A610," ") | AH35: =IF(OR(AF35="TC",AF35="MT"),'CARGA DOCENTE'!$B610," ") | AI35: =IF(OR(AF35="TC",AF35="MT"),'CARGA DOCENTE'!$C610," ") | AJ35: =IF(OR(AF35="TC",AF35="MT"),'CARGA DOCENTE'!$G610," ") | AK35: ='CARGA DOCENTE'!$H611 -> 0 | AL35: =IF(OR(AK35="TC",AK35="MT"),'CARGA DOCENTE'!$A611," ") | AM35: =IF(OR(AK35="TC",AK35="MT"),'CARGA DOCENTE'!$B611," ") | AN35: =IF(OR(AK35="TC",AK35="MT"),'CARGA DOCENTE'!$C611," ") | AO35: =IF(OR(AK35="TC",AK35="MT"),'CARGA DOCENTE'!$G611," ") | AP35: ='CARGA DOCENTE'!$H612 -> 0 | AQ35: =IF(OR(AP35="TC",AP35="MT"),'CARGA DOCENTE'!$A612," ") | AR35: =IF(OR(AP35="TC",AP35="MT"),'CARGA DOCENTE'!$B612," ") | AS35: =IF(OR(AP35="TC",AP35="MT"),'CARGA DOCENTE'!$C612," ") | AT35: =IF(OR(AP35="TC",AP35="MT"),'CARGA DOCENTE'!$G612," ") | AU35: ='CARGA DOCENTE'!$H613 -> 0 | AV35: =IF(OR(AU35="TC",AU35="MT"),'CARGA DOCENTE'!$A613," ") | AW35: =IF(OR(AU35="TC",AU35="MT"),'CARGA DOCENTE'!$B613," ") | AX35: =IF(OR(AU35="TC",AU35="MT"),'CARGA DOCENTE'!$C613," ") | AY35: =IF(OR(AU35="TC",AU35="MT"),'CARGA DOCENTE'!$G613," ") | AZ35: ='CARGA DOCENTE'!$H614 -> 0 | BA35: =IF(OR(AZ35="TC",AZ35="MT"),'CARGA DOCENTE'!$A614," ") | BB35: =IF(OR(AZ35="TC",AZ35="MT"),'CARGA DOCENTE'!$B614," ") | BC35: =IF(OR(AZ35="TC",AZ35="MT"),'CARGA DOCENTE'!$C614," ") | BD35: =IF(OR(AZ35="TC",AZ35="MT"),'CARGA DOCENTE'!$G614," ") | BE35: ='CARGA DOCENTE'!$H615 -> 0 | BF35: =IF(OR(BE35="TC",BE35="MT"),'CARGA DOCENTE'!$A615," ") | BG35: =IF(OR(BE35="TC",BE35="MT"),'CARGA DOCENTE'!$B615," ") | BH35: =IF(OR(BE35="TC",BE35="MT"),'CARGA DOCENTE'!$C615," ") | BI35: =IF(OR(BE35="TC",BE35="MT"),'CARGA DOCENTE'!$G615," ") | BJ35: ='CARGA DOCENTE'!$H616 -> 0 | BK35: =IF(OR(BJ35="TC",BJ35="MT"),'CARGA DOCENTE'!$A616," ") | BL35: =IF(OR(BJ35="TC",BJ35="MT"),'CARGA DOCENTE'!$B616," ") | BM35: =IF(OR(BJ35="TC",BJ35="MT"),'CARGA DOCENTE'!$C616," ") | BN35: =IF(OR(BJ35="TC",BJ35="MT"),'CARGA DOCENTE'!$G616," ") | BO35: ='CARGA DOCENTE'!$H617 -> 0 | BP35: =IF(OR(BO35="TC",BO35="MT"),'CARGA DOCENTE'!$A617," ") | BQ35: =IF(OR(BO35="TC",BO35="MT"),'CARGA DOCENTE'!$B617," ") | BR35: =IF(OR(BO35="TC",BO35="MT"),'CARGA DOCENTE'!$C617," ") | BS35: =IF(OR(BO35="TC",BO35="MT"),'CARGA DOCENTE'!$G617," ") | BT35: ='CARGA DOCENTE'!$H618 -> 0 | BU35: =IF(OR(BT35="TC",BT35="MT"),'CARGA DOCENTE'!$A618," ") | BV35: =IF(OR(BT35="TC",BT35="MT"),'CARGA DOCENTE'!$B618," ") | BW35: =IF(OR(BT35="TC",BT35="MT"),'CARGA DOCENTE'!$C618," ") | BX35: =IF(OR(BT35="TC",BT35="MT"),'CARGA DOCENTE'!$G618," ")
A36: ='CARGA DOCENTE'!J622 -> 0 | B36: ='CARGA DOCENTE'!$H622 -> 0 | C36: =IF(OR(B36="TC",B36="MT"),'CARGA DOCENTE'!$A622," ") | D36: =IF(OR(B36="TC",B36="MT"),'CARGA DOCENTE'!$B622," ") | E36: =IF(OR(B36="TC",B36="MT"),'CARGA DOCENTE'!$C622," ") | F36: =IF(OR(B36="TC",B36="MT"),'CARGA DOCENTE'!$G622," ") | G36: ='CARGA DOCENTE'!$H623 -> 0 | H36: =IF(OR(G36="TC",G36="MT"),'CARGA DOCENTE'!$A623," ") | I36: =IF(OR(G36="TC",G36="MT"),'CARGA DOCENTE'!$B623," ") | J36: =IF(OR(G36="TC",G36="MT"),'CARGA DOCENTE'!$C623," ") | K36: =IF(OR(G36="TC",G36="MT"),'CARGA DOCENTE'!$G623," ") | L36: ='CARGA DOCENTE'!$H624 -> 0 | M36: =IF(OR(L36="TC",L36="MT"),'CARGA DOCENTE'!$A624," ") | N36: =IF(OR(L36="TC",L36="MT"),'CARGA DOCENTE'!$B624," ") | O36: =IF(OR(L36="TC",L36="MT"),'CARGA DOCENTE'!$C624," ") | P36: =IF(OR(L36="TC",L36="MT"),'CARGA DOCENTE'!$G624," ") | Q36: ='CARGA DOCENTE'!$H625 -> 0 | R36: =IF(OR(Q36="TC",Q36="MT"),'CARGA DOCENTE'!$A625," ") | S36: =IF(OR(Q36="TC",Q36="MT"),'CARGA DOCENTE'!$B625," ") | T36: =IF(OR(Q36="TC",Q36="MT"),'CARGA DOCENTE'!$C625," ") | U36: =IF(OR(Q36="TC",Q36="MT"),'CARGA DOCENTE'!$G625," ") | V36: ='CARGA DOCENTE'!$H626 -> 0 | W36: =IF(OR(V36="TC",V36="MT"),'CARGA DOCENTE'!$A626," ") | X36: =IF(OR(V36="TC",V36="MT"),'CARGA DOCENTE'!$B626," ") | Y36: =IF(OR(V36="TC",V36="MT"),'CARGA DOCENTE'!$C626," ") | Z36: =IF(OR(V36="TC",V36="MT"),'CARGA DOCENTE'!$G626," ") | AA36: ='CARGA DOCENTE'!$H627 -> 0 | AB36: =IF(OR(AA36="TC",AA36="MT"),'CARGA DOCENTE'!$A627," ") | AC36: =IF(OR(AA36="TC",AA36="MT"),'CARGA DOCENTE'!$B627," ") | AD36: =IF(OR(AA36="TC",AA36="MT"),'CARGA DOCENTE'!$C627," ") | AE36: =IF(OR(AA36="TC",AA36="MT"),'CARGA DOCENTE'!$G627," ") | AF36: ='CARGA DOCENTE'!$H628 -> 0 | AG36: =IF(OR(AF36="TC",AF36="MT"),'CARGA DOCENTE'!$A628," ") | AH36: =IF(OR(AF36="TC",AF36="MT"),'CARGA DOCENTE'!$B628," ") | AI36: =IF(OR(AF36="TC",AF36="MT"),'CARGA DOCENTE'!$C628," ") | AJ36: =IF(OR(AF36="TC",AF36="MT"),'CARGA DOCENTE'!$G628," ") | AK36: ='CARGA DOCENTE'!$H629 -> 0 | AL36: =IF(OR(AK36="TC",AK36="MT"),'CARGA DOCENTE'!$A629," ") | AM36: =IF(OR(AK36="TC",AK36="MT"),'CARGA DOCENTE'!$B629," ") | AN36: =IF(OR(AK36="TC",AK36="MT"),'CARGA DOCENTE'!$C629," ") | AO36: =IF(OR(AK36="TC",AK36="MT"),'CARGA DOCENTE'!$G629," ") | AP36: ='CARGA DOCENTE'!$H630 -> 0 | AQ36: =IF(OR(AP36="TC",AP36="MT"),'CARGA DOCENTE'!$A630," ") | AR36: =IF(OR(AP36="TC",AP36="MT"),'CARGA DOCENTE'!$B630," ") | AS36: =IF(OR(AP36="TC",AP36="MT"),'CARGA DOCENTE'!$C630," ") | AT36: =IF(OR(AP36="TC",AP36="MT"),'CARGA DOCENTE'!$G630," ") | AU36: ='CARGA DOCENTE'!$H631 -> 0 | AV36: =IF(OR(AU36="TC",AU36="MT"),'CARGA DOCENTE'!$A631," ") | AW36: =IF(OR(AU36="TC",AU36="MT"),'CARGA DOCENTE'!$B631," ") | AX36: =IF(OR(AU36="TC",AU36="MT"),'CARGA DOCENTE'!$C631," ") | AY36: =IF(OR(AU36="TC",AU36="MT"),'CARGA DOCENTE'!$G631," ") | AZ36: ='CARGA DOCENTE'!$H632 -> 0 | BA36: =IF(OR(AZ36="TC",AZ36="MT"),'CARGA DOCENTE'!$A632," ") | BB36: =IF(OR(AZ36="TC",AZ36="MT"),'CARGA DOCENTE'!$B632," ") | BC36: =IF(OR(AZ36="TC",AZ36="MT"),'CARGA DOCENTE'!$C632," ") | BD36: =IF(OR(AZ36="TC",AZ36="MT"),'CARGA DOCENTE'!$G632," ") | BE36: ='CARGA DOCENTE'!$H633 -> 0 | BF36: =IF(OR(BE36="TC",BE36="MT"),'CARGA DOCENTE'!$A633," ") | BG36: =IF(OR(BE36="TC",BE36="MT"),'CARGA DOCENTE'!$B633," ") | BH36: =IF(OR(BE36="TC",BE36="MT"),'CARGA DOCENTE'!$C633," ") | BI36: =IF(OR(BE36="TC",BE36="MT"),'CARGA DOCENTE'!$G633," ") | BJ36: ='CARGA DOCENTE'!$H634 -> 0 | BK36: =IF(OR(BJ36="TC",BJ36="MT"),'CARGA DOCENTE'!$A634," ") | BL36: =IF(OR(BJ36="TC",BJ36="MT"),'CARGA DOCENTE'!$B634," ") | BM36: =IF(OR(BJ36="TC",BJ36="MT"),'CARGA DOCENTE'!$C634," ") | BN36: =IF(OR(BJ36="TC",BJ36="MT"),'CARGA DOCENTE'!$G634," ") | BO36: ='CARGA DOCENTE'!$H635 -> 0 | BP36: =IF(OR(BO36="TC",BO36="MT"),'CARGA DOCENTE'!$A635," ") | BQ36: =IF(OR(BO36="TC",BO36="MT"),'CARGA DOCENTE'!$B635," ") | BR36: =IF(OR(BO36="TC",BO36="MT"),'CARGA DOCENTE'!$C635," ") | BS36: =IF(OR(BO36="TC",BO36="MT"),'CARGA DOCENTE'!$G635," ") | BT36: ='CARGA DOCENTE'!$H636 -> 0 | BU36: =IF(OR(BT36="TC",BT36="MT"),'CARGA DOCENTE'!$A636," ") | BV36: =IF(OR(BT36="TC",BT36="MT"),'CARGA DOCENTE'!$B636," ") | BW36: =IF(OR(BT36="TC",BT36="MT"),'CARGA DOCENTE'!$C636," ") | BX36: =IF(OR(BT36="TC",BT36="MT"),'CARGA DOCENTE'!$G636," ")
A37: ='CARGA DOCENTE'!J640 -> 0 | B37: ='CARGA DOCENTE'!$H640 -> 0 | C37: =IF(OR(B37="TC",B37="MT"),'CARGA DOCENTE'!$A640," ") | D37: =IF(OR(B37="TC",B37="MT"),'CARGA DOCENTE'!$B640," ") | E37: =IF(OR(B37="TC",B37="MT"),'CARGA DOCENTE'!$C640," ") | F37: =IF(OR(B37="TC",B37="MT"),'CARGA DOCENTE'!$G640," ") | G37: ='CARGA DOCENTE'!$H641 -> 0 | H37: =IF(OR(G37="TC",G37="MT"),'CARGA DOCENTE'!$A641," ") | I37: =IF(OR(G37="TC",G37="MT"),'CARGA DOCENTE'!$B641," ") | J37: =IF(OR(G37="TC",G37="MT"),'CARGA DOCENTE'!$C641," ") | K37: =IF(OR(G37="TC",G37="MT"),'CARGA DOCENTE'!$G641," ") | L37: ='CARGA DOCENTE'!$H642 -> 0 | M37: =IF(OR(L37="TC",L37="MT"),'CARGA DOCENTE'!$A642," ") | N37: =IF(OR(L37="TC",L37="MT"),'CARGA DOCENTE'!$B642," ") | O37: =IF(OR(L37="TC",L37="MT"),'CARGA DOCENTE'!$C642," ") | P37: =IF(OR(L37="TC",L37="MT"),'CARGA DOCENTE'!$G642," ") | Q37: ='CARGA DOCENTE'!$H643 -> 0 | R37: =IF(OR(Q37="TC",Q37="MT"),'CARGA DOCENTE'!$A643," ") | S37: =IF(OR(Q37="TC",Q37="MT"),'CARGA DOCENTE'!$B643," ") | T37: =IF(OR(Q37="TC",Q37="MT"),'CARGA DOCENTE'!$C643," ") | U37: =IF(OR(Q37="TC",Q37="MT"),'CARGA DOCENTE'!$G643," ") | V37: ='CARGA DOCENTE'!$H644 -> 0 | W37: =IF(OR(V37="TC",V37="MT"),'CARGA DOCENTE'!$A644," ") | X37: =IF(OR(V37="TC",V37="MT"),'CARGA DOCENTE'!$B644," ") | Y37: =IF(OR(V37="TC",V37="MT"),'CARGA DOCENTE'!$C644," ") | Z37: =IF(OR(V37="TC",V37="MT"),'CARGA DOCENTE'!$G644," ") | AA37: ='CARGA DOCENTE'!$H645 -> 0 | AB37: =IF(OR(AA37="TC",AA37="MT"),'CARGA DOCENTE'!$A645," ") | AC37: =IF(OR(AA37="TC",AA37="MT"),'CARGA DOCENTE'!$B645," ") | AD37: =IF(OR(AA37="TC",AA37="MT"),'CARGA DOCENTE'!$C645," ") | AE37: =IF(OR(AA37="TC",AA37="MT"),'CARGA DOCENTE'!$G645," ") | AF37: ='CARGA DOCENTE'!$H646 -> 0 | AG37: =IF(OR(AF37="TC",AF37="MT"),'CARGA DOCENTE'!$A646," ") | AH37: =IF(OR(AF37="TC",AF37="MT"),'CARGA DOCENTE'!$B646," ") | AI37: =IF(OR(AF37="TC",AF37="MT"),'CARGA DOCENTE'!$C646," ") | AJ37: =IF(OR(AF37="TC",AF37="MT"),'CARGA DOCENTE'!$G646," ") | AK37: ='CARGA DOCENTE'!$H647 -> 0 | AL37: =IF(OR(AK37="TC",AK37="MT"),'CARGA DOCENTE'!$A647," ") | AM37: =IF(OR(AK37="TC",AK37="MT"),'CARGA DOCENTE'!$B647," ") | AN37: =IF(OR(AK37="TC",AK37="MT"),'CARGA DOCENTE'!$C647," ") | AO37: =IF(OR(AK37="TC",AK37="MT"),'CARGA DOCENTE'!$G647," ") | AP37: ='CARGA DOCENTE'!$H648 -> 0 | AQ37: =IF(OR(AP37="TC",AP37="MT"),'CARGA DOCENTE'!$A648," ") | AR37: =IF(OR(AP37="TC",AP37="MT"),'CARGA DOCENTE'!$B648," ") | AS37: =IF(OR(AP37="TC",AP37="MT"),'CARGA DOCENTE'!$C648," ") | AT37: =IF(OR(AP37="TC",AP37="MT"),'CARGA DOCENTE'!$G648," ") | AU37: ='CARGA DOCENTE'!$H649 -> 0 | AV37: =IF(OR(AU37="TC",AU37="MT"),'CARGA DOCENTE'!$A649," ") | AW37: =IF(OR(AU37="TC",AU37="MT"),'CARGA DOCENTE'!$B649," ") | AX37: =IF(OR(AU37="TC",AU37="MT"),'CARGA DOCENTE'!$C649," ") | AY37: =IF(OR(AU37="TC",AU37="MT"),'CARGA DOCENTE'!$G649," ") | AZ37: ='CARGA DOCENTE'!$H650 -> 0 | BA37: =IF(OR(AZ37="TC",AZ37="MT"),'CARGA DOCENTE'!$A650," ") | BB37: =IF(OR(AZ37="TC",AZ37="MT"),'CARGA DOCENTE'!$B650," ") | BC37: =IF(OR(AZ37="TC",AZ37="MT"),'CARGA DOCENTE'!$C650," ") | BD37: =IF(OR(AZ37="TC",AZ37="MT"),'CARGA DOCENTE'!$G650," ") | BE37: ='CARGA DOCENTE'!$H651 -> 0 | BF37: =IF(OR(BE37="TC",BE37="MT"),'CARGA DOCENTE'!$A651," ") | BG37: =IF(OR(BE37="TC",BE37="MT"),'CARGA DOCENTE'!$B651," ") | BH37: =IF(OR(BE37="TC",BE37="MT"),'CARGA DOCENTE'!$C651," ") | BI37: =IF(OR(BE37="TC",BE37="MT"),'CARGA DOCENTE'!$G651," ") | BJ37: ='CARGA DOCENTE'!$H652 -> 0 | BK37: =IF(OR(BJ37="TC",BJ37="MT"),'CARGA DOCENTE'!$A652," ") | BL37: =IF(OR(BJ37="TC",BJ37="MT"),'CARGA DOCENTE'!$B652," ") | BM37: =IF(OR(BJ37="TC",BJ37="MT"),'CARGA DOCENTE'!$C652," ") | BN37: =IF(OR(BJ37="TC",BJ37="MT"),'CARGA DOCENTE'!$G652," ") | BO37: ='CARGA DOCENTE'!$H653 -> 0 | BP37: =IF(OR(BO37="TC",BO37="MT"),'CARGA DOCENTE'!$A653," ") | BQ37: =IF(OR(BO37="TC",BO37="MT"),'CARGA DOCENTE'!$B653," ") | BR37: =IF(OR(BO37="TC",BO37="MT"),'CARGA DOCENTE'!$C653," ") | BS37: =IF(OR(BO37="TC",BO37="MT"),'CARGA DOCENTE'!$G653," ") | BT37: ='CARGA DOCENTE'!$H654 -> 0 | BU37: =IF(OR(BT37="TC",BT37="MT"),'CARGA DOCENTE'!$A654," ") | BV37: =IF(OR(BT37="TC",BT37="MT"),'CARGA DOCENTE'!$B654," ") | BW37: =IF(OR(BT37="TC",BT37="MT"),'CARGA DOCENTE'!$C654," ") | BX37: =IF(OR(BT37="TC",BT37="MT"),'CARGA DOCENTE'!$G654," ")
A38: ='CARGA DOCENTE'!J658 -> 0 | B38: ='CARGA DOCENTE'!$H658 -> 0 | C38: =IF(OR(B38="TC",B38="MT"),'CARGA DOCENTE'!$A658," ") | D38: =IF(OR(B38="TC",B38="MT"),'CARGA DOCENTE'!$B658," ") | E38: =IF(OR(B38="TC",B38="MT"),'CARGA DOCENTE'!$C658," ") | F38: =IF(OR(B38="TC",B38="MT"),'CARGA DOCENTE'!$G658," ") | G38: ='CARGA DOCENTE'!$H659 -> 0 | H38: =IF(OR(G38="TC",G38="MT"),'CARGA DOCENTE'!$A659," ") | I38: =IF(OR(G38="TC",G38="MT"),'CARGA DOCENTE'!$B659," ") | J38: =IF(OR(G38="TC",G38="MT"),'CARGA DOCENTE'!$C659," ") | K38: =IF(OR(G38="TC",G38="MT"),'CARGA DOCENTE'!$G659," ") | L38: ='CARGA DOCENTE'!$H660 -> 0 | M38: =IF(OR(L38="TC",L38="MT"),'CARGA DOCENTE'!$A660," ") | N38: =IF(OR(L38="TC",L38="MT"),'CARGA DOCENTE'!$B660," ") | O38: =IF(OR(L38="TC",L38="MT"),'CARGA DOCENTE'!$C660," ") | P38: =IF(OR(L38="TC",L38="MT"),'CARGA DOCENTE'!$G660," ") | Q38: ='CARGA DOCENTE'!$H661 -> 0 | R38: =IF(OR(Q38="TC",Q38="MT"),'CARGA DOCENTE'!$A661," ") | S38: =IF(OR(Q38="TC",Q38="MT"),'CARGA DOCENTE'!$B661," ") | T38: =IF(OR(Q38="TC",Q38="MT"),'CARGA DOCENTE'!$C661," ") | U38: =IF(OR(Q38="TC",Q38="MT"),'CARGA DOCENTE'!$G661," ") | V38: ='CARGA DOCENTE'!$H662 -> 0 | W38: =IF(OR(V38="TC",V38="MT"),'CARGA DOCENTE'!$A662," ") | X38: =IF(OR(V38="TC",V38="MT"),'CARGA DOCENTE'!$B662," ") | Y38: =IF(OR(V38="TC",V38="MT"),'CARGA DOCENTE'!$C662," ") | Z38: =IF(OR(V38="TC",V38="MT"),'CARGA DOCENTE'!$G662," ") | AA38: ='CARGA DOCENTE'!$H663 -> 0 | AB38: =IF(OR(AA38="TC",AA38="MT"),'CARGA DOCENTE'!$A663," ") | AC38: =IF(OR(AA38="TC",AA38="MT"),'CARGA DOCENTE'!$B663," ") | AD38: =IF(OR(AA38="TC",AA38="MT"),'CARGA DOCENTE'!$C663," ") | AE38: =IF(OR(AA38="TC",AA38="MT"),'CARGA DOCENTE'!$G663," ") | AF38: ='CARGA DOCENTE'!$H664 -> 0 | AG38: =IF(OR(AF38="TC",AF38="MT"),'CARGA DOCENTE'!$A664," ") | AH38: =IF(OR(AF38="TC",AF38="MT"),'CARGA DOCENTE'!$B664," ") | AI38: =IF(OR(AF38="TC",AF38="MT"),'CARGA DOCENTE'!$C664," ") | AJ38: =IF(OR(AF38="TC",AF38="MT"),'CARGA DOCENTE'!$G664," ") | AK38: ='CARGA DOCENTE'!$H665 -> 0 | AL38: =IF(OR(AK38="TC",AK38="MT"),'CARGA DOCENTE'!$A665," ") | AM38: =IF(OR(AK38="TC",AK38="MT"),'CARGA DOCENTE'!$B665," ") | AN38: =IF(OR(AK38="TC",AK38="MT"),'CARGA DOCENTE'!$C665," ") | AO38: =IF(OR(AK38="TC",AK38="MT"),'CARGA DOCENTE'!$G665," ") | AP38: ='CARGA DOCENTE'!$H666 -> 0 | AQ38: =IF(OR(AP38="TC",AP38="MT"),'CARGA DOCENTE'!$A666," ") | AR38: =IF(OR(AP38="TC",AP38="MT"),'CARGA DOCENTE'!$B666," ") | AS38: =IF(OR(AP38="TC",AP38="MT"),'CARGA DOCENTE'!$C666," ") | AT38: =IF(OR(AP38="TC",AP38="MT"),'CARGA DOCENTE'!$G666," ") | AU38: ='CARGA DOCENTE'!$H667 -> 0 | AV38: =IF(OR(AU38="TC",AU38="MT"),'CARGA DOCENTE'!$A667," ") | AW38: =IF(OR(AU38="TC",AU38="MT"),'CARGA DOCENTE'!$B667," ") | AX38: =IF(OR(AU38="TC",AU38="MT"),'CARGA DOCENTE'!$C667," ") | AY38: =IF(OR(AU38="TC",AU38="MT"),'CARGA DOCENTE'!$G667," ") | AZ38: ='CARGA DOCENTE'!$H668 -> 0 | BA38: =IF(OR(AZ38="TC",AZ38="MT"),'CARGA DOCENTE'!$A668," ") | BB38: =IF(OR(AZ38="TC",AZ38="MT"),'CARGA DOCENTE'!$B668," ") | BC38: =IF(OR(AZ38="TC",AZ38="MT"),'CARGA DOCENTE'!$C668," ") | BD38: =IF(OR(AZ38="TC",AZ38="MT"),'CARGA DOCENTE'!$G668," ") | BE38: ='CARGA DOCENTE'!$H669 -> 0 | BF38: =IF(OR(BE38="TC",BE38="MT"),'CARGA DOCENTE'!$A669," ") | BG38: =IF(OR(BE38="TC",BE38="MT"),'CARGA DOCENTE'!$B669," ") | BH38: =IF(OR(BE38="TC",BE38="MT"),'CARGA DOCENTE'!$C669," ") | BI38: =IF(OR(BE38="TC",BE38="MT"),'CARGA DOCENTE'!$G669," ") | BJ38: ='CARGA DOCENTE'!$H670 -> 0 | BK38: =IF(OR(BJ38="TC",BJ38="MT"),'CARGA DOCENTE'!$A670," ") | BL38: =IF(OR(BJ38="TC",BJ38="MT"),'CARGA DOCENTE'!$B670," ") | BM38: =IF(OR(BJ38="TC",BJ38="MT"),'CARGA DOCENTE'!$C670," ") | BN38: =IF(OR(BJ38="TC",BJ38="MT"),'CARGA DOCENTE'!$G670," ") | BO38: ='CARGA DOCENTE'!$H671 -> 0 | BP38: =IF(OR(BO38="TC",BO38="MT"),'CARGA DOCENTE'!$A671," ") | BQ38: =IF(OR(BO38="TC",BO38="MT"),'CARGA DOCENTE'!$B671," ") | BR38: =IF(OR(BO38="TC",BO38="MT"),'CARGA DOCENTE'!$C671," ") | BS38: =IF(OR(BO38="TC",BO38="MT"),'CARGA DOCENTE'!$G671," ") | BT38: ='CARGA DOCENTE'!$H672 -> 0 | BU38: =IF(OR(BT38="TC",BT38="MT"),'CARGA DOCENTE'!$A672," ") | BV38: =IF(OR(BT38="TC",BT38="MT"),'CARGA DOCENTE'!$B672," ") | BW38: =IF(OR(BT38="TC",BT38="MT"),'CARGA DOCENTE'!$C672," ") | BX38: =IF(OR(BT38="TC",BT38="MT"),'CARGA DOCENTE'!$G672," ")
A39: ='CARGA DOCENTE'!J676 -> 0 | B39: ='CARGA DOCENTE'!$H676 -> 0 | C39: =IF(OR(B39="TC",B39="MT"),'CARGA DOCENTE'!$A676," ") | D39: =IF(OR(B39="TC",B39="MT"),'CARGA DOCENTE'!$B676," ") | E39: =IF(OR(B39="TC",B39="MT"),'CARGA DOCENTE'!$C676," ") | F39: =IF(OR(B39="TC",B39="MT"),'CARGA DOCENTE'!$G676," ") | G39: ='CARGA DOCENTE'!$H677 -> 0 | H39: =IF(OR(G39="TC",G39="MT"),'CARGA DOCENTE'!$A677," ") | I39: =IF(OR(G39="TC",G39="MT"),'CARGA DOCENTE'!$B677," ") | J39: =IF(OR(G39="TC",G39="MT"),'CARGA DOCENTE'!$C677," ") | K39: =IF(OR(G39="TC",G39="MT"),'CARGA DOCENTE'!$G677," ") | L39: ='CARGA DOCENTE'!$H678 -> 0 | M39: =IF(OR(L39="TC",L39="MT"),'CARGA DOCENTE'!$A678," ") | N39: =IF(OR(L39="TC",L39="MT"),'CARGA DOCENTE'!$B678," ") | O39: =IF(OR(L39="TC",L39="MT"),'CARGA DOCENTE'!$C678," ") | P39: =IF(OR(L39="TC",L39="MT"),'CARGA DOCENTE'!$G678," ") | Q39: ='CARGA DOCENTE'!$H679 -> 0 | R39: =IF(OR(Q39="TC",Q39="MT"),'CARGA DOCENTE'!$A679," ") | S39: =IF(OR(Q39="TC",Q39="MT"),'CARGA DOCENTE'!$B679," ") | T39: =IF(OR(Q39="TC",Q39="MT"),'CARGA DOCENTE'!$C679," ") | U39: =IF(OR(Q39="TC",Q39="MT"),'CARGA DOCENTE'!$G679," ") | V39: ='CARGA DOCENTE'!$H680 -> 0 | W39: =IF(OR(V39="TC",V39="MT"),'CARGA DOCENTE'!$A680," ") | X39: =IF(OR(V39="TC",V39="MT"),'CARGA DOCENTE'!$B680," ") | Y39: =IF(OR(V39="TC",V39="MT"),'CARGA DOCENTE'!$C680," ") | Z39: =IF(OR(V39="TC",V39="MT"),'CARGA DOCENTE'!$G680," ") | AA39: ='CARGA DOCENTE'!$H681 -> 0 | AB39: =IF(OR(AA39="TC",AA39="MT"),'CARGA DOCENTE'!$A681," ") | AC39: =IF(OR(AA39="TC",AA39="MT"),'CARGA DOCENTE'!$B681," ") | AD39: =IF(OR(AA39="TC",AA39="MT"),'CARGA DOCENTE'!$C681," ") | AE39: =IF(OR(AA39="TC",AA39="MT"),'CARGA DOCENTE'!$G681," ") | AF39: ='CARGA DOCENTE'!$H682 -> 0 | AG39: =IF(OR(AF39="TC",AF39="MT"),'CARGA DOCENTE'!$A682," ") | AH39: =IF(OR(AF39="TC",AF39="MT"),'CARGA DOCENTE'!$B682," ") | AI39: =IF(OR(AF39="TC",AF39="MT"),'CARGA DOCENTE'!$C682," ") | AJ39: =IF(OR(AF39="TC",AF39="MT"),'CARGA DOCENTE'!$G682," ") | AK39: ='CARGA DOCENTE'!$H683 -> 0 | AL39: =IF(OR(AK39="TC",AK39="MT"),'CARGA DOCENTE'!$A683," ") | AM39: =IF(OR(AK39="TC",AK39="MT"),'CARGA DOCENTE'!$B683," ") | AN39: =IF(OR(AK39="TC",AK39="MT"),'CARGA DOCENTE'!$C683," ") | AO39: =IF(OR(AK39="TC",AK39="MT"),'CARGA DOCENTE'!$G683," ") | AP39: ='CARGA DOCENTE'!$H684 -> 0 | AQ39: =IF(OR(AP39="TC",AP39="MT"),'CARGA DOCENTE'!$A684," ") | AR39: =IF(OR(AP39="TC",AP39="MT"),'CARGA DOCENTE'!$B684," ") | AS39: =IF(OR(AP39="TC",AP39="MT"),'CARGA DOCENTE'!$C684," ") | AT39: =IF(OR(AP39="TC",AP39="MT"),'CARGA DOCENTE'!$G684," ") | AU39: ='CARGA DOCENTE'!$H685 -> 0 | AV39: =IF(OR(AU39="TC",AU39="MT"),'CARGA DOCENTE'!$A685," ") | AW39: =IF(OR(AU39="TC",AU39="MT"),'CARGA DOCENTE'!$B685," ") | AX39: =IF(OR(AU39="TC",AU39="MT"),'CARGA DOCENTE'!$C685," ") | AY39: =IF(OR(AU39="TC",AU39="MT"),'CARGA DOCENTE'!$G685," ") | AZ39: ='CARGA DOCENTE'!$H686 -> 0 | BA39: =IF(OR(AZ39="TC",AZ39="MT"),'CARGA DOCENTE'!$A686," ") | BB39: =IF(OR(AZ39="TC",AZ39="MT"),'CARGA DOCENTE'!$B686," ") | BC39: =IF(OR(AZ39="TC",AZ39="MT"),'CARGA DOCENTE'!$C686," ") | BD39: =IF(OR(AZ39="TC",AZ39="MT"),'CARGA DOCENTE'!$G686," ") | BE39: ='CARGA DOCENTE'!$H687 -> 0 | BF39: =IF(OR(BE39="TC",BE39="MT"),'CARGA DOCENTE'!$A687," ") | BG39: =IF(OR(BE39="TC",BE39="MT"),'CARGA DOCENTE'!$B687," ") | BH39: =IF(OR(BE39="TC",BE39="MT"),'CARGA DOCENTE'!$C687," ") | BI39: =IF(OR(BE39="TC",BE39="MT"),'CARGA DOCENTE'!$G687," ") | BJ39: ='CARGA DOCENTE'!$H688 -> 0 | BK39: =IF(OR(BJ39="TC",BJ39="MT"),'CARGA DOCENTE'!$A688," ") | BL39: =IF(OR(BJ39="TC",BJ39="MT"),'CARGA DOCENTE'!$B688," ") | BM39: =IF(OR(BJ39="TC",BJ39="MT"),'CARGA DOCENTE'!$C688," ") | BN39: =IF(OR(BJ39="TC",BJ39="MT"),'CARGA DOCENTE'!$G688," ") | BO39: ='CARGA DOCENTE'!$H689 -> 0 | BP39: =IF(OR(BO39="TC",BO39="MT"),'CARGA DOCENTE'!$A689," ") | BQ39: =IF(OR(BO39="TC",BO39="MT"),'CARGA DOCENTE'!$B689," ") | BR39: =IF(OR(BO39="TC",BO39="MT"),'CARGA DOCENTE'!$C689," ") | BS39: =IF(OR(BO39="TC",BO39="MT"),'CARGA DOCENTE'!$G689," ") | BT39: ='CARGA DOCENTE'!$H690 -> 0 | BU39: =IF(OR(BT39="TC",BT39="MT"),'CARGA DOCENTE'!$A690," ") | BV39: =IF(OR(BT39="TC",BT39="MT"),'CARGA DOCENTE'!$B690," ") | BW39: =IF(OR(BT39="TC",BT39="MT"),'CARGA DOCENTE'!$C690," ") | BX39: =IF(OR(BT39="TC",BT39="MT"),'CARGA DOCENTE'!$G690," ")
A40: ='CARGA DOCENTE'!J694 -> 0 | B40: ='CARGA DOCENTE'!$H694 -> 0 | C40: =IF(OR(B40="TC",B40="MT"),'CARGA DOCENTE'!$A694," ") | D40: =IF(OR(B40="TC",B40="MT"),'CARGA DOCENTE'!$B694," ") | E40: =IF(OR(B40="TC",B40="MT"),'CARGA DOCENTE'!$C694," ") | F40: =IF(OR(B40="TC",B40="MT"),'CARGA DOCENTE'!$G694," ") | G40: ='CARGA DOCENTE'!$H695 -> 0 | H40: =IF(OR(G40="TC",G40="MT"),'CARGA DOCENTE'!$A695," ") | I40: =IF(OR(G40="TC",G40="MT"),'CARGA DOCENTE'!$B695," ") | J40: =IF(OR(G40="TC",G40="MT"),'CARGA DOCENTE'!$C695," ") | K40: =IF(OR(G40="TC",G40="MT"),'CARGA DOCENTE'!$G695," ") | L40: ='CARGA DOCENTE'!$H696 -> 0 | M40: =IF(OR(L40="TC",L40="MT"),'CARGA DOCENTE'!$A696," ") | N40: =IF(OR(L40="TC",L40="MT"),'CARGA DOCENTE'!$B696," ") | O40: =IF(OR(L40="TC",L40="MT"),'CARGA DOCENTE'!$C696," ") | P40: =IF(OR(L40="TC",L40="MT"),'CARGA DOCENTE'!$G696," ") | Q40: ='CARGA DOCENTE'!$H697 -> 0 | R40: =IF(OR(Q40="TC",Q40="MT"),'CARGA DOCENTE'!$A697," ") | S40: =IF(OR(Q40="TC",Q40="MT"),'CARGA DOCENTE'!$B697," ") | T40: =IF(OR(Q40="TC",Q40="MT"),'CARGA DOCENTE'!$C697," ") | U40: =IF(OR(Q40="TC",Q40="MT"),'CARGA DOCENTE'!$G697," ") | V40: ='CARGA DOCENTE'!$H698 -> 0 | W40: =IF(OR(V40="TC",V40="MT"),'CARGA DOCENTE'!$A698," ") | X40: =IF(OR(V40="TC",V40="MT"),'CARGA DOCENTE'!$B698," ") | Y40: =IF(OR(V40="TC",V40="MT"),'CARGA DOCENTE'!$C698," ") | Z40: =IF(OR(V40="TC",V40="MT"),'CARGA DOCENTE'!$G698," ") | AA40: ='CARGA DOCENTE'!$H699 -> 0 | AB40: =IF(OR(AA40="TC",AA40="MT"),'CARGA DOCENTE'!$A699," ") | AC40: =IF(OR(AA40="TC",AA40="MT"),'CARGA DOCENTE'!$B699," ") | AD40: =IF(OR(AA40="TC",AA40="MT"),'CARGA DOCENTE'!$C699," ") | AE40: =IF(OR(AA40="TC",AA40="MT"),'CARGA DOCENTE'!$G699," ") | AF40: ='CARGA DOCENTE'!$H700 -> 0 | AG40: =IF(OR(AF40="TC",AF40="MT"),'CARGA DOCENTE'!$A700," ") | AH40: =IF(OR(AF40="TC",AF40="MT"),'CARGA DOCENTE'!$B700," ") | AI40: =IF(OR(AF40="TC",AF40="MT"),'CARGA DOCENTE'!$C700," ") | AJ40: =IF(OR(AF40="TC",AF40="MT"),'CARGA DOCENTE'!$G700," ") | AK40: ='CARGA DOCENTE'!$H701 -> 0 | AL40: =IF(OR(AK40="TC",AK40="MT"),'CARGA DOCENTE'!$A701," ") | AM40: =IF(OR(AK40="TC",AK40="MT"),'CARGA DOCENTE'!$B701," ") | AN40: =IF(OR(AK40="TC",AK40="MT"),'CARGA DOCENTE'!$C701," ") | AO40: =IF(OR(AK40="TC",AK40="MT"),'CARGA DOCENTE'!$G701," ") | AP40: ='CARGA DOCENTE'!$H702 -> 0 | AQ40: =IF(OR(AP40="TC",AP40="MT"),'CARGA DOCENTE'!$A702," ") | AR40: =IF(OR(AP40="TC",AP40="MT"),'CARGA DOCENTE'!$B702," ") | AS40: =IF(OR(AP40="TC",AP40="MT"),'CARGA DOCENTE'!$C702," ") | AT40: =IF(OR(AP40="TC",AP40="MT"),'CARGA DOCENTE'!$G702," ") | AU40: ='CARGA DOCENTE'!$H703 -> 0 | AV40: =IF(OR(AU40="TC",AU40="MT"),'CARGA DOCENTE'!$A703," ") | AW40: =IF(OR(AU40="TC",AU40="MT"),'CARGA DOCENTE'!$B703," ") | AX40: =IF(OR(AU40="TC",AU40="MT"),'CARGA DOCENTE'!$C703," ") | AY40: =IF(OR(AU40="TC",AU40="MT"),'CARGA DOCENTE'!$G703," ") | AZ40: ='CARGA DOCENTE'!$H704 -> 0 | BA40: =IF(OR(AZ40="TC",AZ40="MT"),'CARGA DOCENTE'!$A704," ") | BB40: =IF(OR(AZ40="TC",AZ40="MT"),'CARGA DOCENTE'!$B704," ") | BC40: =IF(OR(AZ40="TC",AZ40="MT"),'CARGA DOCENTE'!$C704," ") | BD40: =IF(OR(AZ40="TC",AZ40="MT"),'CARGA DOCENTE'!$G704," ") | BE40: ='CARGA DOCENTE'!$H705 -> 0 | BF40: =IF(OR(BE40="TC",BE40="MT"),'CARGA DOCENTE'!$A705," ") | BG40: =IF(OR(BE40="TC",BE40="MT"),'CARGA DOCENTE'!$B705," ") | BH40: =IF(OR(BE40="TC",BE40="MT"),'CARGA DOCENTE'!$C705," ") | BI40: =IF(OR(BE40="TC",BE40="MT"),'CARGA DOCENTE'!$G705," ") | BJ40: ='CARGA DOCENTE'!$H706 -> 0 | BK40: =IF(OR(BJ40="TC",BJ40="MT"),'CARGA DOCENTE'!$A706," ") | BL40: =IF(OR(BJ40="TC",BJ40="MT"),'CARGA DOCENTE'!$B706," ") | BM40: =IF(OR(BJ40="TC",BJ40="MT"),'CARGA DOCENTE'!$C706," ") | BN40: =IF(OR(BJ40="TC",BJ40="MT"),'CARGA DOCENTE'!$G706," ") | BO40: ='CARGA DOCENTE'!$H707 -> 0 | BP40: =IF(OR(BO40="TC",BO40="MT"),'CARGA DOCENTE'!$A707," ") | BQ40: =IF(OR(BO40="TC",BO40="MT"),'CARGA DOCENTE'!$B707," ") | BR40: =IF(OR(BO40="TC",BO40="MT"),'CARGA DOCENTE'!$C707," ") | BS40: =IF(OR(BO40="TC",BO40="MT"),'CARGA DOCENTE'!$G707," ") | BT40: ='CARGA DOCENTE'!$H708 -> 0 | BU40: =IF(OR(BT40="TC",BT40="MT"),'CARGA DOCENTE'!$A708," ") | BV40: =IF(OR(BT40="TC",BT40="MT"),'CARGA DOCENTE'!$B708," ") | BW40: =IF(OR(BT40="TC",BT40="MT"),'CARGA DOCENTE'!$C708," ") | BX40: =IF(OR(BT40="TC",BT40="MT"),'CARGA DOCENTE'!$G708," ")
A41: ='CARGA DOCENTE'!J712 -> 0 | B41: ='CARGA DOCENTE'!$H712 -> 0 | C41: =IF(OR(B41="TC",B41="MT"),'CARGA DOCENTE'!$A712," ") | D41: =IF(OR(B41="TC",B41="MT"),'CARGA DOCENTE'!$B712," ") | E41: =IF(OR(B41="TC",B41="MT"),'CARGA DOCENTE'!$C712," ") | F41: =IF(OR(B41="TC",B41="MT"),'CARGA DOCENTE'!$G712," ") | G41: ='CARGA DOCENTE'!$H713 -> 0 | H41: =IF(OR(G41="TC",G41="MT"),'CARGA DOCENTE'!$A713," ") | I41: =IF(OR(G41="TC",G41="MT"),'CARGA DOCENTE'!$B713," ") | J41: =IF(OR(G41="TC",G41="MT"),'CARGA DOCENTE'!$C713," ") | K41: =IF(OR(G41="TC",G41="MT"),'CARGA DOCENTE'!$G713," ") | L41: ='CARGA DOCENTE'!$H714 -> 0 | M41: =IF(OR(L41="TC",L41="MT"),'CARGA DOCENTE'!$A714," ") | N41: =IF(OR(L41="TC",L41="MT"),'CARGA DOCENTE'!$B714," ") | O41: =IF(OR(L41="TC",L41="MT"),'CARGA DOCENTE'!$C714," ") | P41: =IF(OR(L41="TC",L41="MT"),'CARGA DOCENTE'!$G714," ") | Q41: ='CARGA DOCENTE'!$H715 -> 0 | R41: =IF(OR(Q41="TC",Q41="MT"),'CARGA DOCENTE'!$A715," ") | S41: =IF(OR(Q41="TC",Q41="MT"),'CARGA DOCENTE'!$B715," ") | T41: =IF(OR(Q41="TC",Q41="MT"),'CARGA DOCENTE'!$C715," ") | U41: =IF(OR(Q41="TC",Q41="MT"),'CARGA DOCENTE'!$G715," ") | V41: ='CARGA DOCENTE'!$H716 -> 0 | W41: =IF(OR(V41="TC",V41="MT"),'CARGA DOCENTE'!$A716," ") | X41: =IF(OR(V41="TC",V41="MT"),'CARGA DOCENTE'!$B716," ") | Y41: =IF(OR(V41="TC",V41="MT"),'CARGA DOCENTE'!$C716," ") | Z41: =IF(OR(V41="TC",V41="MT"),'CARGA DOCENTE'!$G716," ") | AA41: ='CARGA DOCENTE'!$H717 -> 0 | AB41: =IF(OR(AA41="TC",AA41="MT"),'CARGA DOCENTE'!$A717," ") | AC41: =IF(OR(AA41="TC",AA41="MT"),'CARGA DOCENTE'!$B717," ") | AD41: =IF(OR(AA41="TC",AA41="MT"),'CARGA DOCENTE'!$C717," ") | AE41: =IF(OR(AA41="TC",AA41="MT"),'CARGA DOCENTE'!$G717," ") | AF41: ='CARGA DOCENTE'!$H718 -> 0 | AG41: =IF(OR(AF41="TC",AF41="MT"),'CARGA DOCENTE'!$A718," ") | AH41: =IF(OR(AF41="TC",AF41="MT"),'CARGA DOCENTE'!$B718," ") | AI41: =IF(OR(AF41="TC",AF41="MT"),'CARGA DOCENTE'!$C718," ") | AJ41: =IF(OR(AF41="TC",AF41="MT"),'CARGA DOCENTE'!$G718," ") | AK41: ='CARGA DOCENTE'!$H719 -> 0 | AL41: =IF(OR(AK41="TC",AK41="MT"),'CARGA DOCENTE'!$A719," ") | AM41: =IF(OR(AK41="TC",AK41="MT"),'CARGA DOCENTE'!$B719," ") | AN41: =IF(OR(AK41="TC",AK41="MT"),'CARGA DOCENTE'!$C719," ") | AO41: =IF(OR(AK41="TC",AK41="MT"),'CARGA DOCENTE'!$G719," ") | AP41: ='CARGA DOCENTE'!$H720 -> 0 | AQ41: =IF(OR(AP41="TC",AP41="MT"),'CARGA DOCENTE'!$A720," ") | AR41: =IF(OR(AP41="TC",AP41="MT"),'CARGA DOCENTE'!$B720," ") | AS41: =IF(OR(AP41="TC",AP41="MT"),'CARGA DOCENTE'!$C720," ") | AT41: =IF(OR(AP41="TC",AP41="MT"),'CARGA DOCENTE'!$G720," ") | AU41: ='CARGA DOCENTE'!$H721 -> 0 | AV41: =IF(OR(AU41="TC",AU41="MT"),'CARGA DOCENTE'!$A721," ") | AW41: =IF(OR(AU41="TC",AU41="MT"),'CARGA DOCENTE'!$B721," ") | AX41: =IF(OR(AU41="TC",AU41="MT"),'CARGA DOCENTE'!$C721," ") | AY41: =IF(OR(AU41="TC",AU41="MT"),'CARGA DOCENTE'!$G721," ") | AZ41: ='CARGA DOCENTE'!$H722 -> 0 | BA41: =IF(OR(AZ41="TC",AZ41="MT"),'CARGA DOCENTE'!$A722," ") | BB41: =IF(OR(AZ41="TC",AZ41="MT"),'CARGA DOCENTE'!$B722," ") | BC41: =IF(OR(AZ41="TC",AZ41="MT"),'CARGA DOCENTE'!$C722," ") | BD41: =IF(OR(AZ41="TC",AZ41="MT"),'CARGA DOCENTE'!$G722," ") | BE41: ='CARGA DOCENTE'!$H723 -> 0 | BF41: =IF(OR(BE41="TC",BE41="MT"),'CARGA DOCENTE'!$A723," ") | BG41: =IF(OR(BE41="TC",BE41="MT"),'CARGA DOCENTE'!$B723," ") | BH41: =IF(OR(BE41="TC",BE41="MT"),'CARGA DOCENTE'!$C723," ") | BI41: =IF(OR(BE41="TC",BE41="MT"),'CARGA DOCENTE'!$G723," ") | BJ41: ='CARGA DOCENTE'!$H724 -> 0 | BK41: =IF(OR(BJ41="TC",BJ41="MT"),'CARGA DOCENTE'!$A724," ") | BL41: =IF(OR(BJ41="TC",BJ41="MT"),'CARGA DOCENTE'!$B724," ") | BM41: =IF(OR(BJ41="TC",BJ41="MT"),'CARGA DOCENTE'!$C724," ") | BN41: =IF(OR(BJ41="TC",BJ41="MT"),'CARGA DOCENTE'!$G724," ") | BO41: ='CARGA DOCENTE'!$H725 -> 0 | BP41: =IF(OR(BO41="TC",BO41="MT"),'CARGA DOCENTE'!$A725," ") | BQ41: =IF(OR(BO41="TC",BO41="MT"),'CARGA DOCENTE'!$B725," ") | BR41: =IF(OR(BO41="TC",BO41="MT"),'CARGA DOCENTE'!$C725," ") | BS41: =IF(OR(BO41="TC",BO41="MT"),'CARGA DOCENTE'!$G725," ") | BT41: ='CARGA DOCENTE'!$H726 -> 0 | BU41: =IF(OR(BT41="TC",BT41="MT"),'CARGA DOCENTE'!$A726," ") | BV41: =IF(OR(BT41="TC",BT41="MT"),'CARGA DOCENTE'!$B726," ") | BW41: =IF(OR(BT41="TC",BT41="MT"),'CARGA DOCENTE'!$C726," ") | BX41: =IF(OR(BT41="TC",BT41="MT"),'CARGA DOCENTE'!$G726," ")
A42: ='CARGA DOCENTE'!J730 -> 0 | B42: ='CARGA DOCENTE'!$H730 -> 0 | C42: =IF(OR(B42="TC",B42="MT"),'CARGA DOCENTE'!$A730," ") | D42: =IF(OR(B42="TC",B42="MT"),'CARGA DOCENTE'!$B730," ") | E42: =IF(OR(B42="TC",B42="MT"),'CARGA DOCENTE'!$C730," ") | F42: =IF(OR(B42="TC",B42="MT"),'CARGA DOCENTE'!$G730," ") | G42: ='CARGA DOCENTE'!$H731 -> 0 | H42: =IF(OR(G42="TC",G42="MT"),'CARGA DOCENTE'!$A731," ") | I42: =IF(OR(G42="TC",G42="MT"),'CARGA DOCENTE'!$B731," ") | J42: =IF(OR(G42="TC",G42="MT"),'CARGA DOCENTE'!$C731," ") | K42: =IF(OR(G42="TC",G42="MT"),'CARGA DOCENTE'!$G731," ") | L42: ='CARGA DOCENTE'!$H732 -> 0 | M42: =IF(OR(L42="TC",L42="MT"),'CARGA DOCENTE'!$A732," ") | N42: =IF(OR(L42="TC",L42="MT"),'CARGA DOCENTE'!$B732," ") | O42: =IF(OR(L42="TC",L42="MT"),'CARGA DOCENTE'!$C732," ") | P42: =IF(OR(L42="TC",L42="MT"),'CARGA DOCENTE'!$G732," ") | Q42: ='CARGA DOCENTE'!$H733 -> 0 | R42: =IF(OR(Q42="TC",Q42="MT"),'CARGA DOCENTE'!$A733," ") | S42: =IF(OR(Q42="TC",Q42="MT"),'CARGA DOCENTE'!$B733," ") | T42: =IF(OR(Q42="TC",Q42="MT"),'CARGA DOCENTE'!$C733," ") | U42: =IF(OR(Q42="TC",Q42="MT"),'CARGA DOCENTE'!$G733," ") | V42: ='CARGA DOCENTE'!$H734 -> 0 | W42: =IF(OR(V42="TC",V42="MT"),'CARGA DOCENTE'!$A734," ") | X42: =IF(OR(V42="TC",V42="MT"),'CARGA DOCENTE'!$B734," ") | Y42: =IF(OR(V42="TC",V42="MT"),'CARGA DOCENTE'!$C734," ") | Z42: =IF(OR(V42="TC",V42="MT"),'CARGA DOCENTE'!$G734," ") | AA42: ='CARGA DOCENTE'!$H735 -> 0 | AB42: =IF(OR(AA42="TC",AA42="MT"),'CARGA DOCENTE'!$A735," ") | AC42: =IF(OR(AA42="TC",AA42="MT"),'CARGA DOCENTE'!$B735," ") | AD42: =IF(OR(AA42="TC",AA42="MT"),'CARGA DOCENTE'!$C735," ") | AE42: =IF(OR(AA42="TC",AA42="MT"),'CARGA DOCENTE'!$G735," ") | AF42: ='CARGA DOCENTE'!$H736 -> 0 | AG42: =IF(OR(AF42="TC",AF42="MT"),'CARGA DOCENTE'!$A736," ") | AH42: =IF(OR(AF42="TC",AF42="MT"),'CARGA DOCENTE'!$B736," ") | AI42: =IF(OR(AF42="TC",AF42="MT"),'CARGA DOCENTE'!$C736," ") | AJ42: =IF(OR(AF42="TC",AF42="MT"),'CARGA DOCENTE'!$G736," ") | AK42: ='CARGA DOCENTE'!$H737 -> 0 | AL42: =IF(OR(AK42="TC",AK42="MT"),'CARGA DOCENTE'!$A737," ") | AM42: =IF(OR(AK42="TC",AK42="MT"),'CARGA DOCENTE'!$B737," ") | AN42: =IF(OR(AK42="TC",AK42="MT"),'CARGA DOCENTE'!$C737," ") | AO42: =IF(OR(AK42="TC",AK42="MT"),'CARGA DOCENTE'!$G737," ") | AP42: ='CARGA DOCENTE'!$H738 -> 0 | AQ42: =IF(OR(AP42="TC",AP42="MT"),'CARGA DOCENTE'!$A738," ") | AR42: =IF(OR(AP42="TC",AP42="MT"),'CARGA DOCENTE'!$B738," ") | AS42: =IF(OR(AP42="TC",AP42="MT"),'CARGA DOCENTE'!$C738," ") | AT42: =IF(OR(AP42="TC",AP42="MT"),'CARGA DOCENTE'!$G738," ") | AU42: ='CARGA DOCENTE'!$H739 -> 0 | AV42: =IF(OR(AU42="TC",AU42="MT"),'CARGA DOCENTE'!$A739," ") | AW42: =IF(OR(AU42="TC",AU42="MT"),'CARGA DOCENTE'!$B739," ") | AX42: =IF(OR(AU42="TC",AU42="MT"),'CARGA DOCENTE'!$C739," ") | AY42: =IF(OR(AU42="TC",AU42="MT"),'CARGA DOCENTE'!$G739," ") | AZ42: ='CARGA DOCENTE'!$H740 -> 0 | BA42: =IF(OR(AZ42="TC",AZ42="MT"),'CARGA DOCENTE'!$A740," ") | BB42: =IF(OR(AZ42="TC",AZ42="MT"),'CARGA DOCENTE'!$B740," ") | BC42: =IF(OR(AZ42="TC",AZ42="MT"),'CARGA DOCENTE'!$C740," ") | BD42: =IF(OR(AZ42="TC",AZ42="MT"),'CARGA DOCENTE'!$G740," ") | BE42: ='CARGA DOCENTE'!$H741 -> 0 | BF42: =IF(OR(BE42="TC",BE42="MT"),'CARGA DOCENTE'!$A741," ") | BG42: =IF(OR(BE42="TC",BE42="MT"),'CARGA DOCENTE'!$B741," ") | BH42: =IF(OR(BE42="TC",BE42="MT"),'CARGA DOCENTE'!$C741," ") | BI42: =IF(OR(BE42="TC",BE42="MT"),'CARGA DOCENTE'!$G741," ") | BJ42: ='CARGA DOCENTE'!$H742 -> 0 | BK42: =IF(OR(BJ42="TC",BJ42="MT"),'CARGA DOCENTE'!$A742," ") | BL42: =IF(OR(BJ42="TC",BJ42="MT"),'CARGA DOCENTE'!$B742," ") | BM42: =IF(OR(BJ42="TC",BJ42="MT"),'CARGA DOCENTE'!$C742," ") | BN42: =IF(OR(BJ42="TC",BJ42="MT"),'CARGA DOCENTE'!$G742," ") | BO42: ='CARGA DOCENTE'!$H743 -> 0 | BP42: =IF(OR(BO42="TC",BO42="MT"),'CARGA DOCENTE'!$A743," ") | BQ42: =IF(OR(BO42="TC",BO42="MT"),'CARGA DOCENTE'!$B743," ") | BR42: =IF(OR(BO42="TC",BO42="MT"),'CARGA DOCENTE'!$C743," ") | BS42: =IF(OR(BO42="TC",BO42="MT"),'CARGA DOCENTE'!$G743," ") | BT42: ='CARGA DOCENTE'!$H744 -> 0 | BU42: =IF(OR(BT42="TC",BT42="MT"),'CARGA DOCENTE'!$A744," ") | BV42: =IF(OR(BT42="TC",BT42="MT"),'CARGA DOCENTE'!$B744," ") | BW42: =IF(OR(BT42="TC",BT42="MT"),'CARGA DOCENTE'!$C744," ") | BX42: =IF(OR(BT42="TC",BT42="MT"),'CARGA DOCENTE'!$G744," ")
A43: ='CARGA DOCENTE'!J748 -> 0 | B43: ='CARGA DOCENTE'!$H748 -> 0 | C43: =IF(OR(B43="TC",B43="MT"),'CARGA DOCENTE'!$A748," ") | D43: =IF(OR(B43="TC",B43="MT"),'CARGA DOCENTE'!$B748," ") | E43: =IF(OR(B43="TC",B43="MT"),'CARGA DOCENTE'!$C748," ") | F43: =IF(OR(B43="TC",B43="MT"),'CARGA DOCENTE'!$G748," ") | G43: ='CARGA DOCENTE'!$H749 -> 0 | H43: =IF(OR(G43="TC",G43="MT"),'CARGA DOCENTE'!$A749," ") | I43: =IF(OR(G43="TC",G43="MT"),'CARGA DOCENTE'!$B749," ") | J43: =IF(OR(G43="TC",G43="MT"),'CARGA DOCENTE'!$C749," ") | K43: =IF(OR(G43="TC",G43="MT"),'CARGA DOCENTE'!$G749," ") | L43: ='CARGA DOCENTE'!$H750 -> 0 | M43: =IF(OR(L43="TC",L43="MT"),'CARGA DOCENTE'!$A750," ") | N43: =IF(OR(L43="TC",L43="MT"),'CARGA DOCENTE'!$B750," ") | O43: =IF(OR(L43="TC",L43="MT"),'CARGA DOCENTE'!$C750," ") | P43: =IF(OR(L43="TC",L43="MT"),'CARGA DOCENTE'!$G750," ") | Q43: ='CARGA DOCENTE'!$H751 -> 0 | R43: =IF(OR(Q43="TC",Q43="MT"),'CARGA DOCENTE'!$A751," ") | S43: =IF(OR(Q43="TC",Q43="MT"),'CARGA DOCENTE'!$B751," ") | T43: =IF(OR(Q43="TC",Q43="MT"),'CARGA DOCENTE'!$C751," ") | U43: =IF(OR(Q43="TC",Q43="MT"),'CARGA DOCENTE'!$G751," ") | V43: ='CARGA DOCENTE'!$H752 -> 0 | W43: =IF(OR(V43="TC",V43="MT"),'CARGA DOCENTE'!$A752," ") | X43: =IF(OR(V43="TC",V43="MT"),'CARGA DOCENTE'!$B752," ") | Y43: =IF(OR(V43="TC",V43="MT"),'CARGA DOCENTE'!$C752," ") | Z43: =IF(OR(V43="TC",V43="MT"),'CARGA DOCENTE'!$G752," ") | AA43: ='CARGA DOCENTE'!$H753 -> 0 | AB43: =IF(OR(AA43="TC",AA43="MT"),'CARGA DOCENTE'!$A753," ") | AC43: =IF(OR(AA43="TC",AA43="MT"),'CARGA DOCENTE'!$B753," ") | AD43: =IF(OR(AA43="TC",AA43="MT"),'CARGA DOCENTE'!$C753," ") | AE43: =IF(OR(AA43="TC",AA43="MT"),'CARGA DOCENTE'!$G753," ") | AF43: ='CARGA DOCENTE'!$H754 -> 0 | AG43: =IF(OR(AF43="TC",AF43="MT"),'CARGA DOCENTE'!$A754," ") | AH43: =IF(OR(AF43="TC",AF43="MT"),'CARGA DOCENTE'!$B754," ") | AI43: =IF(OR(AF43="TC",AF43="MT"),'CARGA DOCENTE'!$C754," ") | AJ43: =IF(OR(AF43="TC",AF43="MT"),'CARGA DOCENTE'!$G754," ") | AK43: ='CARGA DOCENTE'!$H755 -> 0 | AL43: =IF(OR(AK43="TC",AK43="MT"),'CARGA DOCENTE'!$A755," ") | AM43: =IF(OR(AK43="TC",AK43="MT"),'CARGA DOCENTE'!$B755," ") | AN43: =IF(OR(AK43="TC",AK43="MT"),'CARGA DOCENTE'!$C755," ") | AO43: =IF(OR(AK43="TC",AK43="MT"),'CARGA DOCENTE'!$G755," ") | AP43: ='CARGA DOCENTE'!$H756 -> 0 | AQ43: =IF(OR(AP43="TC",AP43="MT"),'CARGA DOCENTE'!$A756," ") | AR43: =IF(OR(AP43="TC",AP43="MT"),'CARGA DOCENTE'!$B756," ") | AS43: =IF(OR(AP43="TC",AP43="MT"),'CARGA DOCENTE'!$C756," ") | AT43: =IF(OR(AP43="TC",AP43="MT"),'CARGA DOCENTE'!$G756," ") | AU43: ='CARGA DOCENTE'!$H757 -> 0 | AV43: =IF(OR(AU43="TC",AU43="MT"),'CARGA DOCENTE'!$A757," ") | AW43: =IF(OR(AU43="TC",AU43="MT"),'CARGA DOCENTE'!$B757," ") | AX43: =IF(OR(AU43="TC",AU43="MT"),'CARGA DOCENTE'!$C757," ") | AY43: =IF(OR(AU43="TC",AU43="MT"),'CARGA DOCENTE'!$G757," ") | AZ43: ='CARGA DOCENTE'!$H758 -> 0 | BA43: =IF(OR(AZ43="TC",AZ43="MT"),'CARGA DOCENTE'!$A758," ") | BB43: =IF(OR(AZ43="TC",AZ43="MT"),'CARGA DOCENTE'!$B758," ") | BC43: =IF(OR(AZ43="TC",AZ43="MT"),'CARGA DOCENTE'!$C758," ") | BD43: =IF(OR(AZ43="TC",AZ43="MT"),'CARGA DOCENTE'!$G758," ") | BE43: ='CARGA DOCENTE'!$H759 -> 0 | BF43: =IF(OR(BE43="TC",BE43="MT"),'CARGA DOCENTE'!$A759," ") | BG43: =IF(OR(BE43="TC",BE43="MT"),'CARGA DOCENTE'!$B759," ") | BH43: =IF(OR(BE43="TC",BE43="MT"),'CARGA DOCENTE'!$C759," ") | BI43: =IF(OR(BE43="TC",BE43="MT"),'CARGA DOCENTE'!$G759," ") | BJ43: ='CARGA DOCENTE'!$H760 -> 0 | BK43: =IF(OR(BJ43="TC",BJ43="MT"),'CARGA DOCENTE'!$A760," ") | BL43: =IF(OR(BJ43="TC",BJ43="MT"),'CARGA DOCENTE'!$B760," ") | BM43: =IF(OR(BJ43="TC",BJ43="MT"),'CARGA DOCENTE'!$C760," ") | BN43: =IF(OR(BJ43="TC",BJ43="MT"),'CARGA DOCENTE'!$G760," ") | BO43: ='CARGA DOCENTE'!$H761 -> 0 | BP43: =IF(OR(BO43="TC",BO43="MT"),'CARGA DOCENTE'!$A761," ") | BQ43: =IF(OR(BO43="TC",BO43="MT"),'CARGA DOCENTE'!$B761," ") | BR43: =IF(OR(BO43="TC",BO43="MT"),'CARGA DOCENTE'!$C761," ") | BS43: =IF(OR(BO43="TC",BO43="MT"),'CARGA DOCENTE'!$G761," ") | BT43: ='CARGA DOCENTE'!$H762 -> 0 | BU43: =IF(OR(BT43="TC",BT43="MT"),'CARGA DOCENTE'!$A762," ") | BV43: =IF(OR(BT43="TC",BT43="MT"),'CARGA DOCENTE'!$B762," ") | BW43: =IF(OR(BT43="TC",BT43="MT"),'CARGA DOCENTE'!$C762," ") | BX43: =IF(OR(BT43="TC",BT43="MT"),'CARGA DOCENTE'!$G762," ")
A44: ='CARGA DOCENTE'!J766 -> 0 | B44: ='CARGA DOCENTE'!$H766 -> 0 | C44: =IF(OR(B44="TC",B44="MT"),'CARGA DOCENTE'!$A766," ") | D44: =IF(OR(B44="TC",B44="MT"),'CARGA DOCENTE'!$B766," ") | E44: =IF(OR(B44="TC",B44="MT"),'CARGA DOCENTE'!$C766," ") | F44: =IF(OR(B44="TC",B44="MT"),'CARGA DOCENTE'!$G766," ") | G44: ='CARGA DOCENTE'!$H767 -> 0 | H44: =IF(OR(G44="TC",G44="MT"),'CARGA DOCENTE'!$A767," ") | I44: =IF(OR(G44="TC",G44="MT"),'CARGA DOCENTE'!$B767," ") | J44: =IF(OR(G44="TC",G44="MT"),'CARGA DOCENTE'!$C767," ") | K44: =IF(OR(G44="TC",G44="MT"),'CARGA DOCENTE'!$G767," ") | L44: ='CARGA DOCENTE'!$H768 -> 0 | M44: =IF(OR(L44="TC",L44="MT"),'CARGA DOCENTE'!$A768," ") | N44: =IF(OR(L44="TC",L44="MT"),'CARGA DOCENTE'!$B768," ") | O44: =IF(OR(L44="TC",L44="MT"),'CARGA DOCENTE'!$C768," ") | P44: =IF(OR(L44="TC",L44="MT"),'CARGA DOCENTE'!$G768," ") | Q44: ='CARGA DOCENTE'!$H769 -> 0 | R44: =IF(OR(Q44="TC",Q44="MT"),'CARGA DOCENTE'!$A769," ") | S44: =IF(OR(Q44="TC",Q44="MT"),'CARGA DOCENTE'!$B769," ") | T44: =IF(OR(Q44="TC",Q44="MT"),'CARGA DOCENTE'!$C769," ") | U44: =IF(OR(Q44="TC",Q44="MT"),'CARGA DOCENTE'!$G769," ") | V44: ='CARGA DOCENTE'!$H770 -> 0 | W44: =IF(OR(V44="TC",V44="MT"),'CARGA DOCENTE'!$A770," ") | X44: =IF(OR(V44="TC",V44="MT"),'CARGA DOCENTE'!$B770," ") | Y44: =IF(OR(V44="TC",V44="MT"),'CARGA DOCENTE'!$C770," ") | Z44: =IF(OR(V44="TC",V44="MT"),'CARGA DOCENTE'!$G770," ") | AA44: ='CARGA DOCENTE'!$H771 -> 0 | AB44: =IF(OR(AA44="TC",AA44="MT"),'CARGA DOCENTE'!$A771," ") | AC44: =IF(OR(AA44="TC",AA44="MT"),'CARGA DOCENTE'!$B771," ") | AD44: =IF(OR(AA44="TC",AA44="MT"),'CARGA DOCENTE'!$C771," ") | AE44: =IF(OR(AA44="TC",AA44="MT"),'CARGA DOCENTE'!$G771," ") | AF44: ='CARGA DOCENTE'!$H772 -> 0 | AG44: =IF(OR(AF44="TC",AF44="MT"),'CARGA DOCENTE'!$A772," ") | AH44: =IF(OR(AF44="TC",AF44="MT"),'CARGA DOCENTE'!$B772," ") | AI44: =IF(OR(AF44="TC",AF44="MT"),'CARGA DOCENTE'!$C772," ") | AJ44: =IF(OR(AF44="TC",AF44="MT"),'CARGA DOCENTE'!$G772," ") | AK44: ='CARGA DOCENTE'!$H773 -> 0 | AL44: =IF(OR(AK44="TC",AK44="MT"),'CARGA DOCENTE'!$A773," ") | AM44: =IF(OR(AK44="TC",AK44="MT"),'CARGA DOCENTE'!$B773," ") | AN44: =IF(OR(AK44="TC",AK44="MT"),'CARGA DOCENTE'!$C773," ") | AO44: =IF(OR(AK44="TC",AK44="MT"),'CARGA DOCENTE'!$G773," ") | AP44: ='CARGA DOCENTE'!$H774 -> 0 | AQ44: =IF(OR(AP44="TC",AP44="MT"),'CARGA DOCENTE'!$A774," ") | AR44: =IF(OR(AP44="TC",AP44="MT"),'CARGA DOCENTE'!$B774," ") | AS44: =IF(OR(AP44="TC",AP44="MT"),'CARGA DOCENTE'!$C774," ") | AT44: =IF(OR(AP44="TC",AP44="MT"),'CARGA DOCENTE'!$G774," ") | AU44: ='CARGA DOCENTE'!$H775 -> 0 | AV44: =IF(OR(AU44="TC",AU44="MT"),'CARGA DOCENTE'!$A775," ") | AW44: =IF(OR(AU44="TC",AU44="MT"),'CARGA DOCENTE'!$B775," ") | AX44: =IF(OR(AU44="TC",AU44="MT"),'CARGA DOCENTE'!$C775," ") | AY44: =IF(OR(AU44="TC",AU44="MT"),'CARGA DOCENTE'!$G775," ") | AZ44: ='CARGA DOCENTE'!$H776 -> 0 | BA44: =IF(OR(AZ44="TC",AZ44="MT"),'CARGA DOCENTE'!$A776," ") | BB44: =IF(OR(AZ44="TC",AZ44="MT"),'CARGA DOCENTE'!$B776," ") | BC44: =IF(OR(AZ44="TC",AZ44="MT"),'CARGA DOCENTE'!$C776," ") | BD44: =IF(OR(AZ44="TC",AZ44="MT"),'CARGA DOCENTE'!$G776," ") | BE44: ='CARGA DOCENTE'!$H777 -> 0 | BF44: =IF(OR(BE44="TC",BE44="MT"),'CARGA DOCENTE'!$A777," ") | BG44: =IF(OR(BE44="TC",BE44="MT"),'CARGA DOCENTE'!$B777," ") | BH44: =IF(OR(BE44="TC",BE44="MT"),'CARGA DOCENTE'!$C777," ") | BI44: =IF(OR(BE44="TC",BE44="MT"),'CARGA DOCENTE'!$G777," ") | BJ44: ='CARGA DOCENTE'!$H778 -> 0 | BK44: =IF(OR(BJ44="TC",BJ44="MT"),'CARGA DOCENTE'!$A778," ") | BL44: =IF(OR(BJ44="TC",BJ44="MT"),'CARGA DOCENTE'!$B778," ") | BM44: =IF(OR(BJ44="TC",BJ44="MT"),'CARGA DOCENTE'!$C778," ") | BN44: =IF(OR(BJ44="TC",BJ44="MT"),'CARGA DOCENTE'!$G778," ") | BO44: ='CARGA DOCENTE'!$H779 -> 0 | BP44: =IF(OR(BO44="TC",BO44="MT"),'CARGA DOCENTE'!$A779," ") | BQ44: =IF(OR(BO44="TC",BO44="MT"),'CARGA DOCENTE'!$B779," ") | BR44: =IF(OR(BO44="TC",BO44="MT"),'CARGA DOCENTE'!$C779," ") | BS44: =IF(OR(BO44="TC",BO44="MT"),'CARGA DOCENTE'!$G779," ") | BT44: ='CARGA DOCENTE'!$H780 -> 0 | BU44: =IF(OR(BT44="TC",BT44="MT"),'CARGA DOCENTE'!$A780," ") | BV44: =IF(OR(BT44="TC",BT44="MT"),'CARGA DOCENTE'!$B780," ") | BW44: =IF(OR(BT44="TC",BT44="MT"),'CARGA DOCENTE'!$C780," ") | BX44: =IF(OR(BT44="TC",BT44="MT"),'CARGA DOCENTE'!$G780," ")
A45: ='CARGA DOCENTE'!J784 -> 0 | B45: ='CARGA DOCENTE'!$H784 -> 0 | C45: =IF(OR(B45="TC",B45="MT"),'CARGA DOCENTE'!$A784," ") | D45: =IF(OR(B45="TC",B45="MT"),'CARGA DOCENTE'!$B784," ") | E45: =IF(OR(B45="TC",B45="MT"),'CARGA DOCENTE'!$C784," ") | F45: =IF(OR(B45="TC",B45="MT"),'CARGA DOCENTE'!$G784," ") | G45: ='CARGA DOCENTE'!$H785 -> 0 | H45: =IF(OR(G45="TC",G45="MT"),'CARGA DOCENTE'!$A785," ") | I45: =IF(OR(G45="TC",G45="MT"),'CARGA DOCENTE'!$B785," ") | J45: =IF(OR(G45="TC",G45="MT"),'CARGA DOCENTE'!$C785," ") | K45: =IF(OR(G45="TC",G45="MT"),'CARGA DOCENTE'!$G785," ") | L45: ='CARGA DOCENTE'!$H786 -> 0 | M45: =IF(OR(L45="TC",L45="MT"),'CARGA DOCENTE'!$A786," ") | N45: =IF(OR(L45="TC",L45="MT"),'CARGA DOCENTE'!$B786," ") | O45: =IF(OR(L45="TC",L45="MT"),'CARGA DOCENTE'!$C786," ") | P45: =IF(OR(L45="TC",L45="MT"),'CARGA DOCENTE'!$G786," ") | Q45: ='CARGA DOCENTE'!$H787 -> 0 | R45: =IF(OR(Q45="TC",Q45="MT"),'CARGA DOCENTE'!$A787," ") | S45: =IF(OR(Q45="TC",Q45="MT"),'CARGA DOCENTE'!$B787," ") | T45: =IF(OR(Q45="TC",Q45="MT"),'CARGA DOCENTE'!$C787," ") | U45: =IF(OR(Q45="TC",Q45="MT"),'CARGA DOCENTE'!$G787," ") | V45: ='CARGA DOCENTE'!$H788 -> 0 | W45: =IF(OR(V45="TC",V45="MT"),'CARGA DOCENTE'!$A788," ") | X45: =IF(OR(V45="TC",V45="MT"),'CARGA DOCENTE'!$B788," ") | Y45: =IF(OR(V45="TC",V45="MT"),'CARGA DOCENTE'!$C788," ") | Z45: =IF(OR(V45="TC",V45="MT"),'CARGA DOCENTE'!$G788," ") | AA45: ='CARGA DOCENTE'!$H789 -> 0 | AB45: =IF(OR(AA45="TC",AA45="MT"),'CARGA DOCENTE'!$A789," ") | AC45: =IF(OR(AA45="TC",AA45="MT"),'CARGA DOCENTE'!$B789," ") | AD45: =IF(OR(AA45="TC",AA45="MT"),'CARGA DOCENTE'!$C789," ") | AE45: =IF(OR(AA45="TC",AA45="MT"),'CARGA DOCENTE'!$G789," ") | AF45: ='CARGA DOCENTE'!$H790 -> 0 | AG45: =IF(OR(AF45="TC",AF45="MT"),'CARGA DOCENTE'!$A790," ") | AH45: =IF(OR(AF45="TC",AF45="MT"),'CARGA DOCENTE'!$B790," ") | AI45: =IF(OR(AF45="TC",AF45="MT"),'CARGA DOCENTE'!$C790," ") | AJ45: =IF(OR(AF45="TC",AF45="MT"),'CARGA DOCENTE'!$G790," ") | AK45: ='CARGA DOCENTE'!$H791 -> 0 | AL45: =IF(OR(AK45="TC",AK45="MT"),'CARGA DOCENTE'!$A791," ") | AM45: =IF(OR(AK45="TC",AK45="MT"),'CARGA DOCENTE'!$B791," ") | AN45: =IF(OR(AK45="TC",AK45="MT"),'CARGA DOCENTE'!$C791," ") | AO45: =IF(OR(AK45="TC",AK45="MT"),'CARGA DOCENTE'!$G791," ") | AP45: ='CARGA DOCENTE'!$H792 -> 0 | AQ45: =IF(OR(AP45="TC",AP45="MT"),'CARGA DOCENTE'!$A792," ") | AR45: =IF(OR(AP45="TC",AP45="MT"),'CARGA DOCENTE'!$B792," ") | AS45: =IF(OR(AP45="TC",AP45="MT"),'CARGA DOCENTE'!$C792," ") | AT45: =IF(OR(AP45="TC",AP45="MT"),'CARGA DOCENTE'!$G792," ") | AU45: ='CARGA DOCENTE'!$H793 -> 0 | AV45: =IF(OR(AU45="TC",AU45="MT"),'CARGA DOCENTE'!$A793," ") | AW45: =IF(OR(AU45="TC",AU45="MT"),'CARGA DOCENTE'!$B793," ") | AX45: =IF(OR(AU45="TC",AU45="MT"),'CARGA DOCENTE'!$C793," ") | AY45: =IF(OR(AU45="TC",AU45="MT"),'CARGA DOCENTE'!$G793," ") | AZ45: ='CARGA DOCENTE'!$H794 -> 0 | BA45: =IF(OR(AZ45="TC",AZ45="MT"),'CARGA DOCENTE'!$A794," ") | BB45: =IF(OR(AZ45="TC",AZ45="MT"),'CARGA DOCENTE'!$B794," ") | BC45: =IF(OR(AZ45="TC",AZ45="MT"),'CARGA DOCENTE'!$C794," ") | BD45: =IF(OR(AZ45="TC",AZ45="MT"),'CARGA DOCENTE'!$G794," ") | BE45: ='CARGA DOCENTE'!$H795 -> 0 | BF45: =IF(OR(BE45="TC",BE45="MT"),'CARGA DOCENTE'!$A795," ") | BG45: =IF(OR(BE45="TC",BE45="MT"),'CARGA DOCENTE'!$B795," ") | BH45: =IF(OR(BE45="TC",BE45="MT"),'CARGA DOCENTE'!$C795," ") | BI45: =IF(OR(BE45="TC",BE45="MT"),'CARGA DOCENTE'!$G795," ") | BJ45: ='CARGA DOCENTE'!$H796 -> 0 | BK45: =IF(OR(BJ45="TC",BJ45="MT"),'CARGA DOCENTE'!$A796," ") | BL45: =IF(OR(BJ45="TC",BJ45="MT"),'CARGA DOCENTE'!$B796," ") | BM45: =IF(OR(BJ45="TC",BJ45="MT"),'CARGA DOCENTE'!$C796," ") | BN45: =IF(OR(BJ45="TC",BJ45="MT"),'CARGA DOCENTE'!$G796," ") | BO45: ='CARGA DOCENTE'!$H797 -> 0 | BP45: =IF(OR(BO45="TC",BO45="MT"),'CARGA DOCENTE'!$A797," ") | BQ45: =IF(OR(BO45="TC",BO45="MT"),'CARGA DOCENTE'!$B797," ") | BR45: =IF(OR(BO45="TC",BO45="MT"),'CARGA DOCENTE'!$C797," ") | BS45: =IF(OR(BO45="TC",BO45="MT"),'CARGA DOCENTE'!$G797," ") | BT45: ='CARGA DOCENTE'!$H798 -> 0 | BU45: =IF(OR(BT45="TC",BT45="MT"),'CARGA DOCENTE'!$A798," ") | BV45: =IF(OR(BT45="TC",BT45="MT"),'CARGA DOCENTE'!$B798," ") | BW45: =IF(OR(BT45="TC",BT45="MT"),'CARGA DOCENTE'!$C798," ") | BX45: =IF(OR(BT45="TC",BT45="MT"),'CARGA DOCENTE'!$G798," ")
A46: ='CARGA DOCENTE'!J802 -> 0 | B46: ='CARGA DOCENTE'!$H802 -> 0 | C46: =IF(OR(B46="TC",B46="MT"),'CARGA DOCENTE'!$A802," ") | D46: =IF(OR(B46="TC",B46="MT"),'CARGA DOCENTE'!$B802," ") | E46: =IF(OR(B46="TC",B46="MT"),'CARGA DOCENTE'!$C802," ") | F46: =IF(OR(B46="TC",B46="MT"),'CARGA DOCENTE'!$G802," ") | G46: ='CARGA DOCENTE'!$H803 -> 0 | H46: =IF(OR(G46="TC",G46="MT"),'CARGA DOCENTE'!$A803," ") | I46: =IF(OR(G46="TC",G46="MT"),'CARGA DOCENTE'!$B803," ") | J46: =IF(OR(G46="TC",G46="MT"),'CARGA DOCENTE'!$C803," ") | K46: =IF(OR(G46="TC",G46="MT"),'CARGA DOCENTE'!$G803," ") | L46: ='CARGA DOCENTE'!$H804 -> 0 | M46: =IF(OR(L46="TC",L46="MT"),'CARGA DOCENTE'!$A804," ") | N46: =IF(OR(L46="TC",L46="MT"),'CARGA DOCENTE'!$B804," ") | O46: =IF(OR(L46="TC",L46="MT"),'CARGA DOCENTE'!$C804," ") | P46: =IF(OR(L46="TC",L46="MT"),'CARGA DOCENTE'!$G804," ") | Q46: ='CARGA DOCENTE'!$H805 -> 0 | R46: =IF(OR(Q46="TC",Q46="MT"),'CARGA DOCENTE'!$A805," ") | S46: =IF(OR(Q46="TC",Q46="MT"),'CARGA DOCENTE'!$B805," ") | T46: =IF(OR(Q46="TC",Q46="MT"),'CARGA DOCENTE'!$C805," ") | U46: =IF(OR(Q46="TC",Q46="MT"),'CARGA DOCENTE'!$G805," ") | V46: ='CARGA DOCENTE'!$H806 -> 0 | W46: =IF(OR(V46="TC",V46="MT"),'CARGA DOCENTE'!$A806," ") | X46: =IF(OR(V46="TC",V46="MT"),'CARGA DOCENTE'!$B806," ") | Y46: =IF(OR(V46="TC",V46="MT"),'CARGA DOCENTE'!$C806," ") | Z46: =IF(OR(V46="TC",V46="MT"),'CARGA DOCENTE'!$G806," ") | AA46: ='CARGA DOCENTE'!$H807 -> 0 | AB46: =IF(OR(AA46="TC",AA46="MT"),'CARGA DOCENTE'!$A807," ") | AC46: =IF(OR(AA46="TC",AA46="MT"),'CARGA DOCENTE'!$B807," ") | AD46: =IF(OR(AA46="TC",AA46="MT"),'CARGA DOCENTE'!$C807," ") | AE46: =IF(OR(AA46="TC",AA46="MT"),'CARGA DOCENTE'!$G807," ") | AF46: ='CARGA DOCENTE'!$H808 -> 0 | AG46: =IF(OR(AF46="TC",AF46="MT"),'CARGA DOCENTE'!$A808," ") | AH46: =IF(OR(AF46="TC",AF46="MT"),'CARGA DOCENTE'!$B808," ") | AI46: =IF(OR(AF46="TC",AF46="MT"),'CARGA DOCENTE'!$C808," ") | AJ46: =IF(OR(AF46="TC",AF46="MT"),'CARGA DOCENTE'!$G808," ") | AK46: ='CARGA DOCENTE'!$H809 -> 0 | AL46: =IF(OR(AK46="TC",AK46="MT"),'CARGA DOCENTE'!$A809," ") | AM46: =IF(OR(AK46="TC",AK46="MT"),'CARGA DOCENTE'!$B809," ") | AN46: =IF(OR(AK46="TC",AK46="MT"),'CARGA DOCENTE'!$C809," ") | AO46: =IF(OR(AK46="TC",AK46="MT"),'CARGA DOCENTE'!$G809," ") | AP46: ='CARGA DOCENTE'!$H810 -> 0 | AQ46: =IF(OR(AP46="TC",AP46="MT"),'CARGA DOCENTE'!$A810," ") | AR46: =IF(OR(AP46="TC",AP46="MT"),'CARGA DOCENTE'!$B810," ") | AS46: =IF(OR(AP46="TC",AP46="MT"),'CARGA DOCENTE'!$C810," ") | AT46: =IF(OR(AP46="TC",AP46="MT"),'CARGA DOCENTE'!$G810," ") | AU46: ='CARGA DOCENTE'!$H811 -> 0 | AV46: =IF(OR(AU46="TC",AU46="MT"),'CARGA DOCENTE'!$A811," ") | AW46: =IF(OR(AU46="TC",AU46="MT"),'CARGA DOCENTE'!$B811," ") | AX46: =IF(OR(AU46="TC",AU46="MT"),'CARGA DOCENTE'!$C811," ") | AY46: =IF(OR(AU46="TC",AU46="MT"),'CARGA DOCENTE'!$G811," ") | AZ46: ='CARGA DOCENTE'!$H812 -> 0 | BA46: =IF(OR(AZ46="TC",AZ46="MT"),'CARGA DOCENTE'!$A812," ") | BB46: =IF(OR(AZ46="TC",AZ46="MT"),'CARGA DOCENTE'!$B812," ") | BC46: =IF(OR(AZ46="TC",AZ46="MT"),'CARGA DOCENTE'!$C812," ") | BD46: =IF(OR(AZ46="TC",AZ46="MT"),'CARGA DOCENTE'!$G812," ") | BE46: ='CARGA DOCENTE'!$H813 -> 0 | BF46: =IF(OR(BE46="TC",BE46="MT"),'CARGA DOCENTE'!$A813," ") | BG46: =IF(OR(BE46="TC",BE46="MT"),'CARGA DOCENTE'!$B813," ") | BH46: =IF(OR(BE46="TC",BE46="MT"),'CARGA DOCENTE'!$C813," ") | BI46: =IF(OR(BE46="TC",BE46="MT"),'CARGA DOCENTE'!$G813," ") | BJ46: ='CARGA DOCENTE'!$H814 -> 0 | BK46: =IF(OR(BJ46="TC",BJ46="MT"),'CARGA DOCENTE'!$A814," ") | BL46: =IF(OR(BJ46="TC",BJ46="MT"),'CARGA DOCENTE'!$B814," ") | BM46: =IF(OR(BJ46="TC",BJ46="MT"),'CARGA DOCENTE'!$C814," ") | BN46: =IF(OR(BJ46="TC",BJ46="MT"),'CARGA DOCENTE'!$G814," ") | BO46: ='CARGA DOCENTE'!$H815 -> 0 | BP46: =IF(OR(BO46="TC",BO46="MT"),'CARGA DOCENTE'!$A815," ") | BQ46: =IF(OR(BO46="TC",BO46="MT"),'CARGA DOCENTE'!$B815," ") | BR46: =IF(OR(BO46="TC",BO46="MT"),'CARGA DOCENTE'!$C815," ") | BS46: =IF(OR(BO46="TC",BO46="MT"),'CARGA DOCENTE'!$G815," ") | BT46: ='CARGA DOCENTE'!$H816 -> 0 | BU46: =IF(OR(BT46="TC",BT46="MT"),'CARGA DOCENTE'!$A816," ") | BV46: =IF(OR(BT46="TC",BT46="MT"),'CARGA DOCENTE'!$B816," ") | BW46: =IF(OR(BT46="TC",BT46="MT"),'CARGA DOCENTE'!$C816," ") | BX46: =IF(OR(BT46="TC",BT46="MT"),'CARGA DOCENTE'!$G816," ")
A47: ='CARGA DOCENTE'!J820 -> 0 | B47: ='CARGA DOCENTE'!$H820 -> 0 | C47: =IF(OR(B47="TC",B47="MT"),'CARGA DOCENTE'!$A820," ") | D47: =IF(OR(B47="TC",B47="MT"),'CARGA DOCENTE'!$B820," ") | E47: =IF(OR(B47="TC",B47="MT"),'CARGA DOCENTE'!$C820," ") | F47: =IF(OR(B47="TC",B47="MT"),'CARGA DOCENTE'!$G820," ") | G47: ='CARGA DOCENTE'!$H821 -> 0 | H47: =IF(OR(G47="TC",G47="MT"),'CARGA DOCENTE'!$A821," ") | I47: =IF(OR(G47="TC",G47="MT"),'CARGA DOCENTE'!$B821," ") | J47: =IF(OR(G47="TC",G47="MT"),'CARGA DOCENTE'!$C821," ") | K47: =IF(OR(G47="TC",G47="MT"),'CARGA DOCENTE'!$G821," ") | L47: ='CARGA DOCENTE'!$H822 -> 0 | M47: =IF(OR(L47="TC",L47="MT"),'CARGA DOCENTE'!$A822," ") | N47: =IF(OR(L47="TC",L47="MT"),'CARGA DOCENTE'!$B822," ") | O47: =IF(OR(L47="TC",L47="MT"),'CARGA DOCENTE'!$C822," ") | P47: =IF(OR(L47="TC",L47="MT"),'CARGA DOCENTE'!$G822," ") | Q47: ='CARGA DOCENTE'!$H823 -> 0 | R47: =IF(OR(Q47="TC",Q47="MT"),'CARGA DOCENTE'!$A823," ") | S47: =IF(OR(Q47="TC",Q47="MT"),'CARGA DOCENTE'!$B823," ") | T47: =IF(OR(Q47="TC",Q47="MT"),'CARGA DOCENTE'!$C823," ") | U47: =IF(OR(Q47="TC",Q47="MT"),'CARGA DOCENTE'!$G823," ") | V47: ='CARGA DOCENTE'!$H824 -> 0 | W47: =IF(OR(V47="TC",V47="MT"),'CARGA DOCENTE'!$A824," ") | X47: =IF(OR(V47="TC",V47="MT"),'CARGA DOCENTE'!$B824," ") | Y47: =IF(OR(V47="TC",V47="MT"),'CARGA DOCENTE'!$C824," ") | Z47: =IF(OR(V47="TC",V47="MT"),'CARGA DOCENTE'!$G824," ") | AA47: ='CARGA DOCENTE'!$H825 -> 0 | AB47: =IF(OR(AA47="TC",AA47="MT"),'CARGA DOCENTE'!$A825," ") | AC47: =IF(OR(AA47="TC",AA47="MT"),'CARGA DOCENTE'!$B825," ") | AD47: =IF(OR(AA47="TC",AA47="MT"),'CARGA DOCENTE'!$C825," ") | AE47: =IF(OR(AA47="TC",AA47="MT"),'CARGA DOCENTE'!$G825," ") | AF47: ='CARGA DOCENTE'!$H826 -> 0 | AG47: =IF(OR(AF47="TC",AF47="MT"),'CARGA DOCENTE'!$A826," ") | AH47: =IF(OR(AF47="TC",AF47="MT"),'CARGA DOCENTE'!$B826," ") | AI47: =IF(OR(AF47="TC",AF47="MT"),'CARGA DOCENTE'!$C826," ") | AJ47: =IF(OR(AF47="TC",AF47="MT"),'CARGA DOCENTE'!$G826," ") | AK47: ='CARGA DOCENTE'!$H827 -> 0 | AL47: =IF(OR(AK47="TC",AK47="MT"),'CARGA DOCENTE'!$A827," ") | AM47: =IF(OR(AK47="TC",AK47="MT"),'CARGA DOCENTE'!$B827," ") | AN47: =IF(OR(AK47="TC",AK47="MT"),'CARGA DOCENTE'!$C827," ") | AO47: =IF(OR(AK47="TC",AK47="MT"),'CARGA DOCENTE'!$G827," ") | AP47: ='CARGA DOCENTE'!$H828 -> 0 | AQ47: =IF(OR(AP47="TC",AP47="MT"),'CARGA DOCENTE'!$A828," ") | AR47: =IF(OR(AP47="TC",AP47="MT"),'CARGA DOCENTE'!$B828," ") | AS47: =IF(OR(AP47="TC",AP47="MT"),'CARGA DOCENTE'!$C828," ") | AT47: =IF(OR(AP47="TC",AP47="MT"),'CARGA DOCENTE'!$G828," ") | AU47: ='CARGA DOCENTE'!$H829 -> 0 | AV47: =IF(OR(AU47="TC",AU47="MT"),'CARGA DOCENTE'!$A829," ") | AW47: =IF(OR(AU47="TC",AU47="MT"),'CARGA DOCENTE'!$B829," ") | AX47: =IF(OR(AU47="TC",AU47="MT"),'CARGA DOCENTE'!$C829," ") | AY47: =IF(OR(AU47="TC",AU47="MT"),'CARGA DOCENTE'!$G829," ") | AZ47: ='CARGA DOCENTE'!$H830 -> 0 | BA47: =IF(OR(AZ47="TC",AZ47="MT"),'CARGA DOCENTE'!$A830," ") | BB47: =IF(OR(AZ47="TC",AZ47="MT"),'CARGA DOCENTE'!$B830," ") | BC47: =IF(OR(AZ47="TC",AZ47="MT"),'CARGA DOCENTE'!$C830," ") | BD47: =IF(OR(AZ47="TC",AZ47="MT"),'CARGA DOCENTE'!$G830," ") | BE47: ='CARGA DOCENTE'!$H831 -> 0 | BF47: =IF(OR(BE47="TC",BE47="MT"),'CARGA DOCENTE'!$A831," ") | BG47: =IF(OR(BE47="TC",BE47="MT"),'CARGA DOCENTE'!$B831," ") | BH47: =IF(OR(BE47="TC",BE47="MT"),'CARGA DOCENTE'!$C831," ") | BI47: =IF(OR(BE47="TC",BE47="MT"),'CARGA DOCENTE'!$G831," ") | BJ47: ='CARGA DOCENTE'!$H832 -> 0 | BK47: =IF(OR(BJ47="TC",BJ47="MT"),'CARGA DOCENTE'!$A832," ") | BL47: =IF(OR(BJ47="TC",BJ47="MT"),'CARGA DOCENTE'!$B832," ") | BM47: =IF(OR(BJ47="TC",BJ47="MT"),'CARGA DOCENTE'!$C832," ") | BN47: =IF(OR(BJ47="TC",BJ47="MT"),'CARGA DOCENTE'!$G832," ") | BO47: ='CARGA DOCENTE'!$H833 -> 0 | BP47: =IF(OR(BO47="TC",BO47="MT"),'CARGA DOCENTE'!$A833," ") | BQ47: =IF(OR(BO47="TC",BO47="MT"),'CARGA DOCENTE'!$B833," ") | BR47: =IF(OR(BO47="TC",BO47="MT"),'CARGA DOCENTE'!$C833," ") | BS47: =IF(OR(BO47="TC",BO47="MT"),'CARGA DOCENTE'!$G833," ") | BT47: ='CARGA DOCENTE'!$H834 -> 0 | BU47: =IF(OR(BT47="TC",BT47="MT"),'CARGA DOCENTE'!$A834," ") | BV47: =IF(OR(BT47="TC",BT47="MT"),'CARGA DOCENTE'!$B834," ") | BW47: =IF(OR(BT47="TC",BT47="MT"),'CARGA DOCENTE'!$C834," ") | BX47: =IF(OR(BT47="TC",BT47="MT"),'CARGA DOCENTE'!$G834," ")
