Workbook

Sheet INSTRUCCIONES
B4: INSTRUCCIONES PARA EL CORRECTO DILIGENCIAMIENTO DEL FO-GC-003 PLAN DE MEJORAMIENTO INSTITUCIONAL
B6: 1 | C6: PROCESO | E6: Escoja de la lista desplegable el proceso en el cual se identificó el hallazgo
B7: 2 | C7: PROGRAMA ACADÉMICO | E7: Escoja de la lista desplegable el programa académico en el cual se identificó el hallazgo
B8: 3 | C8: FUENTE | E8: Escoja de la lista desplegable la fuente del hallazgo, es decir en qué tipo de ejercicio se identificó el hallazgo o la ausencia de cumplimiento de los requisitos normativos, se va a encontrar: PQRs: Cuando se identifique una PQRs que obligue a realizar cambios en el proceso. AUDITORÍA INTERNA: cuando el hallazgo provenga de un ejercicio de Auditoría Interna. AUDITORÍA EXTERNA: cuando el hallazgo provenga de un ejercicio de Auditoría Externa. AUDITORÍA DE CONTROL INTERNO: cuando el hallazgo provenga de un ejercicio de Auditoría de control Interno. Nota: Si la fuente de hallazgo se da en Evaluación Docente, debe diligenciar la casilla denominada CRITERIO SOBRE EL CUAL VA A REALIZAN EL PLAN DE MEJORAMIENTO, al igual que indicar el nombre del docente.
B9: 4 | C9: FECHA DE IDENTIFICACIÓN DEL HALLAZGO | E9: Escriba la fecha en la cual se hizo la identificación del hallazgo en formato (DD/MM/AAAA)
B10: 5 | C10: TIPO DE HALLAZGO | E10: Escoja de la lista desplegable el tipo de hallazgo, se va a encontrar: NO CONFORMIDAD: Cuando el hallazgo responda a una NC con alguno de los requisitos de la NTC ISO 9001:2015 OPORTUNIDAD DE MEJORA: Cuando se identifica una oportunidad de hacer las cosas mejor en el proceso. SALIDA NO CONFORME: Cuando un producto o servicio ha sido liberado (con intención o sin ella) y ha llegado a manos de las partes interesadas (indistintamente de a que grupo pertenezcam).
B11: 6 | C11: DESCRIPCIÓN | D11: REQUISITO DE LA NORMA - FACTOR Y/O CARACTERÍSTICA | E11: En caso de que el hallazgo sea NO CONFORMIDAD escriba aquí el requisito de la Norma ISO 9001:2015 que está incumpliendo, esto lo encuentra en su Informe de auditoría. En caso de que el Hallazgo sea OPORTUNIDAD DE MEJORA escriba aquí XXXXX En caso de que el hallazgo sea SALIDA NO CONFORME escriba aquí 8.7 CONTROL DE LAS SALIDAS NO CONFORMES.
D12: DESCRIPCIÓN DEL HALLAZGO | E12: Escriba aquí la descripción de la No conformidad que aparece en su informe de Auditoría o con sus palabras describa el hallazgo, oportunidad de mejora, salida no conforme o incumplimiento de factores de autoevaluación. | G12: PROBLEMA | H12: En esta casilla usted encontrará la información diligenciada en la DESCRIPCIÓN DEL HALLAZGO de la pestaña FO-GC-003 PLAN DE MEJORA; el problema es la base sobre la cual se formulará la primera pregunta que usted responderá en función de Por qué se presentó el problema.
B13: 7 | C13: TIPO DE ACCIÓN A TOMAR | E13: Selecciones si la acción a tomar es de tipo: CORRECTIVO: Cuando se implementa para eliminar la causa de una No Conformidad y evitar que vuelva a ocurrir y cuando después de una revisión, auditoría, medición no se han alcanzado los resultados esperados o no se ha dado el cumplimiento satisfactorio de los requisitos (factores, condiciones o características). DE MEJORA: Cuando posterior a los resultados satisfactorios en los procesos de medición de los procesos se identifican oportunidades de mejorar en el proceso. Nota: Si su respuesta en este punto fue ACCIÓN INMEDIATA CORRECCIÓN, Describa brevemente cúal fue la acción tomada en la casilla siguiente
B14: 8 | C14: ANÁLISIS DE CAUSAS | E14: PARA EL ANÁLISIS DE CAUSA DIRÍJASE A LA PESTAÑA ANÁLISIS 5PQs Y SIGA LOS SIGUIENTES PASOS:
B15: 9 | C15: EL HALLAZGO SE HABÍA PRESENTADO ANTES? | E15: Indique aquí con una X si este hallazgo se había presentado anteriormente o si es primera vez que surge
B16: 10 | C16: SE PUEDE VOLVER A PRESENTAR? | E16: Indique si el hallazgo encontrado actualmente se puede volver a presentar a futuro
B17: 11 | C17: ES NECESARIO HACER CAMBIOS A | E17: Marque con una X si es necesario hacer cambio a alguna de las siguientes opciones: *Matriz de Riesgos y Oportunidades *Sistema de Gestión de Calidad (SGC) *Ninguna de las anteriores | G17: PRIMER POR QUÉ | H17: Escriba en esta casilla la respuesta al primer por qué, en este caso será: Por qué se presentó el problema
B18: 12 | C18: DESCRIPCIÓN DE LA ACCION A TOMAR | D18: META/OBJETIVO | E18: Escriba aquí, qué es lo que pretende lograr con la implementación de la acción. (Esta meta u objetivo debe agregar valor a la calidad del proceso, ser concreta y de ser necesario incluir una cifra en su formulación) Ej: Reducir la deserción en un punto teniendo en cuenta la linea base a 2022. | G18: 2do POR QUÉ: | H18: El formato está diseñado para que de forma automática se formule la pregunta con la cual usted responderá el SEGUNDO por qué, escriba entonces la respuesta que corresponde al segundo por qué.
D19: DETALLE DE ACTIVIDADES | E19: Escriba aquí en detalle la o las actividades que debe ejecutar para el logro de la meta formulada en la casilla anterior. | G19: 3cer POR QUÉ: | H19: El formato está diseñado para que de forma automática se formule la pregunta con la cual usted responderá el TERCER por qué, escriba entonces la respuesta que corresponde al tercer por qué.
D20: ENTREGABLE O RESULTADO | E20: Escriba aquí la evidencia que se presentará como resultado de la implementación de la acción. Ejemplo: Informe de Auditorías - Resolución Rectoral con actualización de política. | G20: 4to POR QUÉ: | H20: El formato está diseñado para que de forma automática se formule la pregunta con la cual usted responderá el CUARTO por qué, escriba entonces la respuesta que corresponde al cuarto por qué.
B21: 13 | C21: RECURSOS | E21: Escriba a quí el tipo de recurso que va a requerir en la implementación de la actividad, puede ser: HUMANOS - MATERIALES - TÉCNICOS Y FINANCIEROS. | G21: 5to POR QUÉ: | H21: El formato está diseñado para que de forma automática se formule la pregunta con la cual usted responderá el QUINTO por qué, escriba entonces la respuesta que corresponde al quinto por qué.
B22: 14 | C22: RESPONSABLE | E22: Escriba aquí el responsable (Nombre y Cargo) de quien es responsable de la ejecución de las acciones formuladas | G22: CAUSA RAÍZ | H22: La Causa Raíz se calcula de forma automática y corresponderá al ULTIMO por qué respondido, NO ESTÁ EN LA OBLIGACIÓN de dar respuesta a los cinco por qué, si considera que ha llegado a la causa raíz el sistema le mostrará la causa raíz en esta casilla. El resultado se mostrará directamente en su formato de plan de mejoramiento por lo que no necesita diligenciar nada más. Retorne a la pestaña de FO-GC-00x PLAN DE MEJORA y continúe el diigenciamiento
B23: 15 | C23: FECHA MÁXIMA DE IMPLEMENTACIÓN | E23: Escriba aquí cuál es la fecha en la que se pretende alcanzar el objetivo en formato (DD/MM/AAAA)
B24: 16 | C24: RECUPERACIÓN DE EVIDENCIA | E24: Aquí encontrará un enlace lo direcciona a un DRIVE en donde deberá identificar la carpeta que corresponde a su proceso y en la que deben reposar todas las evidencias de implementación de su plan de mejoramiento y sobre la cual se realizará el posterior seguimiento. TENGA POR FAVOR CUIDADO EN LA SELECCIÓN DE SU CARPETA.
B25: 17 | C25: SEGUIMIENTO PROGRAMADO | D25: FECHA SEGUIMIENTO (DD/MM/AAAA) | E25: Escriba aquí cuál es la fecha en la que se realiza el seguimeinto (DD/MM/AAAA)
D26: CUMPLIÓ - CIERRE DEL HALLAZGO | E26: Determine si para la fecha del seguimiento se han desarrollado las actividades propuestas. De ser así dele cierre al PLAN DE MEJORAMIENTO
D27: NO CUMPLIÓ | E27: Si las actividades propuestas no se han desarrollado deberá marcar con una "X".
D28: REPROGRAMACIÓN DE SEGUIMIENTO | E28: Si el PLAN DE MEJORAMIENTO no se ha cerrado, deberá reprogramar y dar fecha (DD/MM/AAAA), para proximo seguimiento

Sheet FO-GC-003
G7: 1. PROCESO | V7: 2. PROGRAMA ACADÉMICO
B9: PLAN DE MEJORAMIENTO INSTITUCIONAL
B10: HALLAZGO | J10: DEFINICION DE LAS ACCIONES A TOMAR | R10: PLAN DE ACCIÓN | AC10: SEGUIMIENTO
B11: N° | C11: 3.FUENTE | D11: CRITERIO SOBRE EL CUAL VA A REALIZAN EL PLAN DE MEJORAMIENTO (Diligencie sólo si la FUENTE es EVALUACIÓN DOCENTE) | E11: NOMBRE DEL DOCENTE (Diligencie sólo si la FUENTE es EVALUACIÓN DOCENTE) | F11: 4.FECHA DE IDENTIFICACIÓN DEL HALLAZGO (DD/MM/AAAA) | G11: 5.TIPO DE HALLAZGO | H11: 6.DESCRIPCION | J11: 7. TIPO DE ACCIÓN A TOMAR (Reacción frente al hallazgo) | K11: Si su respuesta en el punto 7 fue ACCIÓN INMEDIATA CORRECCIÓN, Describa brevemente cúal fue la acción tomada | L11: 8.ANÁLISIS DE CAUSAS (IDENTIFICACIÓN CAUSA RAÍZ) | M11: 9. EL HALLAZGO SE HABÍA PRESENTADO ANTES?(Marque con una X) | P11: 10. SE PUEDE VOLVER A PRESENTAR?(Marque con una X) | R11: 11. ES NECESARIO HACER CAMBIOS A: (Marque con una X) | U11: 12.DESCRIPCIÓN DE LA ACCION A TOMAR (Tenga en cuenta que incluir cuando aplique las acciones de ajuste a matriz de riesgos ocambios al SGC cuando aplique) | X11: 13.RECURSOS | Y11: 14.RESPONSABLE | AA11: 15.FECHA MÁXIMA DE IMPLEMENTACIÓN | AB11: 16. RECUPERACIÓN DE EVIDENCIA | AC11: 17. SEGUIMIENTO PROGRAMADO
H12: REQUISITO DE LA NORMA - CRITERIO DE EVALUACIÓN | I12: DESCRIPCIÓN DEL HALLAZGO | M12: SI | N12: NO | O12: NO SÉ | P12: SI | Q12: NO | R12: MATRIZ DE RIESGOS Y OPORTUNIDADES DEL PROCESO | S12: AL SISTEMA DE GESTIÓN DE CALIDAD | T12: NINGUNO | U12: META | V12: DETALLE DE ACTIVIDADES | W12: ENTREGABLE O RESULTADO | Y12: NOMBRE | Z12: CARGO | AA12: (DD/MM/AAAA) | AC12: FECHA SEGUIMIENTO (DD/MM/AAAA) | AD12: CUMPLIÓ - CIERRE DEL HALLAZGO | AE12: NO CUMPLIÓ | AF12: REPROGRAMACIÓN DE SEGUIMIENTO
B13: 1 | L13: =IF('ANÁLISIS 5PQs'!AA14<>"",'ANÁLISIS 5PQs'!AA14,"") | AB13: https://fupedu-my.sharepoint.com/:f:/g/personal/calidad_fup_edu_co/ErIPOjWRnmJDpNIfwYwCIckBBEZ8c-UUMbURkJEeSKieOw?e=dq0eCs
B17: 2 | L17: =IF('ANÁLISIS 5PQs'!AA21<>"",'ANÁLISIS 5PQs'!AA21,"")
B21: 3 | L21: =IF('ANÁLISIS 5PQs'!AA28<>"",'ANÁLISIS 5PQs'!AA28,"")
B25: 4 | L25: =IF('ANÁLISIS 5PQs'!AA35<>"",'ANÁLISIS 5PQs'!AA35,"")
B29: 5 | L29: =IF('ANÁLISIS 5PQs'!AA42<>"",'ANÁLISIS 5PQs'!AA42,"")
B33: 6 | L33: =IF('ANÁLISIS 5PQs'!AA49<>"",'ANÁLISIS 5PQs'!AA49,"")
B37: 7 | L37: =IF('ANÁLISIS 5PQs'!AA56<>"",'ANÁLISIS 5PQs'!AA56,"")
B41: 8 | L41: =IF('ANÁLISIS 5PQs'!AA63<>"",'ANÁLISIS 5PQs'!AA63,"")
B45: 9 | L45: =IF('ANÁLISIS 5PQs'!AA70<>"",'ANÁLISIS 5PQs'!AA70,"")
B49: 10 | L49: =IF('ANÁLISIS 5PQs'!AA77<>"",'ANÁLISIS 5PQs'!AA77,"")
B53: 11 | L53: =IF('ANÁLISIS 5PQs'!AA84<>"",'ANÁLISIS 5PQs'!AA84,"")
B57: 12 | L57: =IF('ANÁLISIS 5PQs'!AA91<>"",'ANÁLISIS 5PQs'!AA91,"")
B61: 13 | L61: =IF('ANÁLISIS 5PQs'!AA98<>"",'ANÁLISIS 5PQs'!AA98,"")
B65: 14 | L65: =IF('ANÁLISIS 5PQs'!AA105<>"",'ANÁLISIS 5PQs'!AA105,"")
B69: 15 | L69: =IF('ANÁLISIS 5PQs'!AA109<>"",'ANÁLISIS 5PQs'!AA109,"")

Sheet ANÁLISIS 5PQs
F5: ANÁLISIS DE CAUSAS - 5 POR QUÉS
G7: =IF('FO-GC-003'!H7<>"",'FO-GC-003'!H7,"")
K9: =IF('FO-GC-003'!X7<>"",'FO-GC-003'!X7,"")
K11: 2do POR QUÉ: | O11: 3cer POR QUÉ: | S11: 4to POR QUÉ: | W11: 5to POR QUÉ:
B12: PROBLEMA | G12: PRIMER POR QUÉ | K12: =G14 -> 0 | O12: =K14 -> 0 | S12: =O14 -> 0 | W12: =S14 -> 0 | AA12: CAUSA RAÍZ
A14: 1 | B14: =IF('FO-GC-003'!I13<>"",'FO-GC-003'!I13,"") | F14: PORQUE | I14: =IF(AND(I15<>"",J15<>""),IF(AND(G14<>"",K14<>""),"","x"),IF(AND(G14="",K14="",I16="x",I17="x"),"x","")) | M14: =IF(AND(M15<>"",N15<>""),IF(AND(K14<>"",O14<>""),"","x"),IF(AND(K14="",O14="",M16="x",M17="x"),"x","")) -> #REF! | Q14: =IF(AND(Q15<>"",R15<>""),IF(AND(O14<>"",S14<>""),"","x"),IF(AND(O14="",S14="",Q16="x",Q17="x"),"x","")) -> #REF! | U14: =IF(AND(U15<>"",V15<>""),IF(AND(S14<>"",W14<>""),"","x"),IF(AND(S14="",W14="",U16="x",U17="x"),"x","")) -> #REF! | Z14: =IF(LOOKUP(2,1/(G14:W14<>""),G14:W14)="x","",LOOKUP(2,1/(G14:W14<>""),G14:W14)) -> #N/A | AA14: =IF(ISNA($Z14),"",$Z14)
H15: =IF(AND(G14<>"",K14<>""),"x","") | I15: =IF(K14<>"","x",IF(I16="x","x","")) | J15: =IF(K14<>"","x","") | L15: =IF(AND(K14<>"",O14<>""),"x","") | M15: =IF(O14<>"","x",IF(M16="x","x","")) -> #REF! | N15: =IF(O14<>"","x","") | P15: =IF(AND(O14<>"",S14<>""),"x","") | Q15: =IF(S14<>"","x",IF(Q16="x","x","")) -> #REF! | R15: =IF(S14<>"","x","") | T15: =IF(AND(S14<>"",W14<>""),"x","") | U15: =IF(W14<>"","x",IF(U16="x","x","")) -> #REF! | V15: =IF(W14<>"","x","")
I16: =IF(I17="x","x","") | M16: =IF(M17="x","x","") -> #REF! | Q16: =IF(Q17="x","x","") -> #REF! | U16: =IF(U17="x","x","") -> #REF!
I17: =IF(AND(I21<>"",I22<>""),"x","") | M17: =IF(AND(M21<>"",M22<>""),"x","") -> #REF! | Q17: =IF(AND(Q21<>"",Q22<>""),"x","") -> #REF! | U17: =IF(AND(U21<>"",U22<>""),"x","") -> #REF!
K18: 2do POR QUÉ: | O18: 3cer POR QUÉ: | S18: 4to POR QUÉ: | W18: 5to POR QUÉ:
B19: PROBLEMA | G19: PRIMER POR QUÉ | K19: =G21 -> 0 | O19: =K21 -> 0 | S19: =O21 -> 0 | W19: =S21 -> 0 | AA19: CAUSA RAÍZ
A21: 2 | B21: =IF('FO-GC-003'!I17<>"",'FO-GC-003'!I17,"") | F21: PORQUE | I21: =IF(AND(I22<>"",J22<>""),IF(AND(G21<>"",K21<>""),"","x"),IF(AND(G21="",K21="",I23="x",I27="x"),"x","")) | M21: =IF(AND(M22<>"",N22<>""),IF(AND(K21<>"",O21<>""),"","x"),IF(AND(K21="",O21="",M23="x",M27="x"),"x","")) -> #REF! | Q21: =IF(AND(Q22<>"",R22<>""),IF(AND(O21<>"",S21<>""),"","x"),IF(AND(O21="",S21="",Q23="x",Q27="x"),"x","")) -> #REF! | U21: =IF(AND(U22<>"",V22<>""),IF(AND(S21<>"",W21<>""),"","x"),IF(AND(S21="",W21="",U23="x",U27="x"),"x","")) -> #REF! | Z21: =IF(LOOKUP(2,1/(G21:W21<>""),G21:W21)="x","",LOOKUP(2,1/(G21:W21<>""),G21:W21)) -> #N/A | AA21: =IF(ISNA($Z21),"",$Z21)
H22: =IF(AND(G21<>"",K21<>""),"x","") | I22: =IF(K21<>"","x",IF(I23="x","x","")) | J22: =IF(K21<>"","x","") | L22: =IF(AND(K21<>"",O21<>""),"x","") | M22: =IF(O21<>"","x",IF(M23="x","x","")) -> #REF! | N22: =IF(O21<>"","x","") | P22: =IF(AND(O21<>"",S21<>""),"x","") | Q22: =IF(S21<>"","x",IF(Q23="x","x","")) -> #REF! | R22: =IF(S21<>"","x","") | T22: =IF(AND(S21<>"",W21<>""),"x","") | U22: =IF(W21<>"","x",IF(U23="x","x","")) -> #REF! | V22: =IF(W21<>"","x","")
I23: =IF(I27="x","x","") | M23: =IF(M27="x","x","") -> #REF! | Q23: =IF(Q27="x","x","") -> #REF! | U23: =IF(U27="x","x","") -> #REF!
K25: 2do POR QUÉ: | O25: 3cer POR QUÉ: | S25: 4to POR QUÉ: | W25: 5to POR QUÉ:
B26: PROBLEMA | G26: PRIMER POR QUÉ | K26: =G28 -> 0 | O26: =K28 -> 0 | S26: =O28 -> 0 | W26: =S28 -> 0 | AA26: CAUSA RAÍZ
I27: =IF(AND(I28<>"",I29<>""),"x","") | M27: =IF(AND(M28<>"",M29<>""),"x","") -> #REF! | Q27: =IF(AND(Q28<>"",Q29<>""),"x","") -> #REF! | U27: =IF(AND(U28<>"",U29<>""),"x","") -> #REF!
A28: 3 | B28: =IF('FO-GC-003'!I21<>"",'FO-GC-003'!I21,"") | F28: PORQUE | I28: =IF(AND(I29<>"",J29<>""),IF(AND(G28<>"",K28<>""),"","x"),IF(AND(G28="",K28="",I30="x",I34="x"),"x","")) | M28: =IF(AND(M29<>"",N29<>""),IF(AND(K28<>"",O28<>""),"","x"),IF(AND(K28="",O28="",M30="x",M34="x"),"x","")) -> #REF! | Q28: =IF(AND(Q29<>"",R29<>""),IF(AND(O28<>"",S28<>""),"","x"),IF(AND(O28="",S28="",Q30="x",Q34="x"),"x","")) -> #REF! | U28: =IF(AND(U29<>"",V29<>""),IF(AND(S28<>"",W28<>""),"","x"),IF(AND(S28="",W28="",U30="x",U34="x"),"x","")) -> #REF! | Z28: =IF(LOOKUP(2,1/(G28:W28<>""),G28:W28)="x","",LOOKUP(2,1/(G28:W28<>""),G28:W28)) -> #N/A | AA28: =IF(ISNA($Z28),"",$Z28)
H29: =IF(AND(G28<>"",K28<>""),"x","") | I29: =IF(K28<>"","x",IF(I30="x","x","")) | J29: =IF(K28<>"","x","") | L29: =IF(AND(K28<>"",O28<>""),"x","") | M29: =IF(O28<>"","x",IF(M30="x","x","")) -> #REF! | N29: =IF(O28<>"","x","") | P29: =IF(AND(O28<>"",S28<>""),"x","") | Q29: =IF(S28<>"","x",IF(Q30="x","x","")) -> #REF! | R29: =IF(S28<>"","x","") | T29: =IF(AND(S28<>"",W28<>""),"x","") | U29: =IF(W28<>"","x",IF(U30="x","x","")) -> #REF! | V29: =IF(W28<>"","x","")
I30: =IF(I34="x","x","") | M30: =IF(M34="x","x","") -> #REF! | Q30: =IF(Q34="x","x","") -> #REF! | U30: =IF(U34="x","x","") -> #REF!
K32: 2do POR QUÉ: | O32: 3cer POR QUÉ: | S32: 4to POR QUÉ: | W32: 5to POR QUÉ:
B33: PROBLEMA | G33: PRIMER POR QUÉ | K33: =G35 -> 0 | O33: =K35 -> 0 | S33: =O35 -> 0 | W33: =S35 -> 0 | AA33: CAUSA RAÍZ
I34: =IF(AND(I35<>"",I36<>""),"x","") | M34: =IF(AND(M35<>"",M36<>""),"x","") -> #REF! | Q34: =IF(AND(Q35<>"",Q36<>""),"x","") -> #REF! | U34: =IF(AND(U35<>"",U36<>""),"x","") -> #REF!
A35: 4 | B35: =IF('FO-GC-003'!I25<>"",'FO-GC-003'!I25,"") | F35: PORQUE | I35: =IF(AND(I36<>"",J36<>""),IF(AND(G35<>"",K35<>""),"","x"),IF(AND(G35="",K35="",I37="x",I41="x"),"x","")) | M35: =IF(AND(M36<>"",N36<>""),IF(AND(K35<>"",O35<>""),"","x"),IF(AND(K35="",O35="",M37="x",M41="x"),"x","")) -> #REF! | Q35: =IF(AND(Q36<>"",R36<>""),IF(AND(O35<>"",S35<>""),"","x"),IF(AND(O35="",S35="",Q37="x",Q41="x"),"x","")) -> #REF! | U35: =IF(AND(U36<>"",V36<>""),IF(AND(S35<>"",W35<>""),"","x"),IF(AND(S35="",W35="",U37="x",U41="x"),"x","")) -> #REF! | Z35: =IF(LOOKUP(2,1/(G35:W35<>""),G35:W35)="x","",LOOKUP(2,1/(G35:W35<>""),G35:W35)) -> #N/A | AA35: =IF(ISNA($Z35),"",$Z35)
H36: =IF(AND(G35<>"",K35<>""),"x","") | I36: =IF(K35<>"","x",IF(I37="x","x","")) | J36: =IF(K35<>"","x","") | L36: =IF(AND(K35<>"",O35<>""),"x","") | M36: =IF(O35<>"","x",IF(M37="x","x","")) -> #REF! | N36: =IF(O35<>"","x","") | P36: =IF(AND(O35<>"",S35<>""),"x","") | Q36: =IF(S35<>"","x",IF(Q37="x","x","")) -> #REF! | R36: =IF(S35<>"","x","") | T36: =IF(AND(S35<>"",W35<>""),"x","") | U36: =IF(W35<>"","x",IF(U37="x","x","")) -> #REF! | V36: =IF(W35<>"","x","")
I37: =IF(I41="x","x","") | M37: =IF(M41="x","x","") -> #REF! | Q37: =IF(Q41="x","x","") -> #REF! | U37: =IF(U41="x","x","") -> #REF!
K39: 2do POR QUÉ: | O39: 3cer POR QUÉ: | S39: 4to POR QUÉ: | W39: 5to POR QUÉ:
B40: PROBLEMA | G40: PRIMER POR QUÉ | K40: =G42 -> 0 | O40: =K42 -> 0 | S40: =O42 -> 0 | W40: =S42 -> 0 | AA40: CAUSA RAÍZ
I41: =IF(AND(I42<>"",I43<>""),"x","") | M41: =IF(AND(M42<>"",M43<>""),"x","") -> #REF! | Q41: =IF(AND(Q42<>"",Q43<>""),"x","") -> #REF! | U41: =IF(AND(U42<>"",U43<>""),"x","") -> #REF!
A42: 5 | B42: =IF('FO-GC-003'!I29<>"",'FO-GC-003'!I29,"") | F42: PORQUE | I42: =IF(AND(I43<>"",J43<>""),IF(AND(G42<>"",K42<>""),"","x"),IF(AND(G42="",K42="",I44="x",I48="x"),"x","")) | M42: =IF(AND(M43<>"",N43<>""),IF(AND(K42<>"",O42<>""),"","x"),IF(AND(K42="",O42="",M44="x",M48="x"),"x","")) -> #REF! | Q42: =IF(AND(Q43<>"",R43<>""),IF(AND(O42<>"",S42<>""),"","x"),IF(AND(O42="",S42="",Q44="x",Q48="x"),"x","")) -> #REF! | U42: =IF(AND(U43<>"",V43<>""),IF(AND(S42<>"",W42<>""),"","x"),IF(AND(S42="",W42="",U44="x",U48="x"),"x","")) -> #REF! | Z42: =IF(LOOKUP(2,1/(G42:W42<>""),G42:W42)="x","",LOOKUP(2,1/(G42:W42<>""),G42:W42)) -> #N/A | AA42: =IF(ISNA($Z42),"",$Z42)
H43: =IF(AND(G42<>"",K42<>""),"x","") | I43: =IF(K42<>"","x",IF(I44="x","x","")) | J43: =IF(K42<>"","x","") | L43: =IF(AND(K42<>"",O42<>""),"x","") | M43: =IF(O42<>"","x",IF(M44="x","x","")) -> #REF! | N43: =IF(O42<>"","x","") | P43: =IF(AND(O42<>"",S42<>""),"x","") | Q43: =IF(S42<>"","x",IF(Q44="x","x","")) -> #REF! | R43: =IF(S42<>"","x","") | T43: =IF(AND(S42<>"",W42<>""),"x","") | U43: =IF(W42<>"","x",IF(U44="x","x","")) -> #REF! | V43: =IF(W42<>"","x","")
I44: =IF(I48="x","x","") | M44: =IF(M48="x","x","") -> #REF! | Q44: =IF(Q48="x","x","") -> #REF! | U44: =IF(U48="x","x","") -> #REF!
K46: 2do POR QUÉ: | O46: 3cer POR QUÉ: | S46: 4to POR QUÉ: | W46: 5to POR QUÉ:
B47: PROBLEMA | G47: PRIMER POR QUÉ | K47: =G49 -> 0 | O47: =K49 -> 0 | S47: =O49 -> 0 | W47: =S49 -> 0 | AA47: CAUSA RAÍZ
I48: =IF(AND(I49<>"",I50<>""),"x","") | M48: =IF(AND(M49<>"",M50<>""),"x","") -> #REF! | Q48: =IF(AND(Q49<>"",Q50<>""),"x","") -> #REF! | U48: =IF(AND(U49<>"",U50<>""),"x","") -> #REF!
A49: 6 | B49: =IF('FO-GC-003'!I33<>"",'FO-GC-003'!I33,"") | F49: PORQUE | I49: =IF(AND(I50<>"",J50<>""),IF(AND(G49<>"",K49<>""),"","x"),IF(AND(G49="",K49="",I51="x",I55="x"),"x","")) | M49: =IF(AND(M50<>"",N50<>""),IF(AND(K49<>"",O49<>""),"","x"),IF(AND(K49="",O49="",M51="x",M55="x"),"x","")) -> #REF! | Q49: =IF(AND(Q50<>"",R50<>""),IF(AND(O49<>"",S49<>""),"","x"),IF(AND(O49="",S49="",Q51="x",Q55="x"),"x","")) -> #REF! | U49: =IF(AND(U50<>"",V50<>""),IF(AND(S49<>"",W49<>""),"","x"),IF(AND(S49="",W49="",U51="x",U55="x"),"x","")) -> #REF! | Z49: =IF(LOOKUP(2,1/(G49:W49<>""),G49:W49)="x","",LOOKUP(2,1/(G49:W49<>""),G49:W49)) -> #N/A | AA49: =IF(ISNA($Z49),"",$Z49)
H50: =IF(AND(G49<>"",K49<>""),"x","") | I50: =IF(K49<>"","x",IF(I51="x","x","")) | J50: =IF(K49<>"","x","") | L50: =IF(AND(K49<>"",O49<>""),"x","") | M50: =IF(O49<>"","x",IF(M51="x","x","")) -> #REF! | N50: =IF(O49<>"","x","") | P50: =IF(AND(O49<>"",S49<>""),"x","") | Q50: =IF(S49<>"","x",IF(Q51="x","x","")) -> #REF! | R50: =IF(S49<>"","x","") | T50: =IF(AND(S49<>"",W49<>""),"x","") | U50: =IF(W49<>"","x",IF(U51="x","x","")) -> #REF! | V50: =IF(W49<>"","x","")
I51: =IF(I55="x","x","") | M51: =IF(M55="x","x","") -> #REF! | Q51: =IF(Q55="x","x","") -> #REF! | U51: =IF(U55="x","x","") -> #REF!
K53: 2do POR QUÉ: | O53: 3cer POR QUÉ: | S53: 4to POR QUÉ: | W53: 5to POR QUÉ:
B54: PROBLEMA | G54: PRIMER POR QUÉ | K54: =G56 -> 0 | O54: =K56 -> 0 | S54: =O56 -> 0 | W54: =S56 -> 0 | AA54: CAUSA RAÍZ
I55: =IF(AND(I56<>"",I57<>""),"x","") | M55: =IF(AND(M56<>"",M57<>""),"x","") -> #REF! | Q55: =IF(AND(Q56<>"",Q57<>""),"x","") -> #REF! | U55: =IF(AND(U56<>"",U57<>""),"x","") -> #REF!
A56: 7 | B56: =IF('FO-GC-003'!I37<>"",'FO-GC-003'!I37,"") | F56: PORQUE | I56: =IF(AND(I57<>"",J57<>""),IF(AND(G56<>"",K56<>""),"","x"),IF(AND(G56="",K56="",I58="x",I62="x"),"x","")) | M56: =IF(AND(M57<>"",N57<>""),IF(AND(K56<>"",O56<>""),"","x"),IF(AND(K56="",O56="",M58="x",M62="x"),"x","")) -> #REF! | Q56: =IF(AND(Q57<>"",R57<>""),IF(AND(O56<>"",S56<>""),"","x"),IF(AND(O56="",S56="",Q58="x",Q62="x"),"x","")) -> #REF! | U56: =IF(AND(U57<>"",V57<>""),IF(AND(S56<>"",W56<>""),"","x"),IF(AND(S56="",W56="",U58="x",U62="x"),"x","")) -> #REF! | Z56: =IF(LOOKUP(2,1/(G56:W56<>""),G56:W56)="x","",LOOKUP(2,1/(G56:W56<>""),G56:W56)) -> #N/A | AA56: =IF(ISNA($Z56),"",$Z56)
H57: =IF(AND(G56<>"",K56<>""),"x","") | I57: =IF(K56<>"","x",IF(I58="x","x","")) | J57: =IF(K56<>"","x","") | L57: =IF(AND(K56<>"",O56<>""),"x","") | M57: =IF(O56<>"","x",IF(M58="x","x","")) -> #REF! | N57: =IF(O56<>"","x","") | P57: =IF(AND(O56<>"",S56<>""),"x","") | Q57: =IF(S56<>"","x",IF(Q58="x","x","")) -> #REF! | R57: =IF(S56<>"","x","") | T57: =IF(AND(S56<>"",W56<>""),"x","") | U57: =IF(W56<>"","x",IF(U58="x","x","")) -> #REF! | V57: =IF(W56<>"","x","")
I58: =IF(I62="x","x","") | M58: =IF(M62="x","x","") -> #REF! | Q58: =IF(Q62="x","x","") -> #REF! | U58: =IF(U62="x","x","") -> #REF!
K60: 2do POR QUÉ: | O60: 3cer POR QUÉ: | S60: 4to POR QUÉ: | W60: 5to POR QUÉ:
B61: PROBLEMA | G61: PRIMER POR QUÉ | K61: =G63 -> 0 | O61: =K63 -> 0 | S61: =O63 -> 0 | W61: =S63 -> 0 | AA61: CAUSA RAÍZ
I62: =IF(AND(I63<>"",I64<>""),"x","") | M62: =IF(AND(M63<>"",M64<>""),"x","") -> #REF! | Q62: =IF(AND(Q63<>"",Q64<>""),"x","") -> #REF! | U62: =IF(AND(U63<>"",U64<>""),"x","") -> #REF!
A63: 8 | B63: =IF('FO-GC-003'!I41<>"",'FO-GC-003'!I41,"") | F63: PORQUE | I63: =IF(AND(I64<>"",J64<>""),IF(AND(G63<>"",K63<>""),"","x"),IF(AND(G63="",K63="",I65="x",I69="x"),"x","")) | M63: =IF(AND(M64<>"",N64<>""),IF(AND(K63<>"",O63<>""),"","x"),IF(AND(K63="",O63="",M65="x",M69="x"),"x","")) -> #REF! | Q63: =IF(AND(Q64<>"",R64<>""),IF(AND(O63<>"",S63<>""),"","x"),IF(AND(O63="",S63="",Q65="x",Q69="x"),"x","")) -> #REF! | U63: =IF(AND(U64<>"",V64<>""),IF(AND(S63<>"",W63<>""),"","x"),IF(AND(S63="",W63="",U65="x",U69="x"),"x","")) -> #REF! | Z63: =IF(LOOKUP(2,1/(G63:W63<>""),G63:W63)="x","",LOOKUP(2,1/(G63:W63<>""),G63:W63)) -> #N/A | AA63: =IF(ISNA($Z63),"",$Z63)
H64: =IF(AND(G63<>"",K63<>""),"x","") | I64: =IF(K63<>"","x",IF(I65="x","x","")) | J64: =IF(K63<>"","x","") | L64: =IF(AND(K63<>"",O63<>""),"x","") | M64: =IF(O63<>"","x",IF(M65="x","x","")) -> #REF! | N64: =IF(O63<>"","x","") | P64: =IF(AND(O63<>"",S63<>""),"x","") | Q64: =IF(S63<>"","x",IF(Q65="x","x","")) -> #REF! | R64: =IF(S63<>"","x","") | T64: =IF(AND(S63<>"",W63<>""),"x","") | U64: =IF(W63<>"","x",IF(U65="x","x","")) -> #REF! | V64: =IF(W63<>"","x","")
I65: =IF(I69="x","x","") | M65: =IF(M69="x","x","") -> #REF! | Q65: =IF(Q69="x","x","") -> #REF! | U65: =IF(U69="x","x","") -> #REF!
K67: 2do POR QUÉ: | O67: 3cer POR QUÉ: | S67: 4to POR QUÉ: | W67: 5to POR QUÉ:
B68: PROBLEMA | G68: PRIMER POR QUÉ | K68: =G70 -> 0 | O68: =K70 -> 0 | S68: =O70 -> 0 | W68: =S70 -> 0 | AA68: CAUSA RAÍZ
I69: =IF(AND(I70<>"",I71<>""),"x","") | M69: =IF(AND(M70<>"",M71<>""),"x","") -> #REF! | Q69: =IF(AND(Q70<>"",Q71<>""),"x","") -> #REF! | U69: =IF(AND(U70<>"",U71<>""),"x","") -> #REF!
A70: 9 | B70: =IF('FO-GC-003'!I45<>"",'FO-GC-003'!I45,"") | F70: PORQUE | I70: =IF(AND(I71<>"",J71<>""),IF(AND(G70<>"",K70<>""),"","x"),IF(AND(G70="",K70="",I72="x",I76="x"),"x","")) | M70: =IF(AND(M71<>"",N71<>""),IF(AND(K70<>"",O70<>""),"","x"),IF(AND(K70="",O70="",M72="x",M76="x"),"x","")) -> #REF! | Q70: =IF(AND(Q71<>"",R71<>""),IF(AND(O70<>"",S70<>""),"","x"),IF(AND(O70="",S70="",Q72="x",Q76="x"),"x","")) -> #REF! | U70: =IF(AND(U71<>"",V71<>""),IF(AND(S70<>"",W70<>""),"","x"),IF(AND(S70="",W70="",U72="x",U76="x"),"x","")) -> #REF! | Z70: =IF(LOOKUP(2,1/(G70:W70<>""),G70:W70)="x","",LOOKUP(2,1/(G70:W70<>""),G70:W70)) -> #N/A | AA70: =IF(ISNA($Z70),"",$Z70)
H71: =IF(AND(G70<>"",K70<>""),"x","") | I71: =IF(K70<>"","x",IF(I72="x","x","")) | J71: =IF(K70<>"","x","") | L71: =IF(AND(K70<>"",O70<>""),"x","") | M71: =IF(O70<>"","x",IF(M72="x","x","")) -> #REF! | N71: =IF(O70<>"","x","") | P71: =IF(AND(O70<>"",S70<>""),"x","") | Q71: =IF(S70<>"","x",IF(Q72="x","x","")) -> #REF! | R71: =IF(S70<>"","x","") | T71: =IF(AND(S70<>"",W70<>""),"x","") | U71: =IF(W70<>"","x",IF(U72="x","x","")) -> #REF! | V71: =IF(W70<>"","x","")
I72: =IF(I76="x","x","") | M72: =IF(M76="x","x","") -> #REF! | Q72: =IF(Q76="x","x","") -> #REF! | U72: =IF(U76="x","x","") -> #REF!
K74: 2do POR QUÉ: | O74: 3cer POR QUÉ: | S74: 4to POR QUÉ: | W74: 5to POR QUÉ:
B75: PROBLEMA | G75: PRIMER POR QUÉ | K75: =G77 -> 0 | O75: =K77 -> 0 | S75: =O77 -> 0 | W75: =S77 -> 0 | AA75: CAUSA RAÍZ
I76: =IF(AND(I77<>"",I78<>""),"x","") | M76: =IF(AND(M77<>"",M78<>""),"x","") -> #REF! | Q76: =IF(AND(Q77<>"",Q78<>""),"x","") -> #REF! | U76: =IF(AND(U77<>"",U78<>""),"x","") -> #REF!
A77: 10 | B77: =IF('FO-GC-003'!I49<>"",'FO-GC-003'!I49,"") | F77: PORQUE | I77: =IF(AND(I78<>"",J78<>""),IF(AND(G77<>"",K77<>""),"","x"),IF(AND(G77="",K77="",I79="x",I83="x"),"x","")) | M77: =IF(AND(M78<>"",N78<>""),IF(AND(K77<>"",O77<>""),"","x"),IF(AND(K77="",O77="",M79="x",M83="x"),"x","")) -> #REF! | Q77: =IF(AND(Q78<>"",R78<>""),IF(AND(O77<>"",S77<>""),"","x"),IF(AND(O77="",S77="",Q79="x",Q83="x"),"x","")) -> #REF! | U77: =IF(AND(U78<>"",V78<>""),IF(AND(S77<>"",W77<>""),"","x"),IF(AND(S77="",W77="",U79="x",U83="x"),"x","")) -> #REF! | Z77: =IF(LOOKUP(2,1/(G77:W77<>""),G77:W77)="x","",LOOKUP(2,1/(G77:W77<>""),G77:W77)) -> #N/A | AA77: =IF(ISNA($Z77),"",$Z77)
H78: =IF(AND(G77<>"",K77<>""),"x","") | I78: =IF(K77<>"","x",IF(I79="x","x","")) | J78: =IF(K77<>"","x","") | L78: =IF(AND(K77<>"",O77<>""),"x","") | M78: =IF(O77<>"","x",IF(M79="x","x","")) -> #REF! | N78: =IF(O77<>"","x","") | P78: =IF(AND(O77<>"",S77<>""),"x","") | Q78: =IF(S77<>"","x",IF(Q79="x","x","")) -> #REF! | R78: =IF(S77<>"","x","") | T78: =IF(AND(S77<>"",W77<>""),"x","") | U78: =IF(W77<>"","x",IF(U79="x","x","")) -> #REF! | V78: =IF(W77<>"","x","")
I79: =IF(I83="x","x","") | M79: =IF(M83="x","x","") -> #REF! | Q79: =IF(Q83="x","x","") -> #REF! | U79: =IF(U83="x","x","") -> #REF!
K81: 2do POR QUÉ: | O81: 3cer POR QUÉ: | S81: 4to POR QUÉ: | W81: 5to POR QUÉ:
B82: PROBLEMA | G82: PRIMER POR QUÉ | K82: =G84 -> 0 | O82: =K84 -> 0 | S82: =O84 -> 0 | W82: =S84 -> 0 | AA82: CAUSA RAÍZ
I83: =IF(AND(I84<>"",I85<>""),"x","") | M83: =IF(AND(M84<>"",M85<>""),"x","") -> #REF! | Q83: =IF(AND(Q84<>"",Q85<>""),"x","") -> #REF! | U83: =IF(AND(U84<>"",U85<>""),"x","") -> #REF!
A84: 11 | B84: =IF('FO-GC-003'!I53<>"",'FO-GC-003'!I53,"") | F84: PORQUE | I84: =IF(AND(I85<>"",J85<>""),IF(AND(G84<>"",K84<>""),"","x"),IF(AND(G84="",K84="",I86="x",I90="x"),"x","")) | M84: =IF(AND(M85<>"",N85<>""),IF(AND(K84<>"",O84<>""),"","x"),IF(AND(K84="",O84="",M86="x",M90="x"),"x","")) -> #REF! | Q84: =IF(AND(Q85<>"",R85<>""),IF(AND(O84<>"",S84<>""),"","x"),IF(AND(O84="",S84="",Q86="x",Q90="x"),"x","")) -> #REF! | U84: =IF(AND(U85<>"",V85<>""),IF(AND(S84<>"",W84<>""),"","x"),IF(AND(S84="",W84="",U86="x",U90="x"),"x","")) -> #REF! | Z84: =IF(LOOKUP(2,1/(G84:W84<>""),G84:W84)="x","",LOOKUP(2,1/(G84:W84<>""),G84:W84)) -> #N/A | AA84: =IF(ISNA($Z84),"",$Z84)
H85: =IF(AND(G84<>"",K84<>""),"x","") | I85: =IF(K84<>"","x",IF(I86="x","x","")) | J85: =IF(K84<>"","x","") | L85: =IF(AND(K84<>"",O84<>""),"x","") | M85: =IF(O84<>"","x",IF(M86="x","x","")) -> #REF! | N85: =IF(O84<>"","x","") | P85: =IF(AND(O84<>"",S84<>""),"x","") | Q85: =IF(S84<>"","x",IF(Q86="x","x","")) -> #REF! | R85: =IF(S84<>"","x","") | T85: =IF(AND(S84<>"",W84<>""),"x","") | U85: =IF(W84<>"","x",IF(U86="x","x","")) -> #REF! | V85: =IF(W84<>"","x","")
I86: =IF(I90="x","x","") | M86: =IF(M90="x","x","") -> #REF! | Q86: =IF(Q90="x","x","") -> #REF! | U86: =IF(U90="x","x","") -> #REF!
K88: 2do POR QUÉ: | O88: 3cer POR QUÉ: | S88: 4to POR QUÉ: | W88: 5to POR QUÉ:
B89: PROBLEMA | G89: PRIMER POR QUÉ | K89: =G91 -> 0 | O89: =K91 -> 0 | S89: =O91 -> 0 | W89: =S91 -> 0 | AA89: CAUSA RAÍZ
I90: =IF(AND(I91<>"",I92<>""),"x","") | M90: =IF(AND(M91<>"",M92<>""),"x","") -> #REF! | Q90: =IF(AND(Q91<>"",Q92<>""),"x","") -> #REF! | U90: =IF(AND(U91<>"",U92<>""),"x","") -> #REF!
A91: 12 | B91: =IF('FO-GC-003'!I57<>"",'FO-GC-003'!I57,"") | F91: PORQUE | I91: =IF(AND(I92<>"",J92<>""),IF(AND(G91<>"",K91<>""),"","x"),IF(AND(G91="",K91="",I93="x",I97="x"),"x","")) | M91: =IF(AND(M92<>"",N92<>""),IF(AND(K91<>"",O91<>""),"","x"),IF(AND(K91="",O91="",M93="x",M97="x"),"x","")) -> #REF! | Q91: =IF(AND(Q92<>"",R92<>""),IF(AND(O91<>"",S91<>""),"","x"),IF(AND(O91="",S91="",Q93="x",Q97="x"),"x","")) -> #REF! | U91: =IF(AND(U92<>"",V92<>""),IF(AND(S91<>"",W91<>""),"","x"),IF(AND(S91="",W91="",U93="x",U97="x"),"x","")) -> #REF! | Z91: =IF(LOOKUP(2,1/(G91:W91<>""),G91:W91)="x","",LOOKUP(2,1/(G91:W91<>""),G91:W91)) -> #N/A | AA91: =IF(ISNA($Z91),"",$Z91)
H92: =IF(AND(G91<>"",K91<>""),"x","") | I92: =IF(K91<>"","x",IF(I93="x","x","")) | J92: =IF(K91<>"","x","") | L92: =IF(AND(K91<>"",O91<>""),"x","") | M92: =IF(O91<>"","x",IF(M93="x","x","")) -> #REF! | N92: =IF(O91<>"","x","") | P92: =IF(AND(O91<>"",S91<>""),"x","") | Q92: =IF(S91<>"","x",IF(Q93="x","x","")) -> #REF! | R92: =IF(S91<>"","x","") | T92: =IF(AND(S91<>"",W91<>""),"x","") | U92: =IF(W91<>"","x",IF(U93="x","x","")) -> #REF! | V92: =IF(W91<>"","x","")
I93: =IF(I97="x","x","") | M93: =IF(M97="x","x","") -> #REF! | Q93: =IF(Q97="x","x","") -> #REF! | U93: =IF(U97="x","x","") -> #REF!
K95: 2do POR QUÉ: | O95: 3cer POR QUÉ: | S95: 4to POR QUÉ: | W95: 5to POR QUÉ:
B96: PROBLEMA | G96: PRIMER POR QUÉ | K96: =G98 -> 0 | O96: =K98 -> 0 | S96: =O98 -> 0 | W96: =S98 -> 0 | AA96: CAUSA RAÍZ
I97: =IF(AND(I98<>"",I99<>""),"x","") | M97: =IF(AND(M98<>"",M99<>""),"x","") -> #REF! | Q97: =IF(AND(Q98<>"",Q99<>""),"x","") -> #REF! | U97: =IF(AND(U98<>"",U99<>""),"x","") -> #REF!
A98: 13 | B98: =IF('FO-GC-003'!I61<>"",'FO-GC-003'!I61,"") | F98: PORQUE | I98: =IF(AND(I99<>"",J99<>""),IF(AND(G98<>"",K98<>""),"","x"),IF(AND(G98="",K98="",I100="x",I104="x"),"x","")) | M98: =IF(AND(M99<>"",N99<>""),IF(AND(K98<>"",O98<>""),"","x"),IF(AND(K98="",O98="",M100="x",M104="x"),"x","")) -> #REF! | Q98: =IF(AND(Q99<>"",R99<>""),IF(AND(O98<>"",S98<>""),"","x"),IF(AND(O98="",S98="",Q100="x",Q104="x"),"x","")) -> #REF! | U98: =IF(AND(U99<>"",V99<>""),IF(AND(S98<>"",W98<>""),"","x"),IF(AND(S98="",W98="",U100="x",U104="x"),"x","")) -> #REF! | Z98: =IF(LOOKUP(2,1/(G98:W98<>""),G98:W98)="x","",LOOKUP(2,1/(G98:W98<>""),G98:W98)) -> #N/A | AA98: =IF(ISNA($Z98),"",$Z98)
H99: =IF(AND(G98<>"",K98<>""),"x","") | I99: =IF(K98<>"","x",IF(I100="x","x","")) | J99: =IF(K98<>"","x","") | L99: =IF(AND(K98<>"",O98<>""),"x","") | M99: =IF(O98<>"","x",IF(M100="x","x","")) -> #REF! | N99: =IF(O98<>"","x","") | P99: =IF(AND(O98<>"",S98<>""),"x","") | Q99: =IF(S98<>"","x",IF(Q100="x","x","")) -> #REF! | R99: =IF(S98<>"","x","") | T99: =IF(AND(S98<>"",W98<>""),"x","") | U99: =IF(W98<>"","x",IF(U100="x","x","")) -> #REF! | V99: =IF(W98<>"","x","")
I100: =IF(I104="x","x","") | M100: =IF(M104="x","x","") -> #REF! | Q100: =IF(Q104="x","x","") -> #REF! | U100: =IF(U104="x","x","") -> #REF!
K102: 2do POR QUÉ: | O102: 3cer POR QUÉ: | S102: 4to POR QUÉ: | W102: 5to POR QUÉ:
B103: PROBLEMA | G103: PRIMER POR QUÉ | K103: =G105 -> 0 | O103: =K105 -> 0 | S103: =O105 -> 0 | W103: =S105 -> 0 | AA103: CAUSA RAÍZ
I104: =IF(AND(I105<>"",I106<>""),"x","") | M104: =IF(AND(M105<>"",M106<>""),"x","") -> #REF! | Q104: =IF(AND(Q105<>"",Q106<>""),"x","") -> #REF! | U104: =IF(AND(U105<>"",U106<>""),"x","") -> #REF!
A105: 14 | B105: =IF('FO-GC-003'!I65<>"",'FO-GC-003'!I65,"") | F105: PORQUE | I105: =IF(AND(I106<>"",J106<>""),IF(AND(G105<>"",K105<>""),"","x"),IF(AND(G105="",K105="",I107="x",I111="x"),"x","")) | M105: =IF(AND(M106<>"",N106<>""),IF(AND(K105<>"",O105<>""),"","x"),IF(AND(K105="",O105="",M107="x",M111="x"),"x","")) -> #REF! | Q105: =IF(AND(Q106<>"",R106<>""),IF(AND(O105<>"",S105<>""),"","x"),IF(AND(O105="",S105="",Q107="x",Q111="x"),"x","")) -> #REF! | U105: =IF(AND(U106<>"",V106<>""),IF(AND(S105<>"",W105<>""),"","x"),IF(AND(S105="",W105="",U107="x",U111="x"),"x","")) -> #REF! | Z105: =IF(LOOKUP(2,1/(G105:W105<>""),G105:W105)="x","",LOOKUP(2,1/(G105:W105<>""),G105:W105)) -> #N/A | AA105: =IF(ISNA($Z105),"",$Z105)
H106: =IF(AND(G105<>"",K105<>""),"x","") | I106: =IF(K105<>"","x",IF(I107="x","x","")) | J106: =IF(K105<>"","x","") | L106: =IF(AND(K105<>"",O105<>""),"x","") | M106: =IF(O105<>"","x",IF(M107="x","x","")) -> #REF! | N106: =IF(O105<>"","x","") | P106: =IF(AND(O105<>"",S105<>""),"x","") | Q106: =IF(S105<>"","x",IF(Q107="x","x","")) -> #REF! | R106: =IF(S105<>"","x","") | T106: =IF(AND(S105<>"",W105<>""),"x","") | U106: =IF(W105<>"","x",IF(U107="x","x","")) -> #REF! | V106: =IF(W105<>"","x","")
I107: =IF(I111="x","x","") | M107: =IF(M111="x","x","") -> #REF! | Q107: =IF(Q111="x","x","") -> #REF! | U107: =IF(U111="x","x","") -> #REF!
K109: 2do POR QUÉ: | O109: 3cer POR QUÉ: | S109: 4to POR QUÉ: | W109: 5to POR QUÉ:
B110: PROBLEMA | G110: PRIMER POR QUÉ | K110: =G112 -> 0 | O110: =K112 -> 0 | S110: =O112 -> 0 | W110: =S112 -> 0 | AA110: CAUSA RAÍZ
I111: =IF(AND(I112<>"",I113<>""),"x","") | M111: =IF(AND(M112<>"",M113<>""),"x","") -> #REF! | Q111: =IF(AND(Q112<>"",Q113<>""),"x","") -> #REF! | U111: =IF(AND(U112<>"",U113<>""),"x","") -> #REF!
A112: 15 | B112: =IF('FO-GC-003'!I69<>"",'FO-GC-003'!I69,"") | F112: PORQUE | I112: =IF(AND(I113<>"",J113<>""),IF(AND(G112<>"",K112<>""),"","x"),IF(AND(G112="",K112="",I114="x",I115="x"),"x","")) | M112: =IF(AND(M113<>"",N113<>""),IF(AND(K112<>"",O112<>""),"","x"),IF(AND(K112="",O112="",M114="x",M115="x"),"x","")) -> #REF! | Q112: =IF(AND(Q113<>"",R113<>""),IF(AND(O112<>"",S112<>""),"","x"),IF(AND(O112="",S112="",Q114="x",Q115="x"),"x","")) -> #REF! | U112: =IF(AND(U113<>"",V113<>""),IF(AND(S112<>"",W112<>""),"","x"),IF(AND(S112="",W112="",U114="x",U115="x"),"x","")) -> #REF! | Z112: =IF(LOOKUP(2,1/(G112:W112<>""),G112:W112)="x","",LOOKUP(2,1/(G112:W112<>""),G112:W112)) -> #N/A | AA112: =IF(ISNA($Z112),"",$Z112)
H113: =IF(AND(G112<>"",K112<>""),"x","") | I113: =IF(K112<>"","x",IF(I114="x","x","")) | J113: =IF(K112<>"","x","") | L113: =IF(AND(K112<>"",O112<>""),"x","") | M113: =IF(O112<>"","x",IF(M114="x","x","")) -> #REF! | N113: =IF(O112<>"","x","") | P113: =IF(AND(O112<>"",S112<>""),"x","") | Q113: =IF(S112<>"","x",IF(Q114="x","x","")) -> #REF! | R113: =IF(S112<>"","x","") | T113: =IF(AND(S112<>"",W112<>""),"x","") | U113: =IF(W112<>"","x",IF(U114="x","x","")) -> #REF! | V113: =IF(W112<>"","x","")
I114: =IF(I115="x","x","") | M114: =IF(M115="x","x","") -> #REF! | Q114: =IF(Q115="x","x","") -> #REF! | U114: =IF(U115="x","x","") -> #REF!
I115: =IF(AND(I116<>"",I117<>""),"x","") | M115: =IF(AND(M116<>"",M117<>""),"x","") -> #REF! | Q115: =IF(AND(Q116<>"",Q117<>""),"x","") -> #REF! | U115: =IF(AND(U116<>"",U117<>""),"x","") -> #REF!
I116: =IF(AND(I117<>"",J117<>""),IF(AND(G116<>"",K116<>""),"","x"),IF(AND(G116="",K116="",I118="x",I119="x"),"x","")) | M116: =IF(AND(M117<>"",N117<>""),IF(AND(K116<>"",O116<>""),"","x"),IF(AND(K116="",O116="",M118="x",M119="x"),"x","")) -> #REF! | Q116: =IF(AND(Q117<>"",R117<>""),IF(AND(O116<>"",S116<>""),"","x"),IF(AND(O116="",S116="",Q118="x",Q119="x"),"x","")) -> #REF! | U116: =IF(AND(U117<>"",V117<>""),IF(AND(S116<>"",W116<>""),"","x"),IF(AND(S116="",W116="",U118="x",U119="x"),"x","")) -> #REF! | Z116: =IF(LOOKUP(2,1/(G116:W116<>""),G116:W116)="x","",LOOKUP(2,1/(G116:W116<>""),G116:W116)) -> #N/A | AA116: =IF(ISNA($Z116),"",$Z116)
H117: =IF(AND(G116<>"",K116<>""),"x","") | I117: =IF(K116<>"","x",IF(I118="x","x","")) | J117: =IF(K116<>"","x","") | L117: =IF(AND(K116<>"",O116<>""),"x","") | M117: =IF(O116<>"","x",IF(M118="x","x","")) -> #REF! | N117: =IF(O116<>"","x","") | P117: =IF(AND(O116<>"",S116<>""),"x","") | Q117: =IF(S116<>"","x",IF(Q118="x","x","")) -> #REF! | R117: =IF(S116<>"","x","") | T117: =IF(AND(S116<>"",W116<>""),"x","") | U117: =IF(W116<>"","x",IF(U118="x","x","")) -> #REF! | V117: =IF(W116<>"","x","")
I118: =IF(I119="x","x","") | M118: =IF(M119="x","x","") -> #REF! | Q118: =IF(Q119="x","x","") -> #REF! | U118: =IF(U119="x","x","") -> #REF!
I119: =IF(AND(I120<>"",I121<>""),"x","") | M119: =IF(AND(M120<>"",M121<>""),"x","") -> #REF! | Q119: =IF(AND(Q120<>"",Q121<>""),"x","") -> #REF! | U119: =IF(AND(U120<>"",U121<>""),"x","") -> #REF!
I120: =IF(AND(I121<>"",J121<>""),IF(AND(G120<>"",K120<>""),"","x"),IF(AND(G120="",K120="",I122="x",I123="x"),"x","")) | M120: =IF(AND(M121<>"",N121<>""),IF(AND(K120<>"",O120<>""),"","x"),IF(AND(K120="",O120="",M122="x",M123="x"),"x","")) -> #REF! | Q120: =IF(AND(Q121<>"",R121<>""),IF(AND(O120<>"",S120<>""),"","x"),IF(AND(O120="",S120="",Q122="x",Q123="x"),"x","")) -> #REF! | U120: =IF(AND(U121<>"",V121<>""),IF(AND(S120<>"",W120<>""),"","x"),IF(AND(S120="",W120="",U122="x",U123="x"),"x","")) -> #REF! | Z120: =IF(LOOKUP(2,1/(G120:W120<>""),G120:W120)="x","",LOOKUP(2,1/(G120:W120<>""),G120:W120)) -> #N/A | AA120: =IF(ISNA($Z120),"",$Z120)
H121: =IF(AND(G120<>"",K120<>""),"x","") | I121: =IF(K120<>"","x",IF(I122="x","x","")) | J121: =IF(K120<>"","x","") | L121: =IF(AND(K120<>"",O120<>""),"x","") | M121: =IF(O120<>"","x",IF(M122="x","x","")) -> #REF! | N121: =IF(O120<>"","x","") | P121: =IF(AND(O120<>"",S120<>""),"x","") | Q121: =IF(S120<>"","x",IF(Q122="x","x","")) -> #REF! | R121: =IF(S120<>"","x","") | T121: =IF(AND(S120<>"",W120<>""),"x","") | U121: =IF(W120<>"","x",IF(U122="x","x","")) -> #REF! | V121: =IF(W120<>"","x","")
I122: =IF(I123="x","x","") | M122: =IF(M123="x","x","") -> #REF! | Q122: =IF(Q123="x","x","") -> #REF! | U122: =IF(U123="x","x","") -> #REF!
...

Sheet DATOS
B6: FUENTE | C6: TIPO DE HALLAZGO | D6: TIPO DE ACCIÓN A TOMAR | F6: Seleccionar | G6: Seleccionar | H6: PROCESO
B7: Seleccionar | C7: Seleccionar | D7: Seleccionar | F7: 1.DO - | G7: Docencia | H7: =CONCATENATE(F7," ",G7) -> 1.DO - Docencia
B8: PQRs | C8: NO CONFORMIDAD | D8: ACCIÓN INMEDIATA CORRECCIÓN | F8: 1.1. RA - | G8: Registro Académico | H8: =CONCATENATE(F8," ",G8) -> 1.1. RA - Registro Académico
B9: HALLAZGO AUDITORÍA INTERNA | C9: OPORTUNIDAD DE MEJORA | D9: ACCIÓN CORRECTIVA | F9: 1.2. CU - | G9: Gestión Curricular | H9: =CONCATENATE(F9," ",G9) -> 1.2. CU - Gestión Curricular
B10: HALLAZGO AUDITORIA EXTERNA | C10: SALIDA NO CONFORME | D10: ACCIÓN DE MEJORA | F10: 2. IN - | G10: Investigación, Desarrollo e Innovación | H10: =CONCATENATE(F10," ",G10) -> 2. IN - Investigación, Desarrollo e Innovación
B11: HALLAZGO AUDITORÍA CONTROL INTERNO | F11: 3. EP - | G11: Extensión y Proyección Social | H11: =CONCATENATE(F11," ",G11) -> 3. EP - Extensión y Proyección Social
B12: SALIDA NO CONFORME | F12: 3.1. EM - | G12: Emprendimiento | H12: =CONCATENATE(F12," ",G12) -> 3.1. EM - Emprendimiento
B13: REVISIÓN POR LA DIRECCIÓN | F13: 3.2. GE - | G13: Gestión de Egresados | H13: =CONCATENATE(F13," ",G13) -> 3.2. GE - Gestión de Egresados
B14: ANÁLISIS DE DATOS INTERNO EN EL PROCESO | F14: 3.3. EC - | G14: Educación Continuada | H14: =CONCATENATE(F14," ",G14) -> 3.3. EC - Educación Continuada
B15: EVALUACIÓN SEMESTRAL DE PROFESORES | F15: 3.4. PE - | G15: Gestión de Proyectos de Extensión | H15: =CONCATENATE(F15," ",G15) -> 3.4. PE - Gestión de Proyectos de Extensión
F16: 3.5. EF - | G16: Escuela de Formación para el TDH | H16: =CONCATENATE(F16," ",G16) -> 3.5. EF - Escuela de Formación para el TDH
D17: CRITERIOS DE EVALUACIÓN | F17: 4 . DE - | G17: Direccionamiento Estratégico | H17: =CONCATENATE(F17," ",G17) -> 4 . DE - Direccionamiento Estratégico
D18: 1 El Profesor respecto a la metodología: | F18: 4.1. PL - | G18: Planeación Institucional | H18: =CONCATENATE(F18," ",G18) -> 4.1. PL - Planeación Institucional
D19: 1.1 ¿El tiempo asignado para la evaluación es adecuado? | F19: 4.2. SI - | G19: Gestión de Sistemas de Información | H19: =CONCATENATE(F19," ",G19) -> 4.2. SI - Gestión de Sistemas de Información
D20: 1.2 ¿Entrega plan de la asignatura al inicio del curso? (Contenido programático) | F20: 4.3. PF - | G20: Gestión de Proyectos Institucionales | H20: =CONCATENATE(F20," ",G20) -> 4.3. PF - Gestión de Proyectos Institucionales
B21: PROGRAMAS ACADÉMICOS | D21: 1.3 ¿Es claro en el planteamiento de las evaluaciones? | F21: 4.4. GC - | G21: Gestión de Calidad | H21: =CONCATENATE(F21," ",G21) -> 4.4. GC - Gestión de Calidad
B22: PPN-Arquitectura | D22: 1.4 ¿La bibliografía o fuentes de información suministrada es coherente con la temática del curso? | F22: 5. AC - | G22: Aseguramiento de la Calidad | H22: =CONCATENATE(F22," ",G22) -> 5. AC - Aseguramiento de la Calidad
B23: PPN-Ingeniería de Sistemas | D23: 1.5 ¿La retroalimentación de las evaluaciones y trabajos permite evidenciar los errores del estudiante y mejorar resultados de aprendizaje? | F23: 5.1. AU - | G23: Autoevaluación Institucional | H23: =CONCATENATE(F23," ",G23) -> 5.1. AU - Autoevaluación Institucional
B24: PPN-Ingeniería Industrial | D24: 1.6 ¿Promueve la investigación? | F24: 5.2. RC - | G24: Registro Calificado | H24: =CONCATENATE(F24," ",G24) -> 5.2. RC - Registro Calificado
B25: PPN-Ingeniería Agroecológica | D25: 1.7 ¿Realiza diferentes evaluaciones por cada nota sumativa? | F25: 6. VN - | G25: Visibilidad Nacional e Internacional | H25: =CONCATENATE(F25," ",G25) -> 6. VN - Visibilidad Nacional e Internacional
B26: PPN-Comunicación Social | D26: 1.8 ¿Socializa las fechas de parciales según calendario académico? | F26: 6.1. VN - | G26: Relaciones Interinstitucionales - ORI | H26: =CONCATENATE(F26," ",G26) -> 6.1. VN - Relaciones Interinstitucionales - ORI
B27: PPN-Derecho | D27: 2 El Profesor respecto a las relaciones interpersonales: | F27: 6.2. MA - | G27: Mercadeo - Admisiones | H27: =CONCATENATE(F27," ",G27) -> 6.2. MA - Mercadeo - Admisiones
B28: PPN-Psicología | D28: 2.1 ¿El ambiente de trabajo promovido por el docente aportó al aprendizaje? | F28: 6.3. CO - | G28: Comunicaciones Institucional | H28: =CONCATENATE(F28," ",G28) -> 6.3. CO - Comunicaciones Institucional
B29: PPN-Trabajo Social | D29: 2.2 ¿Respeta a los estudiantes? | F29: 7. BI - | G29: Bienestar Institucional | H29: =CONCATENATE(F29," ",G29) -> 7. BI - Bienestar Institucional
B30: PPN-Administración de Empresas | D30: 2.3 ¿Respeta los acuerdos establecidos? | F30: 8. GH - | G30: Gestión Humana | H30: =CONCATENATE(F30," ",G30) -> 8. GH - Gestión Humana
B31: PPN-Contaduría Pública | D31: 2.4 ¿Tiene buenas relaciones interpersonales dentro y fuera de la clase? | F31: 8.1. TH - | G31: Gestión del Talento Humano | H31: =CONCATENATE(F31," ",G31) -> 8.1. TH - Gestión del Talento Humano
B32: PPN-Administracción de Empresas Agropecuarias | D32: 2.5 ¿Tiene disposición para atender consultas? | F32: 8.2. ST - | G32: Gestión de Seguridad y Salud en el Trabajo | H32: =CONCATENATE(F32," ",G32) -> 8.2. ST - Gestión de Seguridad y Salud en el Trabajo
... B40: STQ-Psicología | D40: 4.2 ¿Es objetivo en sus evaluaciones? | F40: 11. GR - | G40: Gestión de Recursos | H40: =CONCATENATE(F40," ",G40) -> 11. GR - Gestión de Recursos
D41: 4.3 ¿Fomenta la participación y la creatividad? | F41: 11.1. RE - | G41: Recursos Educativos | H41: =CONCATENATE(F41," ",G41) -> 11.1. RE - Recursos Educativos
D42: 4.4 ¿Hace uso de tecnologías de la información y otros recursos para apoyar el proceso de aprendizaje? | F42: 11.2. RT - | G42: Recursos Tecnológicos | H42: =CONCATENATE(F42," ",G42) -> 11.2. RT - Recursos Tecnológicos
D43: 4.5 ¿La explicación es clara y comprensible? | F43: 11.3. RF - | G43: Recursos Físicos | H43: =CONCATENATE(F43," ",G43) -> 11.3. RF - Recursos Físicos
D44: 4.6 ¿Muestra interés por la formación integral del estudiante?
D45: 4.7 ¿Relaciona la temática con temas de actualidad y contexto?
D46: 4.8 ¿Utiliza diferentes formas de evaluación?
