Workbook

Sheet FO-GC-012
K9: OBJETIVO DE LA AUDITORIA | W9: ALCANCE DE LA AUDITORIA | AI9: CRITERIOS DE AUDITORIA
K13: RIESGOS DE AUDITORÍA | AA13: RECURSOS REQUERIDOS | AR13: Ciclo de Auditoría
D16: 1 | E16: 2 | F16: 3 | G16: 4 | H16: 5 | AV16: Ejec.
D17: FECHA PROGR. / REPROGR. | F17: Ini | G17: Fin | H17: P-R | K17: ID | L17: Proceso / Subproceso / Programa Académico | S17: Líder de Proceso / Director Programa | W17: Locación | AA17: Fecha Progr. / Reprog. | AD17: Fecha de Ejecucuón | AG17: Duración hrs : min | AJ17: Horario | AO17: Equipo Auditor (*Principal / Asistente) | AV17: =CONCATENATE(COUNT(AD20:AF109)-2," / ",COUNTA(S20:V109)-2) -> -2 / 43 | AW17: ID | AX17: Fecha | AY17: Auditoría | AZ17: Auditado | BA17: Hora Inicio | BB17: Hora Fin | BC17: Auditor P | BD17: Auditor A | BE17: Ejecutado | BF17: Entrega Informe
A18: =CONCATENATE("P-",AO18) -> P- | B18: =IF(AA19="",CONCATENATE(AA18,"-",L18),CONCATENATE(AA19,"-",L18)) -> -Reunión de Apertura | C18: =CONCATENATE(AO18," / ",AO19) -> / | D18: =IF(AA19="",CONCATENATE(AA18,"-",AO18),CONCATENATE(AA19,"-",AO18)) -> - | E18: =L18 -> Reunión de Apertura | F18: =AL18 -> 0 | G18: =AL19 -> 0 | H18: =IF(AA19="","P","R") -> P | K18: =IF(OR(L18="",L18="Reunión de Apertura",L18="Reunión de Cierre"),"*",COUNT(K15:K$17)+1) -> * | L18: Reunión de Apertura | S18: =IFERROR(VLOOKUP(L18,'Listas Desplegables'!B:D,3,0),"") -> Camia Toro/ Sergio Lozano | W18: Claustro San Camilo | AJ18: Inicio | AW18: =K18 -> * | AX18: =IF(AA19="",AA18,AA19) -> 0 | AY18: =L18 -> Reunión de Apertura | AZ18: =S18 -> Camia Toro/ Sergio Lozano | BA18: =AL18 -> 0 | BB18: =AL19 -> 0 | BC18: =AO18 -> 0 | BD18: =IF(AO19="","",AO19) | BE18: =IF(AD18="","",AD18) | BF18: =IF(OR(L18='Listas Desplegables'!$B$4,L18='Listas Desplegables'!$B$5),"",WORKDAY(AX18,7,'Listas Desplegables'!$J$11:$J$18))
A19: =CONCATENATE("A-",AO19) -> A- | D19: =IF(AA19="",CONCATENATE(AA18,"-",AO19),CONCATENATE(AA19,"-",AO19)) -> - | E19: =L18 -> Reunión de Apertura | F19: =AL18 -> 0 | G19: =AL19 -> 0 | H19: =IF(AA19="","P","R") -> P | AJ19: Fin
A20: =CONCATENATE("P-",AO20) -> P- | B20: =IF(AA21="",CONCATENATE(AA20,"-",L20),CONCATENATE(AA21,"-",L20)) -> -Registro Académico | C20: =CONCATENATE(AO20," / ",AO21) -> / | D20: =IF(AA21="",CONCATENATE(AA20,"-",AO20),CONCATENATE(AA21,"-",AO20)) -> - | E20: =L20 -> Registro Académico | F20: =AL20 -> 0 | G20: =AL21 -> 0 | H20: =IF(AA21="","P","R") -> P | K20: =IF(OR(L20="",L20="Reunión de Apertura",L20="Reunión de Cierre"),"*",COUNT(K$17:K17)+1) -> 1 | L20: Registro Académico | S20: =IFERROR(VLOOKUP(L20,'Listas Desplegables'!B:D,3,0),"") -> Maria Fernanda Bonilla | W20: Claustro San Camilo | AJ20: Inicio | AW20: =K20 -> 1 | AX20: =IF(AA21="",AA20,AA21) -> 0 | AY20: =L20 -> Registro Académico | AZ20: =S20 -> Maria Fernanda Bonilla | BA20: =AL20 -> 0 | BB20: =AL21 -> 0 | BC20: =AO20 -> 0 | BD20: =IF(AO21="","",AO21) | BE20: =IF(AD20="","",AD20) | BF20: =IF(OR(L20='Listas Desplegables'!$B$4,L20='Listas Desplegables'!$B$5),"",WORKDAY(AX20,7,'Listas Desplegables'!$J$11:$J$18)) -> 10
A21: =CONCATENATE("A-",AO21) -> A- | D21: =IF(AA21="",CONCATENATE(AA20,"-",AO21),CONCATENATE(AA21,"-",AO21)) -> - | E21: =L20 -> Registro Académico | F21: =AL20 -> 0 | G21: =AL21 -> 0 | H21: =IF(AA21="","P","R") -> P | AJ21: Fin
A22: =CONCATENATE("P-",AO22) -> P- | B22: =IF(AA23="",CONCATENATE(AA22,"-",L22),CONCATENATE(AA23,"-",L22)) -> -Gestión Curricular | C22: =CONCATENATE(AO22," / ",AO23) -> / | D22: =IF(AA23="",CONCATENATE(AA22,"-",AO22),CONCATENATE(AA23,"-",AO22)) -> - | E22: =L22 -> Gestión Curricular | F22: =AL22 -> 0 | G22: =AL23 -> 0 | H22: =IF(AA23="","P","R") -> P | K22: =IF(OR(L22="",L22="Reunión de Apertura",L22="Reunión de Cierre"),"*",COUNT(K$17:K21)+1) -> 2 | L22: Gestión Curricular | S22: =IFERROR(VLOOKUP(L22,'Listas Desplegables'!B:D,3,0),"") -> Depsi Johana Cordoba | W22: Claustro San José | AG22: =IF(SUM(AL23-AL22)=0,"",AL23-AL22) | AJ22: Inicio | AW22: =K22 -> 2 | AX22: =IF(AA23="",AA22,AA23) -> 0 | AY22: =L22 -> Gestión Curricular | AZ22: =S22 -> Depsi Johana Cordoba | BA22: =AL22 -> 0 | BB22: =AL23 -> 0 | BC22: =AO22 -> 0 | BD22: =IF(AO23="","",AO23) | BE22: =IF(AD22="","",AD22) | BF22: =IF(OR(L22='Listas Desplegables'!$B$4,L22='Listas Desplegables'!$B$5),"",WORKDAY(AX22,7,'Listas Desplegables'!$J$11:$J$18)) -> 10
A23: =CONCATENATE("A-",AO23) -> A- | D23: =IF(AA23="",CONCATENATE(AA22,"-",AO23),CONCATENATE(AA23,"-",AO23)) -> - | E23: =L22 -> Gestión Curricular | F23: =AL22 -> 0 | G23: =AL23 -> 0 | H23: =IF(AA23="","P","R") -> P | AJ23: Fin
A24: =CONCATENATE("P-",AO24) -> P- | B24: =IF(AA25="",CONCATENATE(AA24,"-",L24),CONCATENATE(AA25,"-",L24)) -> -Investigación, Desarrollo e Innovación | C24: =CONCATENATE(AO24," / ",AO25) -> / | D24: =IF(AA25="",CONCATENATE(AA24,"-",AO24),CONCATENATE(AA25,"-",AO24)) -> - | E24: =L24 -> Investigación, Desarrollo e Innovación | F24: =AL24 -> 0 | G24: =AL25 -> 0 | H24: =IF(AA25="","P","R") -> P | K24: =IF(OR(L24="",L24="Reunión de Apertura",L24="Reunión de Cierre"),"*",COUNT(K$17:K23)+1) -> 3 | L24: Investigación, Desarrollo e Innovación | S24: =IFERROR(VLOOKUP(L24,'Listas Desplegables'!B:D,3,0),"") -> Daniel Feriz | W24: Claustro San José | AG24: =IF(SUM(AL25-AL24)=0,"",AL25-AL24) | AJ24: Inicio | AW24: =K24 -> 3 | AX24: =IF(AA25="",AA24,AA25) -> 0 | AY24: =L24 -> Investigación, Desarrollo e Innovación | AZ24: =S24 -> Daniel Feriz | BA24: =AL24 -> 0 | BB24: =AL25 -> 0 | BC24: =AO24 -> 0 | BD24: =IF(AO25="","",AO25) | BE24: =IF(AD24="","",AD24) | BF24: =IF(OR(L24='Listas Desplegables'!$B$4,L24='Listas Desplegables'!$B$5),"",WORKDAY(AX24,7,'Listas Desplegables'!$J$11:$J$18)) -> 10
A25: =CONCATENATE("A-",AO25) -> A- | D25: =IF(AA25="",CONCATENATE(AA24,"-",AO25),CONCATENATE(AA25,"-",AO25)) -> - | E25: =L24 -> Investigación, Desarrollo e Innovación | F25: =AL24 -> 0 | G25: =AL25 -> 0 | H25: =IF(AA25="","P","R") -> P | AJ25: Fin
A26: =CONCATENATE("P-",AO26) -> P- | B26: =IF(AA27="",CONCATENATE(AA26,"-",L26),CONCATENATE(AA27,"-",L26)) -> -Extensión y Proyección Social | C26: =CONCATENATE(AO26," / ",AO27) -> / | D26: =IF(AA27="",CONCATENATE(AA26,"-",AO26),CONCATENATE(AA27,"-",AO26)) -> - | E26: =L26 -> Extensión y Proyección Social | F26: =AL26 -> 0 | G26: =AL27 -> 0 | H26: =IF(AA27="","P","R") -> P | K26: =IF(OR(L26="",L26="Reunión de Apertura",L26="Reunión de Cierre"),"*",COUNT(K$17:K25)+1) -> 4 | L26: Extensión y Proyección Social | S26: =IFERROR(VLOOKUP(L26,'Listas Desplegables'!B:D,3,0),"") -> Andres Cisneros | W26: Claustro San José | AG26: =IF(SUM(AL27-AL26)=0,"",AL27-AL26) | AJ26: Inicio | AW26: =K26 -> 4 | AX26: =IF(AA27="",AA26,AA27) -> 0 | AY26: =L26 -> Extensión y Proyección Social | AZ26: =S26 -> Andres Cisneros | BA26: =AL26 -> 0 | BB26: =AL27 -> 0 | BC26: =AO26 -> 0 | BD26: =IF(AO27="","",AO27) | BE26: =IF(AD26="","",AD26) | BF26: =IF(OR(L26='Listas Desplegables'!$B$4,L26='Listas Desplegables'!$B$5),"",WORKDAY(AX26,7,'Listas Desplegables'!$J$11:$J$18)) -> 10
A27: =CONCATENATE("A-",AO27) -> A- | D27: =IF(AA27="",CONCATENATE(AA26,"-",AO27),CONCATENATE(AA27,"-",AO27)) -> - | E27: =L26 -> Extensión y Proyección Social | F27: =AL26 -> 0 | G27: =AL27 -> 0 | H27: =IF(AA27="","P","R") -> P | AJ27: Fin
A28: =CONCATENATE("P-",AO28) -> P- | B28: =IF(AA29="",CONCATENATE(AA28,"-",L28),CONCATENATE(AA29,"-",L28)) -> -Emprendimiento | C28: =CONCATENATE(AO28," / ",AO29) -> / | D28: =IF(AA29="",CONCATENATE(AA28,"-",AO28),CONCATENATE(AA29,"-",AO28)) -> - | E28: =L28 -> Emprendimiento | F28: =AL28 -> 0 | G28: =AL29 -> 0 | H28: =IF(AA29="","P","R") -> P | K28: =IF(OR(L28="",L28="Reunión de Apertura",L28="Reunión de Cierre"),"*",COUNT(K$17:K27)+1) -> 5 | L28: Emprendimiento | S28: =IFERROR(VLOOKUP(L28,'Listas Desplegables'!B:D,3,0),"") -> Derly Vivian Valencia | W28: Monseñor Samuel Silverio | AG28: =IF(SUM(AL29-AL28)=0,"",AL29-AL28) | AJ28: Inicio | AW28: =K28 -> 5 | AX28: =IF(AA29="",AA28,AA29) -> 0 | AY28: =L28 -> Emprendimiento | AZ28: =S28 -> Derly Vivian Valencia | BA28: =AL28 -> 0 | BB28: =AL29 -> 0 | BC28: =AO28 -> 0 | BD28: =IF(AO29="","",AO29) | BE28: =IF(AD28="","",AD28) | BF28: =IF(OR(L28='Listas Desplegables'!$B$4,L28='Listas Desplegables'!$B$5),"",WORKDAY(AX28,7,'Listas Desplegables'!$J$11:$J$18)) -> 10
A29: =CONCATENATE("A-",AO29) -> A- | D29: =IF(AA29="",CONCATENATE(AA28,"-",AO29),CONCATENATE(AA29,"-",AO29)) -> - | E29: =L28 -> Emprendimiento | F29: =AL28 -> 0 | G29: =AL29 -> 0 | H29: =IF(AA29="","P","R") -> P | AJ29: Fin
A30: =CONCATENATE("P-",AO30) -> P- | B30: =IF(AA31="",CONCATENATE(AA30,"-",L30),CONCATENATE(AA31,"-",L30)) -> -Gestión de Egresados | C30: =CONCATENATE(AO30," / ",AO31) -> / | D30: =IF(AA31="",CONCATENATE(AA30,"-",AO30),CONCATENATE(AA31,"-",AO30)) -> - | E30: =L30 -> Gestión de Egresados | F30: =AL30 -> 0 | G30: =AL31 -> 0 | H30: =IF(AA31="","P","R") -> P | K30: =IF(OR(L30="",L30="Reunión de Apertura",L30="Reunión de Cierre"),"*",COUNT(K$17:K29)+1) -> 6 | L30: Gestión de Egresados | S30: =IFERROR(VLOOKUP(L30,'Listas Desplegables'!B:D,3,0),"") -> Gloria Patricia Castro | W30: Claustro San José | AG30: =IF(SUM(AL31-AL30)=0,"",AL31-AL30) | AJ30: Inicio | AW30: =K30 -> 6 | AX30: =IF(AA31="",AA30,AA31) -> 0 | AY30: =L30 -> Gestión de Egresados | AZ30: =S30 -> Gloria Patricia Castro | BA30: =AL30 -> 0 | BB30: =AL31 -> 0 | BC30: =AO30 -> 0 | BD30: =IF(AO31="","",AO31) | BE30: =IF(AD30="","",AD30) | BF30: =IF(OR(L30='Listas Desplegables'!$B$4,L30='Listas Desplegables'!$B$5),"",WORKDAY(AX30,7,'Listas Desplegables'!$J$11:$J$18)) -> 10
A31: =CONCATENATE("A-",AO31) -> A- | D31: =IF(AA31="",CONCATENATE(AA30,"-",AO31),CONCATENATE(AA31,"-",AO31)) -> - | E31: =L30 -> Gestión de Egresados | F31: =AL30 -> 0 | G31: =AL31 -> 0 | H31: =IF(AA31="","P","R") -> P | AJ31: Fin
A32: =CONCATENATE("P-",AO32) -> P- | B32: =IF(AA33="",CONCATENATE(AA32,"-",L32),CONCATENATE(AA33,"-",L32)) -> -Educación Continuada | C32: =CONCATENATE(AO32," / ",AO33) -> / | D32: =IF(AA33="",CONCATENATE(AA32,"-",AO32),CONCATENATE(AA33,"-",AO32)) -> - | E32: =L32 -> Educación Continuada | F32: =AL32 -> 0 | G32: =AL33 -> 0 | H32: =IF(AA33="","P","R") -> P | K32: =IF(OR(L32="",L32="Reunión de Apertura",L32="Reunión de Cierre"),"*",COUNT(K$17:K31)+1) -> 7 | L32: Educación Continuada | S32: =IFERROR(VLOOKUP(L32,'Listas Desplegables'!B:D,3,0),"") -> 0 | W32: Claustro San Camilo | AG32: =IF(SUM(AL33-AL32)=0,"",AL33-AL32) | AJ32: Inicio | AW32: =K32 -> 7 | AX32: =IF(AA33="",AA32,AA33) -> 0 | AY32: =L32 -> Educación Continuada | AZ32: =S32 -> 0 | BA32: =AL32 -> 0 | BB32: =AL33 -> 0 | BC32: =AO32 -> 0 | BD32: =IF(AO33="","",AO33) | BE32: =IF(AD32="","",AD32) | BF32: =IF(OR(L32='Listas Desplegables'!$B$4,L32='Listas Desplegables'!$B$5),"",WORKDAY(AX32,7,'Listas Desplegables'!$J$11:$J$18)) -> 10
A33: =CONCATENATE("A-",AO33) -> A- | D33: =IF(AA33="",CONCATENATE(AA32,"-",AO33),CONCATENATE(AA33,"-",AO33)) -> - | E33: =L32 -> Educación Continuada | F33: =AL32 -> 0 | G33: =AL33 -> 0 | H33: =IF(AA33="","P","R") -> P | AJ33: Fin
A34: =CONCATENATE("P-",AO34) -> P- | B34: =IF(AA35="",CONCATENATE(AA34,"-",L34),CONCATENATE(AA35,"-",L34)) -> -Escuela de Formación Para el TDH | C34: =CONCATENATE(AO34," / ",AO35) -> / | D34: =IF(AA35="",CONCATENATE(AA34,"-",AO34),CONCATENATE(AA35,"-",AO34)) -> - | E34: =L34 -> Escuela de Formación Para el TDH | F34: =AL34 -> 0 | G34: =AL35 -> 0 | H34: =IF(AA35="","P","R") -> P | K34: =IF(OR(L34="",L34="Reunión de Apertura",L34="Reunión de Cierre"),"*",COUNT(K$17:K33)+1) -> 8 | L34: Escuela de Formación Para el TDH | S34: =IFERROR(VLOOKUP(L34,'Listas Desplegables'!B:D,3,0),"") -> Juan Carlos Rojas | W34: Claustro San José | AG34: =IF(SUM(AL35-AL34)=0,"",AL35-AL34) | AJ34: Inicio | AW34: =K34 -> 8 | AX34: =IF(AA35="",AA34,AA35) -> 0 | AY34: =L34 -> Escuela de Formación Para el TDH | AZ34: =S34 -> Juan Carlos Rojas | BA34: =AL34 -> 0 | BB34: =AL35 -> 0 | BC34: =AO34 -> 0 | BD34: =IF(AO35="","",AO35) | BE34: =IF(AD34="","",AD34) | BF34: =IF(OR(L34='Listas Desplegables'!$B$4,L34='Listas Desplegables'!$B$5),"",WORKDAY(AX34,7,'Listas Desplegables'!$J$11:$J$18)) -> 10
A35: =CONCATENATE("A-",AO35) -> A- | D35: =IF(AA35="",CONCATENATE(AA34,"-",AO35),CONCATENATE(AA35,"-",AO35)) -> - | E35: =L34 -> Escuela de Formación Para el TDH | F35: =AL34 -> 0 | G35: =AL35 -> 0 | H35: =IF(AA35="","P","R") -> P | AJ35: Fin
A36: =CONCATENATE("P-",AO36) -> P- | B36: =IF(AA37="",CONCATENATE(AA36,"-",L36),CONCATENATE(AA37,"-",L36)) -> -Direccionamiento Estratégico | C36: =CONCATENATE(AO36," / ",AO37) -> / | D36: =IF(AA37="",CONCATENATE(AA36,"-",AO36),CONCATENATE(AA37,"-",AO36)) -> - | E36: =L36 -> Direccionamiento Estratégico | F36: =AL36 -> 0 | G36: =AL37 -> 0 | H36: =IF(AA37="","P","R") -> P | K36: =IF(OR(L36="",L36="Reunión de Apertura",L36="Reunión de Cierre"),"*",COUNT(K$17:K35)+1) -> 9 | L36: Direccionamiento Estratégico | S36: =IFERROR(VLOOKUP(L36,'Listas Desplegables'!B:D,3,0),"") -> Padre Danilo Díaz, cjm | W36: Claustro San José | AG36: =IF(SUM(AL37-AL36)=0,"",AL37-AL36) | AJ36: Inicio | AW36: =K36 -> 9 | AX36: =IF(AA37="",AA36,AA37) -> 0 | AY36: =L36 -> Direccionamiento Estratégico | AZ36: =S36 -> Padre Danilo Díaz, cjm | BA36: =AL36 -> 0 | BB36: =AL37 -> 0 | BC36: =AO36 -> 0 | BD36: =IF(AO37="","",AO37) | BE36: =IF(AD36="","",AD36) | BF36: =IF(OR(L36='Listas Desplegables'!$B$4,L36='Listas Desplegables'!$B$5),"",WORKDAY(AX36,7,'Listas Desplegables'!$J$11:$J$18)) -> 10
A37: =CONCATENATE("A-",AO37) -> A- | D37: =IF(AA37="",CONCATENATE(AA36,"-",AO37),CONCATENATE(AA37,"-",AO37)) -> - | E37: =L36 -> Direccionamiento Estratégico | F37: =AL36 -> 0 | G37: =AL37 -> 0 | H37: =IF(AA37="","P","R") -> P | AJ37: Fin
A38: =CONCATENATE("P-",AO38) -> P- | B38: =IF(AA39="",CONCATENATE(AA38,"-",L38),CONCATENATE(AA39,"-",L38)) -> -Planeación Institucional | C38: =CONCATENATE(AO38," / ",AO39) -> / | D38: =IF(AA39="",CONCATENATE(AA38,"-",AO38),CONCATENATE(AA39,"-",AO38)) -> - | E38: =L38 -> Planeación Institucional | F38: =AL38 -> 0 | G38: =AL39 -> 0 | H38: =IF(AA39="","P","R") -> P | K38: =IF(OR(L38="",L38="Reunión de Apertura",L38="Reunión de Cierre"),"*",COUNT(K$17:K37)+1) -> 10 | L38: Planeación Institucional | S38: =IFERROR(VLOOKUP(L38,'Listas Desplegables'!B:D,3,0),"") -> Sergio Lozano | W38: Claustro San José | AG38: =IF(SUM(AL39-AL38)=0,"",AL39-AL38) | AJ38: Inicio | AW38: =K38 -> 10 | AX38: =IF(AA39="",AA38,AA39) -> 0 | AY38: =L38 -> Planeación Institucional | AZ38: =S38 -> Sergio Lozano | BA38: =AL38 -> 0 | BB38: =AL39 -> 0 | BC38: =AO38 -> 0 | BD38: =IF(AO39="","",AO39) | BE38: =IF(AD38="","",AD38) | BF38: =IF(OR(L38='Listas Desplegables'!$B$4,L38='Listas Desplegables'!$B$5),"",WORKDAY(AX38,7,'Listas Desplegables'!$J$11:$J$18)) -> 10
A39: =CONCATENATE("A-",AO39) -> A- | D39: =IF(AA39="",CONCATENATE(AA38,"-",AO39),CONCATENATE(AA39,"-",AO39)) -> - | E39: =L38 -> Planeación Institucional | F39: =AL38 -> 0 | G39: =AL39 -> 0 | H39: =IF(AA39="","P","R") -> P | AJ39: Fin
A40: =CONCATENATE("P-",AO40) -> P- | B40: =IF(AA41="",CONCATENATE(AA40,"-",L40),CONCATENATE(AA41,"-",L40)) -> -Gestión de Sistemas de Información | C40: =CONCATENATE(AO40," / ",AO41) -> / | D40: =IF(AA41="",CONCATENATE(AA40,"-",AO40),CONCATENATE(AA41,"-",AO40)) -> - | E40: =L40 -> Gestión de Sistemas de Información | F40: =AL40 -> 0 | G40: =AL41 -> 0 | H40: =IF(AA41="","P","R") -> P | K40: =IF(OR(L40="",L40="Reunión de Apertura",L40="Reunión de Cierre"),"*",COUNT(K$17:K39)+1) -> 11 | L40: Gestión de Sistemas de Información | S40: =IFERROR(VLOOKUP(L40,'Listas Desplegables'!B:D,3,0),"") -> Luis Emiro Mosquera | W40: Claustro San José | AG40: =IF(SUM(AL41-AL40)=0,"",AL41-AL40) | AJ40: Inicio | AW40: =K40 -> 11 | AX40: =IF(AA41="",AA40,AA41) -> 0 | AY40: =L40 -> Gestión de Sistemas de Información | AZ40: =S40 -> Luis Emiro Mosquera | BA40: =AL40 -> 0 | BB40: =AL41 -> 0 | BC40: =AO40 -> 0 | BD40: =IF(AO41="","",AO41) | BE40: =IF(AD40="","",AD40) | BF40: =IF(OR(L40='Listas Desplegables'!$B$4,L40='Listas Desplegables'!$B$5),"",WORKDAY(AX40,7,'Listas Desplegables'!$J$11:$J$18)) -> 10
A41: =CONCATENATE("A-",AO41) -> A- | D41: =IF(AA41="",CONCATENATE(AA40,"-",AO41),CONCATENATE(AA41,"-",AO41)) -> - | E41: =L40 -> Gestión de Sistemas de Información | F41: =AL40 -> 0 | G41: =AL41 -> 0 | H41: =IF(AA41="","P","R") -> P | AJ41: Fin
A42: =CONCATENATE("P-",AO42) -> P- | B42: =IF(AA43="",CONCATENATE(AA42,"-",L42),CONCATENATE(AA43,"-",L42)) -> -Gestión de Proyectos Institucionales | C42: =CONCATENATE(AO42," / ",AO43) -> / | D42: =IF(AA43="",CONCATENATE(AA42,"-",AO42),CONCATENATE(AA43,"-",AO42)) -> - | E42: =L42 -> Gestión de Proyectos Institucionales | F42: =AL42 -> 0 | G42: =AL43 -> 0 | H42: =IF(AA43="","P","R") -> P | K42: =IF(OR(L42="",L42="Reunión de Apertura",L42="Reunión de Cierre"),"*",COUNT(K$17:K41)+1) -> 12 | L42: Gestión de Proyectos Institucionales | S42: Luz Mery Lopez | W42: Claustro San José | AG42: =IF(SUM(AL43-AL42)=0,"",AL43-AL42) | AJ42: Inicio | AW42: =K42 -> 12 | AX42: =IF(AA43="",AA42,AA43) -> 0 | AY42: =L42 -> Gestión de Proyectos Institucionales | AZ42: =S42 -> Luz Mery Lopez | BA42: =AL42 -> 0 | BB42: =AL43 -> 0 | BC42: =AO42 -> 0 | BD42: =IF(AO43="","",AO43) | BE42: =IF(AD42="","",AD42) | BF42: =IF(OR(L42='Listas Desplegables'!$B$4,L42='Listas Desplegables'!$B$5),"",WORKDAY(AX42,7,'Listas Desplegables'!$J$11:$J$18)) -> 10
A43: =CONCATENATE("A-",AO43) -> A- | D43: =IF(AA43="",CONCATENATE(AA42,"-",AO43),CONCATENATE(AA43,"-",AO43)) -> - | E43: =L42 -> Gestión de Proyectos Institucionales | F43: =AL42 -> 0 | G43: =AL43 -> 0 | H43: =IF(AA43="","P","R") -> P | AJ43: Fin
A44: =CONCATENATE("P-",AO44) -> P- | B44: =IF(AA45="",CONCATENATE(AA44,"-",L44),CONCATENATE(AA45,"-",L44)) -> -Calidad Institucional | C44: =CONCATENATE(AO44," / ",AO45) -> / | D44: =IF(AA45="",CONCATENATE(AA44,"-",AO44),CONCATENATE(AA45,"-",AO44)) -> - | E44: =L44 -> Calidad Institucional | F44: =AL44 -> 0 | G44: =AL45 -> 0 | H44: =IF(AA45="","P","R") -> P | K44: =IF(OR(L44="",L44="Reunión de Apertura",L44="Reunión de Cierre"),"*",COUNT(K$17:K43)+1) -> 13 | L44: Calidad Institucional | S44: =IFERROR(VLOOKUP(L44,'Listas Desplegables'!B:D,3,0),"") -> Maria Camila Toro Gonzalez | W44: Claustro San José | AG44: =IF(SUM(AL45-AL44)=0,"",AL45-AL44) | AJ44: Inicio | AW44: =K44 -> 13 | AX44: =IF(AA45="",AA44,AA45) -> 0 | AY44: =L44 -> Calidad Institucional | AZ44: =S44 -> Maria Camila Toro Gonzalez | BA44: =AL44 -> 0 | BB44: =AL45 -> 0 | BC44: =AO44 -> 0 | BD44: =IF(AO45="","",AO45) | BE44: =IF(AD44="","",AD44) | BF44: =IF(OR(L44='Listas Desplegables'!$B$4,L44='Listas Desplegables'!$B$5),"",WORKDAY(AX44,7,'Listas Desplegables'!$J$11:$J$18)) -> 10
A45: =CONCATENATE("A-",AO45) -> A- | D45: =IF(AA45="",CONCATENATE(AA44,"-",AO45),CONCATENATE(AA45,"-",AO45)) -> - | E45: =L44 -> Calidad Institucional | F45: =AL44 -> 0 | G45: =AL45 -> 0 | H45: =IF(AA45="","P","R") -> P | AJ45: Fin
A46: =CONCATENATE("P-",AO46) -> P- | B46: =IF(AA47="",CONCATENATE(AA46,"-",L46),CONCATENATE(AA47,"-",L46)) -> -Autoevaluación Institucional | C46: =CONCATENATE(AO46," / ",AO47) -> / | D46: =IF(AA47="",CONCATENATE(AA46,"-",AO46),CONCATENATE(AA47,"-",AO46)) -> - | E46: =L46 -> Autoevaluación Institucional | F46: =AL46 -> 0 | G46: =AL47 -> 0 | H46: =IF(AA47="","P","R") -> P | K46: =IF(OR(L46="",L46="Reunión de Apertura",L46="Reunión de Cierre"),"*",COUNT(K$17:K45)+1) -> 14 | L46: Autoevaluación Institucional | S46: =IFERROR(VLOOKUP(L46,'Listas Desplegables'!B:D,3,0),"") -> Luisa Marcela Toro Medina | W46: Claustro San José | AG46: =IF(SUM(AL47-AL46)=0,"",AL47-AL46) | AJ46: Inicio | AW46: =K46 -> 14 | AX46: =IF(AA47="",AA46,AA47) -> 0 | AY46: =L46 -> Autoevaluación Institucional | AZ46: =S46 -> Luisa Marcela Toro Medina | BA46: =AL46 -> 0 | BB46: =AL47 -> 0 | BC46: =AO46 -> 0 | BD46: =IF(AO47="","",AO47) | BE46: =IF(AD46="","",AD46) | BF46: =IF(OR(L46='Listas Desplegables'!$B$4,L46='Listas Desplegables'!$B$5),"",WORKDAY(AX46,7,'Listas Desplegables'!$J$11:$J$18)) -> 10
A47: =CONCATENATE("A-",AO47) -> A- | D47: =IF(AA47="",CONCATENATE(AA46,"-",AO47),CONCATENATE(AA47,"-",AO47)) -> - | E47: =L46 -> Autoevaluación Institucional | F47: =AL46 -> 0 | G47: =AL47 -> 0 | H47: =IF(AA47="","P","R") -> P | AJ47: Fin
A48: =CONCATENATE("P-",AO48) -> P- | B48: =IF(AA49="",CONCATENATE(AA48,"-",L48),CONCATENATE(AA49,"-",L48)) -> -Registro Calificado | C48: =CONCATENATE(AO48," / ",AO49) -> / | D48: =IF(AA49="",CONCATENATE(AA48,"-",AO48),CONCATENATE(AA49,"-",AO48)) -> - | E48: =L48 -> Registro Calificado | F48: =AL48 -> 0 | G48: =AL49 -> 0 | H48: =IF(AA49="","P","R") -> P | K48: =IF(OR(L48="",L48="Reunión de Apertura",L48="Reunión de Cierre"),"*",COUNT(K$17:K47)+1) -> 15 | L48: Registro Calificado | S48: =IFERROR(VLOOKUP(L48,'Listas Desplegables'!B:D,3,0),"") -> Yaqueline Rivera Lopez | W48: Claustro San José | AG48: =IF(SUM(AL49-AL48)=0,"",AL49-AL48) | AJ48: Inicio | AW48: =K48 -> 15 | AX48: =IF(AA49="",AA48,AA49) -> 0 | AY48: =L48 -> Registro Calificado | AZ48: =S48 -> Yaqueline Rivera Lopez | BA48: =AL48 -> 0 | BB48: =AL49 -> 0 | BC48: =AO48 -> 0 | BD48: =IF(AO49="","",AO49) | BE48: =IF(AD48="","",AD48) | BF48: =IF(OR(L48='Listas Desplegables'!$B$4,L48='Listas Desplegables'!$B$5),"",WORKDAY(AX48,7,'Listas Desplegables'!$J$11:$J$18)) -> 10
A49: =CONCATENATE("A-",AO49) -> A- | D49: =IF(AA49="",CONCATENATE(AA48,"-",AO49),CONCATENATE(AA49,"-",AO49)) -> - | E49: =L48 -> Registro Calificado | F49: =AL48 -> 0 | G49: =AL49 -> 0 | H49: =IF(AA49="","P","R") -> P | AJ49: Fin
A50: =CONCATENATE("P-",AO50) -> P- | B50: =IF(AA51="",CONCATENATE(AA50,"-",L50),CONCATENATE(AA51,"-",L50)) -> -Relaciones Interinstitucionales-ORI | C50: =CONCATENATE(AO50," / ",AO51) -> / | D50: =IF(AA51="",CONCATENATE(AA50,"-",AO50),CONCATENATE(AA51,"-",AO50)) -> - | E50: =L50 -> Relaciones Interinstitucionales-ORI | F50: =AL50 -> 0 | G50: =AL51 -> 0 | H50: =IF(AA51="","P","R") -> P | K50: =IF(OR(L50="",L50="Reunión de Apertura",L50="Reunión de Cierre"),"*",COUNT(K$17:K49)+1) -> 16 | L50: Relaciones Interinstitucionales-ORI | S50: =IFERROR(VLOOKUP(L50,'Listas Desplegables'!B:D,3,0),"") -> Sonia del Consuelo Gaviria | W50: Claustro San José | AG50: =IF(SUM(AL51-AL50)=0,"",AL51-AL50) | AJ50: Inicio | AW50: =K50 -> 16 | AX50: =IF(AA51="",AA50,AA51) -> 0 | AY50: =L50 -> Relaciones Interinstitucionales-ORI | AZ50: =S50 -> Sonia del Consuelo Gaviria | BA50: =AL50 -> 0 | BB50: =AL51 -> 0 | BC50: =AO50 -> 0 | BD50: =IF(AO51="","",AO51) | BE50: =IF(AD50="","",AD50) | BF50: =IF(OR(L50='Listas Desplegables'!$B$4,L50='Listas Desplegables'!$B$5),"",WORKDAY(AX50,7,'Listas Desplegables'!$J$11:$J$18)) -> 10
A51: =CONCATENATE("A-",AO51) -> A- | D51: =IF(AA51="",CONCATENATE(AA50,"-",AO51),CONCATENATE(AA51,"-",AO51)) -> - | E51: =L50 -> Relaciones Interinstitucionales-ORI | F51: =AL50 -> 0 | G51: =AL51 -> 0 | H51: =IF(AA51="","P","R") -> P | AJ51: Fin
A52: =CONCATENATE("P-",AO52) -> P- | B52: =IF(AA53="",CONCATENATE(AA52,"-",L52),CONCATENATE(AA53,"-",L52)) -> -Mercadeo-Admisiones | C52: =CONCATENATE(AO52," / ",AO53) -> / | D52: =IF(AA53="",CONCATENATE(AA52,"-",AO52),CONCATENATE(AA53,"-",AO52)) -> - | E52: =L52 -> Mercadeo-Admisiones | F52: =AL52 -> 0 | G52: =AL53 -> 0 | H52: =IF(AA53="","P","R") -> P | K52: =IF(OR(L52="",L52="Reunión de Apertura",L52="Reunión de Cierre"),"*",COUNT(K$17:K51)+1) -> 17 | L52: Mercadeo-Admisiones | S52: =IFERROR(VLOOKUP(L52,'Listas Desplegables'!B:D,3,0),"") -> Maria Alejandra Lopez Collazos | W52: Claustro San Camilo | AG52: =IF(SUM(AL53-AL52)=0,"",AL53-AL52) | AJ52: Inicio | AW52: =K52 -> 17 | AX52: =IF(AA53="",AA52,AA53) -> 0 | AY52: =L52 -> Mercadeo-Admisiones | AZ52: =S52 -> Maria Alejandra Lopez Collazos | BA52: =AL52 -> 0 | BB52: =AL53 -> 0 | BC52: =AO52 -> 0 | BD52: =IF(AO53="","",AO53) | BE52: =IF(AD52="","",AD52) | BF52: =IF(OR(L52='Listas Desplegables'!$B$4,L52='Listas Desplegables'!$B$5),"",WORKDAY(AX52,7,'Listas Desplegables'!$J$11:$J$18)) -> 10
A53: =CONCATENATE("A-",AO53) -> A- | D53: =IF(AA53="",CONCATENATE(AA52,"-",AO53),CONCATENATE(AA53,"-",AO53)) -> - | E53: =L52 -> Mercadeo-Admisiones | F53: =AL52 -> 0 | G53: =AL53 -> 0 | H53: =IF(AA53="","P","R") -> P | AJ53: Fin
A54: =CONCATENATE("P-",AO54) -> P- | B54: =IF(AA55="",CONCATENATE(AA54,"-",L54),CONCATENATE(AA55,"-",L54)) -> -Comunicaciones Institucional | C54: =CONCATENATE(AO54," / ",AO55) -> / | D54: =IF(AA55="",CONCATENATE(AA54,"-",AO54),CONCATENATE(AA55,"-",AO54)) -> - | E54: =L54 -> Comunicaciones Institucional | F54: =AL54 -> 0 | G54: =AL55 -> 0 | H54: =IF(AA55="","P","R") -> P | K54: =IF(OR(L54="",L54="Reunión de Apertura",L54="Reunión de Cierre"),"*",COUNT(K$17:K53)+1) -> 18 | L54: Comunicaciones Institucional | S54: =IFERROR(VLOOKUP(L54,'Listas Desplegables'!B:D,3,0),"") -> Fabian Fernando Pasaje | W54: Claustro San José | AG54: =IF(SUM(AL55-AL54)=0,"",AL55-AL54) | AJ54: Inicio | AW54: =K54 -> 18 | AX54: =IF(AA55="",AA54,AA55) -> 0 | AY54: =L54 -> Comunicaciones Institucional | AZ54: =S54 -> Fabian Fernando Pasaje | BA54: =AL54 -> 0 | BB54: =AL55 -> 0 | BC54: =AO54 -> 0 | BD54: =IF(AO55="","",AO55) | BE54: =IF(AD54="","",AD54) | BF54: =IF(OR(L54='Listas Desplegables'!$B$4,L54='Listas Desplegables'!$B$5),"",WORKDAY(AX54,7,'Listas Desplegables'!$J$11:$J$18)) -> 10
A55: =CONCATENATE("A-",AO55) -> A- | D55: =IF(AA55="",CONCATENATE(AA54,"-",AO55),CONCATENATE(AA55,"-",AO55)) -> - | E55: =L54 -> Comunicaciones Institucional | F55: =AL54 -> 0 | G55: =AL55 -> 0 | H55: =IF(AA55="","P","R") -> P | AJ55: Fin
A56: =CONCATENATE("P-",AO56) -> P- | B56: =IF(AA57="",CONCATENATE(AA56,"-",L56),CONCATENATE(AA57,"-",L56)) -> -Bienestar Institucional | C56: =CONCATENATE(AO56," / ",AO57) -> / | D56: =IF(AA57="",CONCATENATE(AA56,"-",AO56),CONCATENATE(AA57,"-",AO56)) -> - | E56: =L56 -> Bienestar Institucional | F56: =AL56 -> 0 | G56: =AL57 -> 0 | H56: =IF(AA57="","P","R") -> P | K56: =IF(OR(L56="",L56="Reunión de Apertura",L56="Reunión de Cierre"),"*",COUNT(K$17:K55)+1) -> 19 | L56: Bienestar Institucional | S56: =IFERROR(VLOOKUP(L56,'Listas Desplegables'!B:D,3,0),"") -> Vanessa Zuñiga | W56: Claustro San José | AG56: =IF(SUM(AL57-AL56)=0,"",AL57-AL56) | AJ56: Inicio | AW56: =K56 -> 19 | AX56: =IF(AA57="",AA56,AA57) -> 0 | AY56: =L56 -> Bienestar Institucional | AZ56: =S56 -> Vanessa Zuñiga | BA56: =AL56 -> 0 | BB56: =AL57 -> 0 | BC56: =AO56 -> 0 | BD56: =IF(AO57="","",AO57) | BE56: =IF(AD56="","",AD56) | BF56: =IF(OR(L56='Listas Desplegables'!$B$4,L56='Listas Desplegables'!$B$5),"",WORKDAY(AX56,7,'Listas Desplegables'!$J$11:$J$18)) -> 10
A57: =CONCATENATE("A-",AO57) -> A- | D57: =IF(AA57="",CONCATENATE(AA56,"-",AO57),CONCATENATE(AA57,"-",AO57)) -> - | E57: =L56 -> Bienestar Institucional | F57: =AL56 -> 0 | G57: =AL57 -> 0 | H57: =IF(AA57="","P","R") -> P | AJ57: Fin
A58: =CONCATENATE("P-",AO58) -> P- | B58: =IF(AA59="",CONCATENATE(AA58,"-",L58),CONCATENATE(AA59,"-",L58)) -> -Gestión del Talento Humano | C58: =CONCATENATE(AO58," / ",AO59) -> / | D58: =IF(AA59="",CONCATENATE(AA58,"-",AO58),CONCATENATE(AA59,"-",AO58)) -> - | E58: =L58 -> Gestión del Talento Humano | F58: =AL58 -> 0 | G58: =AL59 -> 0 | H58: =IF(AA59="","P","R") -> P | K58: =IF(OR(L58="",L58="Reunión de Apertura",L58="Reunión de Cierre"),"*",COUNT(K$17:K57)+1) -> 20 | L58: Gestión del Talento Humano | S58: =IFERROR(VLOOKUP(L58,'Listas Desplegables'!B:D,3,0),"") -> Tatiana Dulcey Mojica | W58: Claustro San Camilo | AG58: =IF(SUM(AL59-AL58)=0,"",AL59-AL58) | AJ58: Inicio | AW58: =K58 -> 20 | AX58: =IF(AA59="",AA58,AA59) -> 0 | AY58: =L58 -> Gestión del Talento Humano | AZ58: =S58 -> Tatiana Dulcey Mojica | BA58: =AL58 -> 0 | BB58: =AL59 -> 0 | BC58: =AO58 -> 0 | BD58: =IF(AO59="","",AO59) | BE58: =IF(AD58="","",AD58) | BF58: =IF(OR(L58='Listas Desplegables'!$B$4,L58='Listas Desplegables'!$B$5),"",WORKDAY(AX58,7,'Listas Desplegables'!$J$11:$J$18)) -> 10
A59: =CONCATENATE("A-",AO59) -> A- | D59: =IF(AA59="",CONCATENATE(AA58,"-",AO59),CONCATENATE(AA59,"-",AO59)) -> - | E59: =L58 -> Gestión del Talento Humano | F59: =AL58 -> 0 | G59: =AL59 -> 0 | H59: =IF(AA59="","P","R") -> P | AJ59: Fin
A60: =CONCATENATE("P-",AO60) -> P- | B60: =IF(AA61="",CONCATENATE(AA60,"-",L60),CONCATENATE(AA61,"-",L60)) -> -Gestión de SST | C60: =CONCATENATE(AO60," / ",AO61) -> / | D60: =IF(AA61="",CONCATENATE(AA60,"-",AO60),CONCATENATE(AA61,"-",AO60)) -> - | E60: =L60 -> Gestión de SST | F60: =AL60 -> 0 | G60: =AL61 -> 0 | H60: =IF(AA61="","P","R") -> P | K60: =IF(OR(L60="",L60="Reunión de Apertura",L60="Reunión de Cierre"),"*",COUNT(K$17:K59)+1) -> 21 | L60: Gestión de SST | S60: =IFERROR(VLOOKUP(L60,'Listas Desplegables'!B:D,3,0),"") -> Laura Maria Olarte Zuñiga | W60: Claustro San Camilo | AG60: =IF(SUM(AL61-AL60)=0,"",AL61-AL60) | AJ60: Inicio | AW60: =K60 -> 21 | AX60: =IF(AA61="",AA60,AA61) -> 0 | AY60: =L60 -> Gestión de SST | AZ60: =S60 -> Laura Maria Olarte Zuñiga | BA60: =AL60 -> 0 | BB60: =AL61 -> 0 | BC60: =AO60 -> 0 | BD60: =IF(AO61="","",AO61) | BE60: =IF(AD60="","",AD60) | BF60: =IF(OR(L60='Listas Desplegables'!$B$4,L60='Listas Desplegables'!$B$5),"",WORKDAY(AX60,7,'Listas Desplegables'!$J$11:$J$18)) -> 10
A61: =CONCATENATE("A-",AO61) -> A- | D61: =IF(AA61="",CONCATENATE(AA60,"-",AO61),CONCATENATE(AA61,"-",AO61)) -> - | E61: =L60 -> Gestión de SST | F61: =AL60 -> 0 | G61: =AL61 -> 0 | H61: =IF(AA61="","P","R") -> P | AJ61: Fin
A62: =CONCATENATE("P-",AO62) -> P- | B62: =IF(AA63="",CONCATENATE(AA62,"-",L62),CONCATENATE(AA63,"-",L62)) -> -Gestión Financiera | C62: =CONCATENATE(AO62," / ",AO63) -> / | D62: =IF(AA63="",CONCATENATE(AA62,"-",AO62),CONCATENATE(AA63,"-",AO62)) -> - | E62: =L62 -> Gestión Financiera | F62: =AL62 -> 0 | G62: =AL63 -> 0 | H62: =IF(AA63="","P","R") -> P | K62: =IF(OR(L62="",L62="Reunión de Apertura",L62="Reunión de Cierre"),"*",COUNT(K$17:K61)+1) -> 22 | L62: Gestión Financiera | S62: =IFERROR(VLOOKUP(L62,'Listas Desplegables'!B:D,3,0),"") -> Fernando Solis Escobar | AG62: =IF(SUM(AL63-AL62)=0,"",AL63-AL62) | AJ62: Inicio | AW62: =K62 -> 22 | AX62: =IF(AA63="",AA62,AA63) -> 0 | AY62: =L62 -> Gestión Financiera | AZ62: =S62 -> Fernando Solis Escobar | BA62: =AL62 -> 0 | BB62: =AL63 -> 0 | BC62: =AO62 -> 0 | BD62: =IF(AO63="","",AO63) | BE62: =IF(AD62="","",AD62) | BF62: =IF(OR(L62='Listas Desplegables'!$B$4,L62='Listas Desplegables'!$B$5),"",WORKDAY(AX62,7,'Listas Desplegables'!$J$11:$J$18)) -> 10
A63: =CONCATENATE("A-",AO63) -> A- | D63: =IF(AA63="",CONCATENATE(AA62,"-",AO63),CONCATENATE(AA63,"-",AO63)) -> - | E63: =L62 -> Gestión Financiera | F63: =AL62 -> 0 | G63: =AL63 -> 0 | H63: =IF(AA63="","P","R") -> P | AJ63: Fin
A64: =CONCATENATE("P-",AO64) -> P- | B64: =IF(AA65="",CONCATENATE(AA64,"-",L64),CONCATENATE(AA65,"-",L64)) -> -Gestión Administratva | C64: =CONCATENATE(AO64," / ",AO65) -> / | D64: =IF(AA65="",CONCATENATE(AA64,"-",AO64),CONCATENATE(AA65,"-",AO64)) -> - | E64: =L64 -> Gestión Administratva | F64: =AL64 -> 0 | G64: =AL65 -> 0 | H64: =IF(AA65="","P","R") -> P | K64: =IF(OR(L64="",L64="Reunión de Apertura",L64="Reunión de Cierre"),"*",COUNT(K$17:K63)+1) -> 23 | L64: Gestión Administratva | S64: =IFERROR(VLOOKUP(L64,'Listas Desplegables'!B:D,3,0),"") -> Lorena Montilla Ortega | AG64: =IF(SUM(AL65-AL64)=0,"",AL65-AL64) | AJ64: Inicio | AW64: =K64 -> 23 | AX64: =IF(AA65="",AA64,AA65) -> 0 | AY64: =L64 -> Gestión Administratva | AZ64: =S64 -> Lorena Montilla Ortega | BA64: =AL64 -> 0 | BB64: =AL65 -> 0 | BC64: =AO64 -> 0 | BD64: =IF(AO65="","",AO65) | BE64: =IF(AD64="","",AD64) | BF64: =IF(OR(L64='Listas Desplegables'!$B$4,L64='Listas Desplegables'!$B$5),"",WORKDAY(AX64,7,'Listas Desplegables'!$J$11:$J$18)) -> 10
A65: =CONCATENATE("A-",AO65) -> A- | D65: =IF(AA65="",CONCATENATE(AA64,"-",AO65),CONCATENATE(AA65,"-",AO65)) -> - | E65: =L64 -> Gestión Administratva | F65: =AL64 -> 0 | G65: =AL65 -> 0 | H65: =IF(AA65="","P","R") -> P | AJ65: Fin
A66: =CONCATENATE("P-",AO66) -> P- | B66: =IF(AA67="",CONCATENATE(AA66,"-",L66),CONCATENATE(AA67,"-",L66)) -> -Gestión Contable y Tesoreria | C66: =CONCATENATE(AO66," / ",AO67) -> / | D66: =IF(AA67="",CONCATENATE(AA66,"-",AO66),CONCATENATE(AA67,"-",AO66)) -> - | E66: =L66 -> Gestión Contable y Tesoreria | F66: =AL66 -> 0 | G66: =AL67 -> 0 | H66: =IF(AA67="","P","R") -> P | K66: =IF(OR(L66="",L66="Reunión de Apertura",L66="Reunión de Cierre"),"*",COUNT(K$17:K65)+1) -> 24 | L66: Gestión Contable y Tesoreria | S66: =IFERROR(VLOOKUP(L66,'Listas Desplegables'!B:D,3,0),"") -> Julio Cesar Garcia | AG66: =IF(SUM(AL67-AL66)=0,"",AL67-AL66) | AJ66: Inicio | AW66: =K66 -> 24 | AX66: =IF(AA67="",AA66,AA67) -> 0 | AY66: =L66 -> Gestión Contable y Tesoreria | AZ66: =S66 -> Julio Cesar Garcia | BA66: =AL66 -> 0 | BB66: =AL67 -> 0 | BC66: =AO66 -> 0 | BD66: =IF(AO67="","",AO67) | BE66: =IF(AD66="","",AD66) | BF66: =IF(OR(L66='Listas Desplegables'!$B$4,L66='Listas Desplegables'!$B$5),"",WORKDAY(AX66,7,'Listas Desplegables'!$J$11:$J$18)) -> 10
A67: =CONCATENATE("A-",AO67) -> A- | D67: =IF(AA67="",CONCATENATE(AA66,"-",AO67),CONCATENATE(AA67,"-",AO67)) -> - | E67: =L66 -> Gestión Contable y Tesoreria | F67: =AL66 -> 0 | G67: =AL67 -> 0 | H67: =IF(AA67="","P","R") -> P | AJ67: Fin
A68: =CONCATENATE("P-",AO68) -> P- | B68: =IF(AA69="",CONCATENATE(AA68,"-",L68),CONCATENATE(AA69,"-",L68)) -> -Gestión Legal | C68: =CONCATENATE(AO68," / ",AO69) -> / | D68: =IF(AA69="",CONCATENATE(AA68,"-",AO68),CONCATENATE(AA69,"-",AO68)) -> - | E68: =L68 -> Gestión Legal | F68: =AL68 -> 0 | G68: =AL69 -> 0 | H68: =IF(AA69="","P","R") -> P | K68: =IF(OR(L68="",L68="Reunión de Apertura",L68="Reunión de Cierre"),"*",COUNT(K$17:K67)+1) -> 25 | L68: Gestión Legal | S68: =IFERROR(VLOOKUP(L68,'Listas Desplegables'!B:D,3,0),"") -> Luz Angela Ordoñez | W68: Claustro San José | AG68: =IF(SUM(AL69-AL68)=0,"",AL69-AL68) | AJ68: Inicio | AW68: =K68 -> 25 | AX68: =IF(AA69="",AA68,AA69) -> 0 | AY68: =L68 -> Gestión Legal | AZ68: =S68 -> Luz Angela Ordoñez | BA68: =AL68 -> 0 | BB68: =AL69 -> 0 | BC68: =AO68 -> 0 | BD68: =IF(AO69="","",AO69) | BE68: =IF(AD68="","",AD68) | BF68: =IF(OR(L68='Listas Desplegables'!$B$4,L68='Listas Desplegables'!$B$5),"",WORKDAY(AX68,7,'Listas Desplegables'!$J$11:$J$18)) -> 10
A69: =CONCATENATE("A-",AO69) -> A- | D69: =IF(AA69="",CONCATENATE(AA68,"-",AO69),CONCATENATE(AA69,"-",AO69)) -> - | E69: =L68 -> Gestión Legal | F69: =AL68 -> 0 | G69: =AL69 -> 0 | H69: =IF(AA69="","P","R") -> P | AJ69: Fin
A70: =CONCATENATE("P-",AO70) -> P- | B70: =IF(AA71="",CONCATENATE(AA70,"-",L70),CONCATENATE(AA71,"-",L70)) -> -Gestión Documental | C70: =CONCATENATE(AO70," / ",AO71) -> / | D70: =IF(AA71="",CONCATENATE(AA70,"-",AO70),CONCATENATE(AA71,"-",AO70)) -> - | E70: =L70 -> Gestión Documental | F70: =AL70 -> 0 | G70: =AL71 -> 0 | H70: =IF(AA71="","P","R") -> P | K70: =IF(OR(L70="",L70="Reunión de Apertura",L70="Reunión de Cierre"),"*",COUNT(K$17:K69)+1) -> 26 | L70: Gestión Documental | S70: =IFERROR(VLOOKUP(L70,'Listas Desplegables'!B:D,3,0),"") -> Victor Daniel Collazos | W70: Claustro San Camilo | AG70: =IF(SUM(AL71-AL70)=0,"",AL71-AL70) | AJ70: Inicio | AW70: =K70 -> 26 | AX70: =IF(AA71="",AA70,AA71) -> 0 | AY70: =L70 -> Gestión Documental | AZ70: =S70 -> Victor Daniel Collazos | BA70: =AL70 -> 0 | BB70: =AL71 -> 0 | BC70: =AO70 -> 0 | BD70: =IF(AO71="","",AO71) | BE70: =IF(AD70="","",AD70) | BF70: =IF(OR(L70='Listas Desplegables'!$B$4,L70='Listas Desplegables'!$B$5),"",WORKDAY(AX70,7,'Listas Desplegables'!$J$11:$J$18)) -> 10
A71: =CONCATENATE("A-",AO71) -> A- | D71: =IF(AA71="",CONCATENATE(AA70,"-",AO71),CONCATENATE(AA71,"-",AO71)) -> - | E71: =L70 -> Gestión Documental | F71: =AL70 -> 0 | G71: =AL71 -> 0 | H71: =IF(AA71="","P","R") -> P | AJ71: Fin
A72: =CONCATENATE("P-",AO72) -> P- | B72: =IF(AA73="",CONCATENATE(AA72,"-",L72),CONCATENATE(AA73,"-",L72)) -> -Recursos Educativos | C72: =CONCATENATE(AO72," / ",AO73) -> / | D72: =IF(AA73="",CONCATENATE(AA72,"-",AO72),CONCATENATE(AA73,"-",AO72)) -> - | E72: =L72 -> Recursos Educativos | F72: =AL72 -> 0 | G72: =AL73 -> 0 | H72: =IF(AA73="","P","R") -> P | K72: =IF(OR(L72="",L72="Reunión de Apertura",L72="Reunión de Cierre"),"*",COUNT(K$17:K71)+1) -> 27 | L72: Recursos Educativos | S72: =IFERROR(VLOOKUP(L72,'Listas Desplegables'!B:D,3,0),"") -> Martha Balcazar / Arnol Arias | W72: Claustro San José | AG72: =IF(SUM(AL73-AL72)=0,"",AL73-AL72) | AJ72: Inicio | AW72: =K72 -> 27 | AX72: =IF(AA73="",AA72,AA73) -> 0 | AY72: =L72 -> Recursos Educativos | AZ72: =S72 -> Martha Balcazar / Arnol Arias | BA72: =AL72 -> 0 | BB72: =AL73 -> 0 | BC72: =AO72 -> 0 | BD72: =IF(AO73="","",AO73) | BE72: =IF(AD72="","",AD72) | BF72: =IF(OR(L72='Listas Desplegables'!$B$4,L72='Listas Desplegables'!$B$5),"",WORKDAY(AX72,7,'Listas Desplegables'!$J$11:$J$18)) -> 10
A73: =CONCATENATE("A-",AO73) -> A- | D73: =IF(AA73="",CONCATENATE(AA72,"-",AO73),CONCATENATE(AA73,"-",AO73)) -> - | E73: =L72 -> Recursos Educativos | F73: =AL72 -> 0 | G73: =AL73 -> 0 | H73: =IF(AA73="","P","R") -> P | AJ73: Fin
A74: =CONCATENATE("P-",AO74) -> P- | B74: =IF(AA75="",CONCATENATE(AA74,"-",L74),CONCATENATE(AA75,"-",L74)) -> -Recursos tecnológicos | C74: =CONCATENATE(AO74," / ",AO75) -> / | D74: =IF(AA75="",CONCATENATE(AA74,"-",AO74),CONCATENATE(AA75,"-",AO74)) -> - | E74: =L74 -> Recursos tecnológicos | F74: =AL74 -> 0 | G74: =AL75 -> 0 | H74: =IF(AA75="","P","R") -> P | K74: =IF(OR(L74="",L74="Reunión de Apertura",L74="Reunión de Cierre"),"*",COUNT(K$17:K73)+1) -> 28 | L74: Recursos tecnológicos | S74: =IFERROR(VLOOKUP(L74,'Listas Desplegables'!B:D,3,0),"") -> Wilmer Urrea | W74: Claustro San José | AG74: =IF(SUM(AL75-AL74)=0,"",AL75-AL74) | AJ74: Inicio | AW74: =K74 -> 28 | AX74: =IF(AA75="",AA74,AA75) -> 0 | AY74: =L74 -> Recursos tecnológicos | AZ74: =S74 -> Wilmer Urrea | BA74: =AL74 -> 0 | BB74: =AL75 -> 0 | BC74: =AO74 -> 0 | BD74: =IF(AO75="","",AO75) | BE74: =IF(AD74="","",AD74) | BF74: =IF(OR(L74='Listas Desplegables'!$B$4,L74='Listas Desplegables'!$B$5),"",WORKDAY(AX74,7,'Listas Desplegables'!$J$11:$J$18)) -> 10
A75: =CONCATENATE("A-",AO75) -> A- | D75: =IF(AA75="",CONCATENATE(AA74,"-",AO75),CONCATENATE(AA75,"-",AO75)) -> - | E75: =L74 -> Recursos tecnológicos | F75: =AL74 -> 0 | G75: =AL75 -> 0 | H75: =IF(AA75="","P","R") -> P | AJ75: Fin
A76: =CONCATENATE("P-",AO76) -> P- | B76: =IF(AA77="",CONCATENATE(AA76,"-",L76),CONCATENATE(AA77,"-",L76)) -> -Recursos Físicos | C76: =CONCATENATE(AO76," / ",AO77) -> / | D76: =IF(AA77="",CONCATENATE(AA76,"-",AO76),CONCATENATE(AA77,"-",AO76)) -> - | E76: =L76 -> Recursos Físicos | F76: =AL76 -> 0 | G76: =AL77 -> 0 | H76: =IF(AA77="","P","R") -> P | K76: =IF(OR(L76="",L76="Reunión de Apertura",L76="Reunión de Cierre"),"*",COUNT(K$17:K75)+1) -> 29 | L76: Recursos Físicos | S76: =IFERROR(VLOOKUP(L76,'Listas Desplegables'!B:D,3,0),"") -> Julian Andres Duran | W76: Claustro San Camilo | AG76: =IF(SUM(AL77-AL76)=0,"",AL77-AL76) | AJ76: Inicio | AW76: =K76 -> 29 | AX76: =IF(AA77="",AA76,AA77) -> 0 | AY76: =L76 -> Recursos Físicos | AZ76: =S76 -> Julian Andres Duran | BA76: =AL76 -> 0 | BB76: =AL77 -> 0 | BC76: =AO76 -> 0 | BD76: =IF(AO77="","",AO77) | BE76: =IF(AD76="","",AD76) | BF76: =IF(OR(L76='Listas Desplegables'!$B$4,L76='Listas Desplegables'!$B$5),"",WORKDAY(AX76,7,'Listas Desplegables'!$J$11:$J$18)) -> 10
A77: =CONCATENATE("A-",AO77) -> A- | D77: =IF(AA77="",CONCATENATE(AA76,"-",AO77),CONCATENATE(AA77,"-",AO77)) -> - | E77: =L76 -> Recursos Físicos | F77: =AL76 -> 0 | G77: =AL77 -> 0 | H77: =IF(AA77="","P","R") -> P | AJ77: Fin
A78: =CONCATENATE("P-",AO78) -> P- | B78: =IF(AA79="",CONCATENATE(AA78,"-",L78),CONCATENATE(AA79,"-",L78)) -> -Reunión de Cierre | C78: =CONCATENATE(AO78," / ",AO79) -> / | D78: =IF(AA79="",CONCATENATE(AA78,"-",AO78),CONCATENATE(AA79,"-",AO78)) -> - | E78: =L78 -> Reunión de Cierre | F78: =AL78 -> 0 | G78: =AL79 -> 0 | H78: =IF(AA79="","P","R") -> P | K78: =IF(OR(L78="",L78="Reunión de Apertura",L78="Reunión de Cierre"),"*",COUNT(K$17:K77)+1) -> * | L78: Reunión de Cierre | S78: =IFERROR(VLOOKUP(L78,'Listas Desplegables'!B:D,3,0),"") -> Camia Toro/ Sergio Lozano | AG78: =IF(SUM(AL79-AL78)=0,"",AL79-AL78) | AJ78: Inicio | AW78: =K78 -> * | AX78: =IF(AA79="",AA78,AA79) -> 0 | AY78: =L78 -> Reunión de Cierre | AZ78: =S78 -> Camia Toro/ Sergio Lozano | BA78: =AL78 -> 0 | BB78: =AL79 -> 0 | BC78: =AO78 -> 0 | BD78: =IF(AO79="","",AO79) | BE78: =IF(AD78="","",AD78) | BF78: =IF(OR(L78='Listas Desplegables'!$B$4,L78='Listas Desplegables'!$B$5),"",WORKDAY(AX78,7,'Listas Desplegables'!$J$11:$J$18))
A79: =CONCATENATE("A-",AO79) -> A- | D79: =IF(AA79="",CONCATENATE(AA78,"-",AO79),CONCATENATE(AA79,"-",AO79)) -> - | E79: =L78 -> Reunión de Cierre | F79: =AL78 -> 0 | G79: =AL79 -> 0 | H79: =IF(AA79="","P","R") -> P | AJ79: Fin
A80: =CONCATENATE("P-",AO80) -> P- | B80: =IF(AA81="",CONCATENATE(AA80,"-",L80),CONCATENATE(AA81,"-",L80)) -> - | C80: =CONCATENATE(AO80," / ",AO81) -> / | D80: =IF(AA81="",CONCATENATE(AA80,"-",AO80),CONCATENATE(AA81,"-",AO80)) -> - | E80: =L80 -> 0 | F80: =AL80 -> 0 | G80: =AL81 -> 0 | H80: =IF(AA81="","P","R") -> P | K80: =IF(OR(L80="",L80="Reunión de Apertura",L80="Reunión de Cierre"),"*",COUNT(K$17:K79)+1) -> * | S80: =IFERROR(VLOOKUP(L80,'Listas Desplegables'!B:D,3,0),"") | AG80: =IF(SUM(AL81-AL80)=0,"",AL81-AL80) | AJ80: Inicio | AW80: =K80 -> * | AX80: =IF(AA81="",AA80,AA81) -> 0 | AY80: =L80 -> 0 | AZ80: =S80 | BA80: =AL80 -> 0 | BB80: =AL81 -> 0 | BC80: =AO80 -> 0 | BD80: =IF(AO81="","",AO81) | BE80: =IF(AD80="","",AD80) | BF80: =IF(OR(L80='Listas Desplegables'!$B$4,L80='Listas Desplegables'!$B$5),"",WORKDAY(AX80,7,'Listas Desplegables'!$J$11:$J$18)) -> 10
A81: =CONCATENATE("A-",AO81) -> A- | D81: =IF(AA81="",CONCATENATE(AA80,"-",AO81),CONCATENATE(AA81,"-",AO81)) -> - | E81: =L80 -> 0 | F81: =AL80 -> 0 | G81: =AL81 -> 0 | H81: =IF(AA81="","P","R") -> P | AJ81: Fin
A82: =CONCATENATE("P-",AO82) -> P- | B82: =IF(AA83="",CONCATENATE(AA82,"-",L82),CONCATENATE(AA83,"-",L82)) -> - | C82: =CONCATENATE(AO82," / ",AO83) -> / | D82: =IF(AA83="",CONCATENATE(AA82,"-",AO82),CONCATENATE(AA83,"-",AO82)) -> - | E82: =L82 -> 0 | F82: =AL82 -> 0 | G82: =AL83 -> 0 | H82: =IF(AA83="","P","R") -> P | K82: =IF(OR(L82="",L82="Reunión de Apertura",L82="Reunión de Cierre"),"*",COUNT(K$17:K81)+1) -> * | S82: =IFERROR(VLOOKUP(L82,'Listas Desplegables'!B:D,3,0),"") | AG82: =IF(SUM(AL83-AL82)=0,"",AL83-AL82) | AJ82: Inicio | AW82: =K82 -> * | AX82: =IF(AA83="",AA82,AA83) -> 0 | AY82: =L82 -> 0 | AZ82: =S82 | BA82: =AL82 -> 0 | BB82: =AL83 -> 0 | BC82: =AO82 -> 0 | BD82: =IF(AO83="","",AO83) | BE82: =IF(AD82="","",AD82) | BF82: =IF(OR(L82='Listas Desplegables'!$B$4,L82='Listas Desplegables'!$B$5),"",WORKDAY(AX82,7,'Listas Desplegables'!$J$11:$J$18)) -> 10
A83: =CONCATENATE("A-",AO83) -> A- | D83: =IF(AA83="",CONCATENATE(AA82,"-",AO83),CONCATENATE(AA83,"-",AO83)) -> - | E83: =L82 -> 0 | F83: =AL82 -> 0 | G83: =AL83 -> 0 | H83: =IF(AA83="","P","R") -> P | AJ83: Fin
A84: =CONCATENATE("P-",AO84) -> P- | B84: =IF(AA85="",CONCATENATE(AA84,"-",L84),CONCATENATE(AA85,"-",L84)) -> - | C84: =CONCATENATE(AO84," / ",AO85) -> / | D84: =IF(AA85="",CONCATENATE(AA84,"-",AO84),CONCATENATE(AA85,"-",AO84)) -> - | E84: =L84 -> 0 | F84: =AL84 -> 0 | G84: =AL85 -> 0 | H84: =IF(AA85="","P","R") -> P | K84: =IF(OR(L84="",L84="Reunión de Apertura",L84="Reunión de Cierre"),"*",COUNT(K$17:K83)+1) -> * | S84: =IFERROR(VLOOKUP(L84,'Listas Desplegables'!B:D,3,0),"") | AG84: =IF(SUM(AL85-AL84)=0,"",AL85-AL84) | AJ84: Inicio | AW84: =K84 -> * | AX84: =IF(AA85="",AA84,AA85) -> 0 | AY84: =L84 -> 0 | AZ84: =S84 | BA84: =AL84 -> 0 | BB84: =AL85 -> 0 | BC84: =AO84 -> 0 | BD84: =IF(AO85="","",AO85) | BE84: =IF(AD84="","",AD84) | BF84: =IF(OR(L84='Listas Desplegables'!$B$4,L84='Listas Desplegables'!$B$5),"",WORKDAY(AX84,7,'Listas Desplegables'!$J$11:$J$18)) -> 10
A85: =CONCATENATE("A-",AO85) -> A- | D85: =IF(AA85="",CONCATENATE(AA84,"-",AO85),CONCATENATE(AA85,"-",AO85)) -> - | E85: =L84 -> 0 | F85: =AL84 -> 0 | G85: =AL85 -> 0 | H85: =IF(AA85="","P","R") -> P | AJ85: Fin
A86: =CONCATENATE("P-",AO86) -> P- | B86: =IF(AA87="",CONCATENATE(AA86,"-",L86),CONCATENATE(AA87,"-",L86)) -> - | C86: =CONCATENATE(AO86," / ",AO87) -> / | D86: =IF(AA87="",CONCATENATE(AA86,"-",AO86),CONCATENATE(AA87,"-",AO86)) -> - | E86: =L86 -> 0 | F86: =AL86 -> 0 | G86: =AL87 -> 0 | H86: =IF(AA87="","P","R") -> P | K86: =IF(OR(L86="",L86="Reunión de Apertura",L86="Reunión de Cierre"),"*",COUNT(K$17:K85)+1) -> * | S86: =IFERROR(VLOOKUP(L86,'Listas Desplegables'!B:D,3,0),"") | AG86: =IF(SUM(AL87-AL86)=0,"",AL87-AL86) | AJ86: Inicio | AW86: =K86 -> * | AX86: =IF(AA87="",AA86,AA87) -> 0 | AY86: =L86 -> 0 | AZ86: =S86 | BA86: =AL86 -> 0 | BB86: =AL87 -> 0 | BC86: =AO86 -> 0 | BD86: =IF(AO87="","",AO87) | BE86: =IF(AD86="","",AD86) | BF86: =IF(OR(L86='Listas Desplegables'!$B$4,L86='Listas Desplegables'!$B$5),"",WORKDAY(AX86,7,'Listas Desplegables'!$J$11:$J$18)) -> 10
A87: =CONCATENATE("A-",AO87) -> A- | D87: =IF(AA87="",CONCATENATE(AA86,"-",AO87),CONCATENATE(AA87,"-",AO87)) -> - | E87: =L86 -> 0 | F87: =AL86 -> 0 | G87: =AL87 -> 0 | H87: =IF(AA87="","P","R") -> P | AJ87: Fin
A88: =CONCATENATE("P-",AO88) -> P- | B88: =IF(AA89="",CONCATENATE(AA88,"-",L88),CONCATENATE(AA89,"-",L88)) -> - | C88: =CONCATENATE(AO88," / ",AO89) -> / | D88: =IF(AA89="",CONCATENATE(AA88,"-",AO88),CONCATENATE(AA89,"-",AO88)) -> - | E88: =L88 -> 0 | F88: =AL88 -> 0 | G88: =AL89 -> 0 | H88: =IF(AA89="","P","R") -> P | K88: =IF(OR(L88="",L88="Reunión de Apertura",L88="Reunión de Cierre"),"*",COUNT(K$17:K87)+1) -> * | S88: =IFERROR(VLOOKUP(L88,'Listas Desplegables'!B:D,3,0),"") | AG88: =IF(SUM(AL89-AL88)=0,"",AL89-AL88) | AJ88: Inicio | AW88: =K88 -> * | AX88: =IF(AA89="",AA88,AA89) -> 0 | AY88: =L88 -> 0 | AZ88: =S88 | BA88: =AL88 -> 0 | BB88: =AL89 -> 0 | BC88: =AO88 -> 0 | BD88: =IF(AO89="","",AO89) | BE88: =IF(AD88="","",AD88) | BF88: =IF(OR(L88='Listas Desplegables'!$B$4,L88='Listas Desplegables'!$B$5),"",WORKDAY(AX88,7,'Listas Desplegables'!$J$11:$J$18)) -> 10
A89: =CONCATENATE("A-",AO89) -> A- | D89: =IF(AA89="",CONCATENATE(AA88,"-",AO89),CONCATENATE(AA89,"-",AO89)) -> - | E89: =L88 -> 0 | F89: =AL88 -> 0 | G89: =AL89 -> 0 | H89: =IF(AA89="","P","R") -> P | AJ89: Fin
A90: =CONCATENATE("P-",AO90) -> P- | B90: =IF(AA91="",CONCATENATE(AA90,"-",L90),CONCATENATE(AA91,"-",L90)) -> - | C90: =CONCATENATE(AO90," / ",AO91) -> / | D90: =IF(AA91="",CONCATENATE(AA90,"-",AO90),CONCATENATE(AA91,"-",AO90)) -> - | E90: =L90 -> 0 | F90: =AL90 -> 0 | G90: =AL91 -> 0 | H90: =IF(AA91="","P","R") -> P | K90: =IF(OR(L90="",L90="Reunión de Apertura",L90="Reunión de Cierre"),"*",COUNT(K$17:K89)+1) -> * | S90: =IFERROR(VLOOKUP(L90,'Listas Desplegables'!B:D,3,0),"") | AG90: =IF(SUM(AL91-AL90)=0,"",AL91-AL90) | AJ90: Inicio | AW90: =K90 -> * | AX90: =IF(AA91="",AA90,AA91) -> 0 | AY90: =L90 -> 0 | AZ90: =S90 | BA90: =AL90 -> 0 | BB90: =AL91 -> 0 | BC90: =AO90 -> 0 | BD90: =IF(AO91="","",AO91) | BE90: =IF(AD90="","",AD90) | BF90: =IF(OR(L90='Listas Desplegables'!$B$4,L90='Listas Desplegables'!$B$5),"",WORKDAY(AX90,7,'Listas Desplegables'!$J$11:$J$18)) -> 10
A91: =CONCATENATE("A-",AO91) -> A- | D91: =IF(AA91="",CONCATENATE(AA90,"-",AO91),CONCATENATE(AA91,"-",AO91)) -> - | E91: =L90 -> 0 | F91: =AL90 -> 0 | G91: =AL91 -> 0 | H91: =IF(AA91="","P","R") -> P | AJ91: Fin
A92: =CONCATENATE("P-",AO92) -> P- | B92: =IF(AA93="",CONCATENATE(AA92,"-",L92),CONCATENATE(AA93,"-",L92)) -> - | C92: =CONCATENATE(AO92," / ",AO93) -> / | D92: =IF(AA93="",CONCATENATE(AA92,"-",AO92),CONCATENATE(AA93,"-",AO92)) -> - | E92: =L92 -> 0 | F92: =AL92 -> 0 | G92: =AL93 -> 0 | H92: =IF(AA93="","P","R") -> P | K92: =IF(OR(L92="",L92="Reunión de Apertura",L92="Reunión de Cierre"),"*",COUNT(K$17:K91)+1) -> * | S92: =IFERROR(VLOOKUP(L92,'Listas Desplegables'!B:D,3,0),"") | AG92: =IF(SUM(AL93-AL92)=0,"",AL93-AL92) | AJ92: Inicio | AW92: =K92 -> * | AX92: =IF(AA93="",AA92,AA93) -> 0 | AY92: =L92 -> 0 | AZ92: =S92 | BA92: =AL92 -> 0 | BB92: =AL93 -> 0 | BC92: =AO92 -> 0 | BD92: =IF(AO93="","",AO93) | BE92: =IF(AD92="","",AD92) | BF92: =IF(OR(L92='Listas Desplegables'!$B$4,L92='Listas Desplegables'!$B$5),"",WORKDAY(AX92,7,'Listas Desplegables'!$J$11:$J$18)) -> 10
A93: =CONCATENATE("A-",AO93) -> A- | D93: =IF(AA93="",CONCATENATE(AA92,"-",AO93),CONCATENATE(AA93,"-",AO93)) -> - | E93: =L92 -> 0 | F93: =AL92 -> 0 | G93: =AL93 -> 0 | H93: =IF(AA93="","P","R") -> P | AJ93: Fin
A94: =CONCATENATE("P-",AO94) -> P- | B94: =IF(AA95="",CONCATENATE(AA94,"-",L94),CONCATENATE(AA95,"-",L94)) -> - | C94: =CONCATENATE(AO94," / ",AO95) -> / | D94: =IF(AA95="",CONCATENATE(AA94,"-",AO94),CONCATENATE(AA95,"-",AO94)) -> - | E94: =L94 -> 0 | F94: =AL94 -> 0 | G94: =AL95 -> 0 | H94: =IF(AA95="","P","R") -> P | K94: =IF(OR(L94="",L94="Reunión de Apertura",L94="Reunión de Cierre"),"*",COUNT(K$17:K93)+1) -> * | S94: =IFERROR(VLOOKUP(L94,'Listas Desplegables'!B:D,3,0),"") | AG94: =IF(SUM(AL95-AL94)=0,"",AL95-AL94) | AJ94: Inicio | AW94: =K94 -> * | AX94: =IF(AA95="",AA94,AA95) -> 0 | AY94: =L94 -> 0 | AZ94: =S94 | BA94: =AL94 -> 0 | BB94: =AL95 -> 0 | BC94: =AO94 -> 0 | BD94: =IF(AO95="","",AO95) | BE94: =IF(AD94="","",AD94) | BF94: =IF(OR(L94='Listas Desplegables'!$B$4,L94='Listas Desplegables'!$B$5),"",WORKDAY(AX94,7,'Listas Desplegables'!$J$11:$J$18)) -> 10
A95: =CONCATENATE("A-",AO95) -> A- | D95: =IF(AA95="",CONCATENATE(AA94,"-",AO95),CONCATENATE(AA95,"-",AO95)) -> - | E95: =L94 -> 0 | F95: =AL94 -> 0 | G95: =AL95 -> 0 | H95: =IF(AA95="","P","R") -> P | AJ95: Fin
A96: =CONCATENATE("P-",AO96) -> P- | B96: =IF(AA97="",CONCATENATE(AA96,"-",L96),CONCATENATE(AA97,"-",L96)) -> - | C96: =CONCATENATE(AO96," / ",AO97) -> / | D96: =IF(AA97="",CONCATENATE(AA96,"-",AO96),CONCATENATE(AA97,"-",AO96)) -> - | E96: =L96 -> 0 | F96: =AL96 -> 0 | G96: =AL97 -> 0 | H96: =IF(AA97="","P","R") -> P | K96: =IF(OR(L96="",L96="Reunión de Apertura",L96="Reunión de Cierre"),"*",COUNT(K$17:K95)+1) -> * | S96: =IFERROR(VLOOKUP(L96,'Listas Desplegables'!B:D,3,0),"") | AG96: =IF(SUM(AL97-AL96)=0,"",AL97-AL96) | AJ96: Inicio | AW96: =K96 -> * | AX96: =IF(AA97="",AA96,AA97) -> 0 | AY96: =L96 -> 0 | AZ96: =S96 | BA96: =AL96 -> 0 | BB96: =AL97 -> 0 | BC96: =AO96 -> 0 | BD96: =IF(AO97="","",AO97) | BE96: =IF(AD96="","",AD96) | BF96: =IF(OR(L96='Listas Desplegables'!$B$4,L96='Listas Desplegables'!$B$5),"",WORKDAY(AX96,7,'Listas Desplegables'!$J$11:$J$18)) -> 10
A97: =CONCATENATE("A-",AO97) -> A- | D97: =IF(AA97="",CONCATENATE(AA96,"-",AO97),CONCATENATE(AA97,"-",AO97)) -> - | E97: =L96 -> 0 | F97: =AL96 -> 0 | G97: =AL97 -> 0 | H97: =IF(AA97="","P","R") -> P | AJ97: Fin
A98: =CONCATENATE("P-",AO98) -> P- | B98: =IF(AA99="",CONCATENATE(AA98,"-",L98),CONCATENATE(AA99,"-",L98)) -> - | C98: =CONCATENATE(AO98," / ",AO99) -> / | D98: =IF(AA99="",CONCATENATE(AA98,"-",AO98),CONCATENATE(AA99,"-",AO98)) -> - | E98: =L98 -> 0 | F98: =AL98 -> 0 | G98: =AL99 -> 0 | H98: =IF(AA99="","P","R") -> P | K98: =IF(OR(L98="",L98="Reunión de Apertura",L98="Reunión de Cierre"),"*",COUNT(K$17:K97)+1) -> * | S98: =IFERROR(VLOOKUP(L98,'Listas Desplegables'!B:D,3,0),"") | AG98: =IF(SUM(AL99-AL98)=0,"",AL99-AL98) | AJ98: Inicio | AW98: =K98 -> * | AX98: =IF(AA99="",AA98,AA99) -> 0 | AY98: =L98 -> 0 | AZ98: =S98 | BA98: =AL98 -> 0 | BB98: =AL99 -> 0 | BC98: =AO98 -> 0 | BD98: =IF(AO99="","",AO99) | BE98: =IF(AD98="","",AD98) | BF98: =IF(OR(L98='Listas Desplegables'!$B$4,L98='Listas Desplegables'!$B$5),"",WORKDAY(AX98,7,'Listas Desplegables'!$J$11:$J$18)) -> 10
A99: =CONCATENATE("A-",AO99) -> A- | D99: =IF(AA99="",CONCATENATE(AA98,"-",AO99),CONCATENATE(AA99,"-",AO99)) -> - | E99: =L98 -> 0 | F99: =AL98 -> 0 | G99: =AL99 -> 0 | H99: =IF(AA99="","P","R") -> P | AJ99: Fin
A100: =CONCATENATE("P-",AO100) -> P- | B100: =IF(AA101="",CONCATENATE(AA100,"-",L100),CONCATENATE(AA101,"-",L100)) -> - | C100: =CONCATENATE(AO100," / ",AO101) -> / | D100: =IF(AA101="",CONCATENATE(AA100,"-",AO100),CONCATENATE(AA101,"-",AO100)) -> - | E100: =L100 -> 0 | F100: =AL100 -> 0 | G100: =AL101 -> 0 | H100: =IF(AA101="","P","R") -> P | K100: =IF(OR(L100="",L100="Reunión de Apertura",L100="Reunión de Cierre"),"*",COUNT(K$17:K99)+1) -> * | S100: =IFERROR(VLOOKUP(L100,'Listas Desplegables'!B:D,3,0),"") | AG100: =IF(SUM(AL101-AL100)=0,"",AL101-AL100) | AJ100: Inicio | AW100: =K100 -> * | AX100: =IF(AA101="",AA100,AA101) -> 0 | AY100: =L100 -> 0 | AZ100: =S100 | BA100: =AL100 -> 0 | BB100: =AL101 -> 0 | BC100: =AO100 -> 0 | BD100: =IF(AO101="","",AO101) | BE100: =IF(AD100="","",AD100) | BF100: =IF(OR(L100='Listas Desplegables'!$B$4,L100='Listas Desplegables'!$B$5),"",WORKDAY(AX100,7,'Listas Desplegables'!$J$11:$J$18)) -> 10
A101: =CONCATENATE("A-",AO101) -> A- | D101: =IF(AA101="",CONCATENATE(AA100,"-",AO101),CONCATENATE(AA101,"-",AO101)) -> - | E101: =L100 -> 0 | F101: =AL100 -> 0 | G101: =AL101 -> 0 | H101: =IF(AA101="","P","R") -> P | AJ101: Fin
A102: =CONCATENATE("P-",AO102) -> P- | B102: =IF(AA103="",CONCATENATE(AA102,"-",L102),CONCATENATE(AA103,"-",L102)) -> - | C102: =CONCATENATE(AO102," / ",AO103) -> / | D102: =IF(AA103="",CONCATENATE(AA102,"-",AO102),CONCATENATE(AA103,"-",AO102)) -> - | E102: =L102 -> 0 | F102: =AL102 -> 0 | G102: =AL103 -> 0 | H102: =IF(AA103="","P","R") -> P | K102: =IF(OR(L102="",L102="Reunión de Apertura",L102="Reunión de Cierre"),"*",COUNT(K$17:K101)+1) -> * | S102: =IFERROR(VLOOKUP(L102,'Listas Desplegables'!B:D,3,0),"") | AG102: =IF(SUM(AL103-AL102)=0,"",AL103-AL102) | AJ102: Inicio | AW102: =K102 -> * | AX102: =IF(AA103="",AA102,AA103) -> 0 | AY102: =L102 -> 0 | AZ102: =S102 | BA102: =AL102 -> 0 | BB102: =AL103 -> 0 | BC102: =AO102 -> 0 | BD102: =IF(AO103="","",AO103) | BE102: =IF(AD102="","",AD102) | BF102: =IF(OR(L102='Listas Desplegables'!$B$4,L102='Listas Desplegables'!$B$5),"",WORKDAY(AX102,7,'Listas Desplegables'!$J$11:$J$18)) -> 10
A103: =CONCATENATE("A-",AO103) -> A- | D103: =IF(AA103="",CONCATENATE(AA102,"-",AO103),CONCATENATE(AA103,"-",AO103)) -> - | E103: =L102 -> 0 | F103: =AL102 -> 0 | G103: =AL103 -> 0 | H103: =IF(AA103="","P","R") -> P | AJ103: Fin
A104: =CONCATENATE("P-",AO104) -> P- | B104: =IF(AA105="",CONCATENATE(AA104,"-",L104),CONCATENATE(AA105,"-",L104)) -> - | C104: =CONCATENATE(AO104," / ",AO105) -> / | D104: =IF(AA105="",CONCATENATE(AA104,"-",AO104),CONCATENATE(AA105,"-",AO104)) -> - | E104: =L104 -> 0 | F104: =AL104 -> 0 | G104: =AL105 -> 0 | H104: =IF(AA105="","P","R") -> P | K104: =IF(OR(L104="",L104="Reunión de Apertura",L104="Reunión de Cierre"),"*",COUNT(K$17:K103)+1) -> * | S104: =IFERROR(VLOOKUP(L104,'Listas Desplegables'!B:D,3,0),"") | AG104: =IF(SUM(AL105-AL104)=0,"",AL105-AL104) | AJ104: Inicio | AW104: =K104 -> * | AX104: =IF(AA105="",AA104,AA105) -> 0 | AY104: =L104 -> 0 | AZ104: =S104 | BA104: =AL104 -> 0 | BB104: =AL105 -> 0 | BC104: =AO104 -> 0 | BD104: =IF(AO105="","",AO105) | BE104: =IF(AD104="","",AD104) | BF104: =IF(OR(L104='Listas Desplegables'!$B$4,L104='Listas Desplegables'!$B$5),"",WORKDAY(AX104,7,'Listas Desplegables'!$J$11:$J$18)) -> 10
A105: =CONCATENATE("A-",AO105) -> A- | D105: =IF(AA105="",CONCATENATE(AA104,"-",AO105),CONCATENATE(AA105,"-",AO105)) -> - | E105: =L104 -> 0 | F105: =AL104 -> 0 | G105: =AL105 -> 0 | H105: =IF(AA105="","P","R") -> P | AJ105: Fin
A106: =CONCATENATE("P-",AO106) -> P- | B106: =IF(AA107="",CONCATENATE(AA106,"-",L106),CONCATENATE(AA107,"-",L106)) -> - | C106: =CONCATENATE(AO106," / ",AO107) -> / | D106: =IF(AA107="",CONCATENATE(AA106,"-",AO106),CONCATENATE(AA107,"-",AO106)) -> - | E106: =L106 -> 0 | F106: =AL106 -> 0 | G106: =AL107 -> 0 | H106: =IF(AA107="","P","R") -> P | K106: =IF(OR(L106="",L106="Reunión de Apertura",L106="Reunión de Cierre"),"*",COUNT(K$17:K105)+1) -> * | S106: =IFERROR(VLOOKUP(L106,'Listas Desplegables'!B:D,3,0),"") | AG106: =IF(SUM(AL107-AL106)=0,"",AL107-AL106) | AJ106: Inicio | AW106: =K106 -> * | AX106: =IF(AA107="",AA106,AA107) -> 0 | AY106: =L106 -> 0 | AZ106: =S106 | BA106: =AL106 -> 0 | BB106: =AL107 -> 0 | BC106: =AO106 -> 0 | BD106: =IF(AO107="","",AO107) | BE106: =IF(AD106="","",AD106) | BF106: =IF(OR(L106='Listas Desplegables'!$B$4,L106='Listas Desplegables'!$B$5),"",WORKDAY(AX106,7,'Listas Desplegables'!$J$11:$J$18)) -> 10
A107: =CONCATENATE("A-",AO107) -> A- | D107: =IF(AA107="",CONCATENATE(AA106,"-",AO107),CONCATENATE(AA107,"-",AO107)) -> - | E107: =L106 -> 0 | F107: =AL106 -> 0 | G107: =AL107 -> 0 | H107: =IF(AA107="","P","R") -> P | AJ107: Fin
A108: =CONCATENATE("P-",AO108) -> P- | B108: =IF(AA109="",CONCATENATE(AA108,"-",L108),CONCATENATE(AA109,"-",L108)) -> - | C108: =CONCATENATE(AO108," / ",AO109) -> / | D108: =IF(AA109="",CONCATENATE(AA108,"-",AO108),CONCATENATE(AA109,"-",AO108)) -> - | E108: =L108 -> 0 | F108: =AL108 -> 0 | G108: =AL109 -> 0 | H108: =IF(AA109="","P","R") -> P | K108: =IF(OR(L108="",L108="Reunión de Apertura",L108="Reunión de Cierre"),"*",COUNT(K$17:K107)+1) -> * | S108: =IFERROR(VLOOKUP(L108,'Listas Desplegables'!B:D,3,0),"") | AG108: =IF(SUM(AL109-AL108)=0,"",AL109-AL108) | AJ108: Inicio | AW108: =K108 -> * | AX108: =IF(AA109="",AA108,AA109) -> 0 | AY108: =L108 -> 0 | AZ108: =S108 | BA108: =AL108 -> 0 | BB108: =AL109 -> 0 | BC108: =AO108 -> 0 | BD108: =IF(AO109="","",AO109) | BE108: =IF(AD108="","",AD108) | BF108: =IF(OR(L108='Listas Desplegables'!$B$4,L108='Listas Desplegables'!$B$5),"",WORKDAY(AX108,7,'Listas Desplegables'!$J$11:$J$18)) -> 10
A109: =CONCATENATE("A-",AO109) -> A- | D109: =IF(AA109="",CONCATENATE(AA108,"-",AO109),CONCATENATE(AA109,"-",AO109)) -> - | E109: =L108 -> 0 | F109: =AL108 -> 0 | G109: =AL109 -> 0 | H109: =IF(AA109="","P","R") -> P | AJ109: Fin
K111: Fecha Elaboración | N111: Auditor Líder | W111: Firma | AC111: Actualizaciones de la Programación Posterior a la Divulgación
N112: Nombre | AC112: No. | AD112: Fecha | AF112: Descripción
N113: Cargo | AC113: 1
AC114: 2
...

Sheet Seguimiento AIC x Fecha
A1: =CONCATENATE("SEGUIMIENTO AIC - ",'FO-GC-012'!AR15," x FECHA DE EJECUCIÓN") -> SEGUIMIENTO AIC - x FECHA DE EJECUCIÓN | G1: =COUNT(H:H)/COUNT(I:I) -> #DIV/0! | H1: Ejecución Ciclo AI
G2: =CONCATENATE(COUNT(H:H)," / ",COUNT(I:I)) -> 0 / 0
A4: Fecha | B4: ID | C4: Auditoría | D4: Auditado | E4: Horas | F4: Auditor P | G4: Auditor A | H4: Ejecutado | I4: Entrega Informe
A5: (en blanco) | B5: (en blanco) | C5: (en blanco) | D5: (en blanco) | E5: <0/01/1900
A6: Total (en blanco)

Sheet Programación x Auditor
G1: 1 | H1: =COUNT(H4:H42) -> 0 | K1: =G1+1 -> 2 | L1: =COUNT(L4:L42) -> 0 | O1: =K1+1 -> 3 | P1: =COUNT(P4:P42) -> 0 | S1: =O1+1 -> 4 | T1: =COUNT(T4:T42) -> 0 | W1: =S1+1 -> 5 | X1: =COUNT(X4:X42) -> 0 | AA1: =W1+1 -> 6 | AB1: =COUNT(AB4:AB42) -> 0 | AE1: =AA1+1 -> 7 | AF1: =COUNT(AF4:AF42) -> 0 | AI1: =AE1+1 -> 8 | AJ1: =COUNT(AJ4:AJ42) -> 0 | AM1: =AI1+1 -> 9 | AN1: =COUNT(AN4:AN42) -> 0 | AQ1: =AM1+1 -> 10 | AR1: =COUNT(AR4:AR42) -> 0 | AU1: =AQ1+1 -> 11 | AV1: =COUNT(AV4:AV42) -> 0 | AY1: =AU1+1 -> 12 | AZ1: =COUNT(AZ4:AZ42) -> 0 | BC1: =AY1+1 -> 13 | BD1: =COUNT(BD4:BD42) -> 0 | BG1: =BC1+1 -> 14 | BH1: =COUNT(BH4:BH42) -> 0 | BK1: =BG1+1 -> 15 | BL1: =COUNT(BL4:BL42) -> 0 | BO1: =BK1+1 -> 16 | BP1: =COUNT(BP4:BP42) -> 0 | BS1: =BO1+1 -> 17 | BT1: =COUNT(BT4:BT42) -> 0 | BW1: =BS1+1 -> 18 | BX1: =COUNT(BX4:BX42) -> 0 | CA1: =BW1+1 -> 19 | CB1: =COUNT(CB4:CB42) -> 0 | CE1: =CA1+1 -> 20 | CF1: =COUNT(CF4:CF42) -> 0
B2: Programación x Auditor | D2: Principal / Asistente | G2: Fecha Programada | K2: Fecha Re-Programada
B3: # | C3: Auditor Convocado | D3: Prin | E3: Asis | F3: Total | G3: =IFERROR(VLOOKUP(G1,'Listas Desplegables'!G:I,3,0),"") -> 374010 | J3: P-R | K3: =IFERROR(VLOOKUP(K1,'Listas Desplegables'!$G:$I,3,0),"") -> 374011 | N3: P-R | O3: =IFERROR(VLOOKUP(O1,'Listas Desplegables'!$G:$I,3,0),"") -> 374012 | R3: P-R | S3: =IFERROR(VLOOKUP(S1,'Listas Desplegables'!$G:$I,3,0),"") -> 374013 | V3: P-R | W3: =IFERROR(VLOOKUP(W1,'Listas Desplegables'!$G:$I,3,0),"") -> 374014 | Z3: P-R | AA3: =IFERROR(VLOOKUP(AA1,'Listas Desplegables'!$G:$I,3,0),"") -> 374015 | AD3: P-R | AE3: =IFERROR(VLOOKUP(AE1,'Listas Desplegables'!$G:$I,3,0),"") -> 374016 | AH3: P-R | AI3: =IFERROR(VLOOKUP(AI1,'Listas Desplegables'!$G:$I,3,0),"") -> 374017 | AL3: P-R | AM3: =IFERROR(VLOOKUP(AM1,'Listas Desplegables'!$G:$I,3,0),"") -> 374018 | AP3: P-R | AQ3: =IFERROR(VLOOKUP(AQ1,'Listas Desplegables'!$G:$I,3,0),"") -> 0 | AT3: P-R | AU3: =IFERROR(VLOOKUP(AU1,'Listas Desplegables'!$G:$I,3,0),"") -> 0 | AX3: P-R | AY3: =IFERROR(VLOOKUP(AY1,'Listas Desplegables'!$G:$I,3,0),"") -> 0 | BB3: P-R | BC3: =IFERROR(VLOOKUP(BC1,'Listas Desplegables'!$G:$I,3,0),"") -> 0 | BF3: P-R | BG3: =IFERROR(VLOOKUP(BG1,'Listas Desplegables'!$G:$I,3,0),"") -> 0 | BJ3: P-R | BK3: =IFERROR(VLOOKUP(BK1,'Listas Desplegables'!$G:$I,3,0),"") -> 0 | BN3: P-R | BO3: =IFERROR(VLOOKUP(BO1,'Listas Desplegables'!$G:$I,3,0),"") -> 0 | BR3: P-R | BS3: =IFERROR(VLOOKUP(BS1,'Listas Desplegables'!$G:$I,3,0),"") -> 0 | BV3: P-R | BW3: =IFERROR(VLOOKUP(BW1,'Listas Desplegables'!$G:$I,3,0),"") -> 0 | BZ3: P-R | CA3: =IFERROR(VLOOKUP(CA1,'Listas Desplegables'!$G:$I,3,0),"") -> 0 | CD3: P-R | CE3: =IFERROR(VLOOKUP(CE1,'Listas Desplegables'!$G:$I,3,0),"") -> 0 | CH3: P-R
B4: =IF(C4="","",COUNTA(C$4:C4)) | C4: ='Eq. Auditor'!B3 | D4: =IF(C4="","",COUNTIF('FO-GC-012'!A:A,CONCATENATE("P-",C4))) | E4: =IF(C4="","",COUNTIF('FO-GC-012'!A:A,CONCATENATE("A-",C4))) | F4: =IF(C4="","",SUM(D4:E4)) | G4: =IF($C4="","",IFERROR(VLOOKUP(CONCATENATE(G$3,"-",$C4),'FO-GC-012'!$D$20:$H$109,2,0),"")) | H4: =IF($C4="","",IFERROR(VLOOKUP(CONCATENATE(G$3,"-",$C4),'FO-GC-012'!$D$20:$H$109,3,0),"")) | I4: =IF($C4="","",IFERROR(VLOOKUP(CONCATENATE(G$3,"-",$C4),'FO-GC-012'!$D$20:$H$109,4,0),"")) | J4: =IF($C4="","",IFERROR(VLOOKUP(CONCATENATE(G$3,"-",$C4),'FO-GC-012'!$D$20:$H$109,5,0),"")) | K4: =IF($C4="","",IFERROR(VLOOKUP(CONCATENATE(K$3,"-",$C4),'FO-GC-012'!$D$20:$H$109,2,0),"")) | L4: =IF($C4="","",IFERROR(VLOOKUP(CONCATENATE(K$3,"-",$C4),'FO-GC-012'!$D$20:$H$109,3,0),"")) | M4: =IF($C4="","",IFERROR(VLOOKUP(CONCATENATE(K$3,"-",$C4),'FO-GC-012'!$D$20:$H$109,4,0),"")) | N4: =IF($C4="","",IFERROR(VLOOKUP(CONCATENATE(K$3,"-",$C4),'FO-GC-012'!$D$20:$H$109,5,0),"")) | O4: =IF($C4="","",IFERROR(VLOOKUP(CONCATENATE(O$3,"-",$C4),'FO-GC-012'!$D$20:$H$109,2,0),"")) | P4: =IF($C4="","",IFERROR(VLOOKUP(CONCATENATE(O$3,"-",$C4),'FO-GC-012'!$D$20:$H$109,3,0),"")) | Q4: =IF($C4="","",IFERROR(VLOOKUP(CONCATENATE(O$3,"-",$C4),'FO-GC-012'!$D$20:$H$109,4,0),"")) | R4: =IF($C4="","",IFERROR(VLOOKUP(CONCATENATE(O$3,"-",$C4),'FO-GC-012'!$D$20:$H$109,5,0),"")) | S4: =IF($C4="","",IFERROR(VLOOKUP(CONCATENATE(S$3,"-",$C4),'FO-GC-012'!$D$20:$H$109,2,0),"")) | T4: =IF($C4="","",IFERROR(VLOOKUP(CONCATENATE(S$3,"-",$C4),'FO-GC-012'!$D$20:$H$109,3,0),"")) | U4: =IF($C4="","",IFERROR(VLOOKUP(CONCATENATE(S$3,"-",$C4),'FO-GC-012'!$D$20:$H$109,4,0),"")) | V4: =IF($C4="","",IFERROR(VLOOKUP(CONCATENATE(S$3,"-",$C4),'FO-GC-012'!$D$20:$H$109,5,0),"")) | W4: =IF($C4="","",IFERROR(VLOOKUP(CONCATENATE(W$3,"-",$C4),'FO-GC-012'!$D$20:$H$109,2,0),"")) | X4: =IF($C4="","",IFERROR(VLOOKUP(CONCATENATE(W$3,"-",$C4),'FO-GC-012'!$D$20:$H$109,3,0),"")) | Y4: =IF($C4="","",IFERROR(VLOOKUP(CONCATENATE(W$3,"-",$C4),'FO-GC-012'!$D$20:$H$109,4,0),"")) | Z4: =IF($C4="","",IFERROR(VLOOKUP(CONCATENATE(W$3,"-",$C4),'FO-GC-012'!$D$20:$H$109,5,0),"")) | AA4: =IF($C4="","",IFERROR(VLOOKUP(CONCATENATE(AA$3,"-",$C4),'FO-GC-012'!$D$20:$H$109,2,0),"")) | AB4: =IF($C4="","",IFERROR(VLOOKUP(CONCATENATE(AA$3,"-",$C4),'FO-GC-012'!$D$20:$H$109,3,0),"")) | AC4: =IF($C4="","",IFERROR(VLOOKUP(CONCATENATE(AA$3,"-",$C4),'FO-GC-012'!$D$20:$H$109,4,0),"")) | AD4: =IF($C4="","",IFERROR(VLOOKUP(CONCATENATE(AA$3,"-",$C4),'FO-GC-012'!$D$20:$H$109,5,0),"")) | AE4: =IF($C4="","",IFERROR(VLOOKUP(CONCATENATE(AE$3,"-",$C4),'FO-GC-012'!$D$20:$H$109,2,0),"")) | AF4: =IF($C4="","",IFERROR(VLOOKUP(CONCATENATE(AE$3,"-",$C4),'FO-GC-012'!$D$20:$H$109,3,0),"")) | AG4: =IF($C4="","",IFERROR(VLOOKUP(CONCATENATE(AE$3,"-",$C4),'FO-GC-012'!$D$20:$H$109,4,0),"")) | AH4: =IF($C4="","",IFERROR(VLOOKUP(CONCATENATE(AE$3,"-",$C4),'FO-GC-012'!$D$20:$H$109,5,0),"")) | AI4: =IF($C4="","",IFERROR(VLOOKUP(CONCATENATE(AI$3,"-",$C4),'FO-GC-012'!$D$20:$H$109,2,0),"")) | AJ4: =IF($C4="","",IFERROR(VLOOKUP(CONCATENATE(AI$3,"-",$C4),'FO-GC-012'!$D$20:$H$109,3,0),"")) | AK4: =IF($C4="","",IFERROR(VLOOKUP(CONCATENATE(AI$3,"-",$C4),'FO-GC-012'!$D$20:$H$109,4,0),"")) | AL4: =IF($C4="","",IFERROR(VLOOKUP(CONCATENATE(AI$3,"-",$C4),'FO-GC-012'!$D$20:$H$109,5,0),"")) | AM4: =IF($C4="","",IFERROR(VLOOKUP(CONCATENATE(AM$3,"-",$C4),'FO-GC-012'!$D$20:$H$109,2,0),"")) | AN4: =IF($C4="","",IFERROR(VLOOKUP(CONCATENATE(AM$3,"-",$C4),'FO-GC-012'!$D$20:$H$109,3,0),"")) | AO4: =IF($C4="","",IFERROR(VLOOKUP(CONCATENATE(AM$3,"-",$C4),'FO-GC-012'!$D$20:$H$109,4,0),"")) | AP4: =IF($C4="","",IFERROR(VLOOKUP(CONCATENATE(AM$3,"-",$C4),'FO-GC-012'!$D$20:$H$109,5,0),"")) | AQ4: =IF($C4="","",IFERROR(VLOOKUP(CONCATENATE(AQ$3,"-",$C4),'FO-GC-012'!$D$20:$H$109,2,0),"")) | AR4: =IF($C4="","",IFERROR(VLOOKUP(CONCATENATE(AQ$3,"-",$C4),'FO-GC-012'!$D$20:$H$109,3,0),"")) | AS4: =IF($C4="","",IFERROR(VLOOKUP(CONCATENATE(AQ$3,"-",$C4),'FO-GC-012'!$D$20:$H$109,4,0),"")) | AT4: =IF($C4="","",IFERROR(VLOOKUP(CONCATENATE(AQ$3,"-",$C4),'FO-GC-012'!$D$20:$H$109,5,0),"")) | AU4: =IF($C4="","",IFERROR(VLOOKUP(CONCATENATE(AU$3,"-",$C4),'FO-GC-012'!$D$20:$H$109,2,0),"")) | AV4: =IF($C4="","",IFERROR(VLOOKUP(CONCATENATE(AU$3,"-",$C4),'FO-GC-012'!$D$20:$H$109,3,0),"")) | AW4: =IF($C4="","",IFERROR(VLOOKUP(CONCATENATE(AU$3,"-",$C4),'FO-GC-012'!$D$20:$H$109,4,0),"")) | AX4: =IF($C4="","",IFERROR(VLOOKUP(CONCATENATE(AU$3,"-",$C4),'FO-GC-012'!$D$20:$H$109,5,0),"")) | AY4: =IF($C4="","",IFERROR(VLOOKUP(CONCATENATE(AY$3,"-",$C4),'FO-GC-012'!$D$20:$H$109,2,0),"")) | AZ4: =IF($C4="","",IFERROR(VLOOKUP(CONCATENATE(AY$3,"-",$C4),'FO-GC-012'!$D$20:$H$109,3,0),"")) | BA4: =IF($C4="","",IFERROR(VLOOKUP(CONCATENATE(AY$3,"-",$C4),'FO-GC-012'!$D$20:$H$109,4,0),"")) | BB4: =IF($C4="","",IFERROR(VLOOKUP(CONCATENATE(AY$3,"-",$C4),'FO-GC-012'!$D$20:$H$109,5,0),"")) | BC4: =IF($C4="","",IFERROR(VLOOKUP(CONCATENATE(BC$3,"-",$C4),'FO-GC-012'!$D$20:$H$109,2,0),"")) | BD4: =IF($C4="","",IFERROR(VLOOKUP(CONCATENATE(BC$3,"-",$C4),'FO-GC-012'!$D$20:$H$109,3,0),"")) | BE4: =IF($C4="","",IFERROR(VLOOKUP(CONCATENATE(BC$3,"-",$C4),'FO-GC-012'!$D$20:$H$109,4,0),"")) | BF4: =IF($C4="","",IFERROR(VLOOKUP(CONCATENATE(BC$3,"-",$C4),'FO-GC-012'!$D$20:$H$109,5,0),"")) | BG4: =IF($C4="","",IFERROR(VLOOKUP(CONCATENATE(BG$3,"-",$C4),'FO-GC-012'!$D$20:$H$109,2,0),"")) | BH4: =IF($C4="","",IFERROR(VLOOKUP(CONCATENATE(BG$3,"-",$C4),'FO-GC-012'!$D$20:$H$109,3,0),"")) | BI4: =IF($C4="","",IFERROR(VLOOKUP(CONCATENATE(BG$3,"-",$C4),'FO-GC-012'!$D$20:$H$109,4,0),"")) | BJ4: =IF($C4="","",IFERROR(VLOOKUP(CONCATENATE(BG$3,"-",$C4),'FO-GC-012'!$D$20:$H$109,5,0),"")) | BK4: =IF($C4="","",IFERROR(VLOOKUP(CONCATENATE(BK$3,"-",$C4),'FO-GC-012'!$D$20:$H$109,2,0),"")) | BL4: =IF($C4="","",IFERROR(VLOOKUP(CONCATENATE(BK$3,"-",$C4),'FO-GC-012'!$D$20:$H$109,3,0),"")) | BM4: =IF($C4="","",IFERROR(VLOOKUP(CONCATENATE(BK$3,"-",$C4),'FO-GC-012'!$D$20:$H$109,4,0),"")) | BN4: =IF($C4="","",IFERROR(VLOOKUP(CONCATENATE(BK$3,"-",$C4),'FO-GC-012'!$D$20:$H$109,5,0),"")) | BO4: =IF($C4="","",IFERROR(VLOOKUP(CONCATENATE(BO$3,"-",$C4),'FO-GC-012'!$D$20:$H$109,2,0),"")) | BP4: =IF($C4="","",IFERROR(VLOOKUP(CONCATENATE(BO$3,"-",$C4),'FO-GC-012'!$D$20:$H$109,3,0),"")) | BQ4: =IF($C4="","",IFERROR(VLOOKUP(CONCATENATE(BO$3,"-",$C4),'FO-GC-012'!$D$20:$H$109,4,0),"")) | BR4: =IF($C4="","",IFERROR(VLOOKUP(CONCATENATE(BO$3,"-",$C4),'FO-GC-012'!$D$20:$H$109,5,0),"")) | BS4: =IF($C4="","",IFERROR(VLOOKUP(CONCATENATE(BS$3,"-",$C4),'FO-GC-012'!$D$20:$H$109,2,0),"")) | BT4: =IF($C4="","",IFERROR(VLOOKUP(CONCATENATE(BS$3,"-",$C4),'FO-GC-012'!$D$20:$H$109,3,0),"")) | BU4: =IF($C4="","",IFERROR(VLOOKUP(CONCATENATE(BS$3,"-",$C4),'FO-GC-012'!$D$20:$H$109,4,0),"")) | BV4: =IF($C4="","",IFERROR(VLOOKUP(CONCATENATE(BS$3,"-",$C4),'FO-GC-012'!$D$20:$H$109,5,0),"")) | BW4: =IF($C4="","",IFERROR(VLOOKUP(CONCATENATE(BW$3,"-",$C4),'FO-GC-012'!$D$20:$H$109,2,0),"")) | BX4: =IF($C4="","",IFERROR(VLOOKUP(CONCATENATE(BW$3,"-",$C4),'FO-GC-012'!$D$20:$H$109,3,0),"")) | BY4: =IF($C4="","",IFERROR(VLOOKUP(CONCATENATE(BW$3,"-",$C4),'FO-GC-012'!$D$20:$H$109,4,0),"")) | BZ4: =IF($C4="","",IFERROR(VLOOKUP(CONCATENATE(BW$3,"-",$C4),'FO-GC-012'!$D$20:$H$109,5,0),"")) | CA4: =IF($C4="","",IFERROR(VLOOKUP(CONCATENATE(CA$3,"-",$C4),'FO-GC-012'!$D$20:$H$109,2,0),"")) | CB4: =IF($C4="","",IFERROR(VLOOKUP(CONCATENATE(CA$3,"-",$C4),'FO-GC-012'!$D$20:$H$109,3,0),"")) | CC4: =IF($C4="","",IFERROR(VLOOKUP(CONCATENATE(CA$3,"-",$C4),'FO-GC-012'!$D$20:$H$109,4,0),"")) | CD4: =IF($C4="","",IFERROR(VLOOKUP(CONCATENATE(CA$3,"-",$C4),'FO-GC-012'!$D$20:$H$109,5,0),"")) | CE4: =IF($C4="","",IFERROR(VLOOKUP(CONCATENATE(CE$3,"-",$C4),'FO-GC-012'!$D$20:$H$109,2,0),"")) | CF4: =IF($C4="","",IFERROR(VLOOKUP(CONCATENATE(CE$3,"-",$C4),'FO-GC-012'!$D$20:$H$109,3,0),"")) | CG4: =IF($C4="","",IFERROR(VLOOKUP(CONCATENATE(CE$3,"-",$C4),'FO-GC-012'!$D$20:$H$109,4,0),"")) | CH4: =IF($C4="","",IFERROR(VLOOKUP(CONCATENATE(CE$3,"-",$C4),'FO-GC-012'!$D$20:$H$109,5,0),""))
B5: =IF(C5="","",COUNTA(C$4:C5)) -> 2 | C5: ='Eq. Auditor'!B4 -> Alexander Luna Nieto | D5: =IF(C5="","",COUNTIF('FO-GC-012'!A:A,CONCATENATE("P-",C5))) -> 0 | E5: =IF(C5="","",COUNTIF('FO-GC-012'!A:A,CONCATENATE("A-",C5))) -> 0 | F5: =IF(C5="","",SUM(D5:E5)) -> 0 | G5: =IF($C5="","",IFERROR(VLOOKUP(CONCATENATE(G$3,"-",$C5),'FO-GC-012'!$D$20:$H$109,2,0),"")) | H5: =IF($C5="","",IFERROR(VLOOKUP(CONCATENATE(G$3,"-",$C5),'FO-GC-012'!$D$20:$H$109,3,0),"")) | I5: =IF($C5="","",IFERROR(VLOOKUP(CONCATENATE(G$3,"-",$C5),'FO-GC-012'!$D$20:$H$109,4,0),"")) | J5: =IF($C5="","",IFERROR(VLOOKUP(CONCATENATE(G$3,"-",$C5),'FO-GC-012'!$D$20:$H$109,5,0),"")) | K5: =IF($C5="","",IFERROR(VLOOKUP(CONCATENATE(K$3,"-",$C5),'FO-GC-012'!$D$20:$H$109,2,0),"")) | L5: =IF($C5="","",IFERROR(VLOOKUP(CONCATENATE(K$3,"-",$C5),'FO-GC-012'!$D$20:$H$109,3,0),"")) | M5: =IF($C5="","",IFERROR(VLOOKUP(CONCATENATE(K$3,"-",$C5),'FO-GC-012'!$D$20:$H$109,4,0),"")) | N5: =IF($C5="","",IFERROR(VLOOKUP(CONCATENATE(K$3,"-",$C5),'FO-GC-012'!$D$20:$H$109,5,0),"")) | O5: =IF($C5="","",IFERROR(VLOOKUP(CONCATENATE(O$3,"-",$C5),'FO-GC-012'!$D$20:$H$109,2,0),"")) | P5: =IF($C5="","",IFERROR(VLOOKUP(CONCATENATE(O$3,"-",$C5),'FO-GC-012'!$D$20:$H$109,3,0),"")) | Q5: =IF($C5="","",IFERROR(VLOOKUP(CONCATENATE(O$3,"-",$C5),'FO-GC-012'!$D$20:$H$109,4,0),"")) | R5: =IF($C5="","",IFERROR(VLOOKUP(CONCATENATE(O$3,"-",$C5),'FO-GC-012'!$D$20:$H$109,5,0),"")) | S5: =IF($C5="","",IFERROR(VLOOKUP(CONCATENATE(S$3,"-",$C5),'FO-GC-012'!$D$20:$H$109,2,0),"")) | T5: =IF($C5="","",IFERROR(VLOOKUP(CONCATENATE(S$3,"-",$C5),'FO-GC-012'!$D$20:$H$109,3,0),"")) | U5: =IF($C5="","",IFERROR(VLOOKUP(CONCATENATE(S$3,"-",$C5),'FO-GC-012'!$D$20:$H$109,4,0),"")) | V5: =IF($C5="","",IFERROR(VLOOKUP(CONCATENATE(S$3,"-",$C5),'FO-GC-012'!$D$20:$H$109,5,0),"")) | W5: =IF($C5="","",IFERROR(VLOOKUP(CONCATENATE(W$3,"-",$C5),'FO-GC-012'!$D$20:$H$109,2,0),"")) | X5: =IF($C5="","",IFERROR(VLOOKUP(CONCATENATE(W$3,"-",$C5),'FO-GC-012'!$D$20:$H$109,3,0),"")) | Y5: =IF($C5="","",IFERROR(VLOOKUP(CONCATENATE(W$3,"-",$C5),'FO-GC-012'!$D$20:$H$109,4,0),"")) | Z5: =IF($C5="","",IFERROR(VLOOKUP(CONCATENATE(W$3,"-",$C5),'FO-GC-012'!$D$20:$H$109,5,0),"")) | AA5: =IF($C5="","",IFERROR(VLOOKUP(CONCATENATE(AA$3,"-",$C5),'FO-GC-012'!$D$20:$H$109,2,0),"")) | AB5: =IF($C5="","",IFERROR(VLOOKUP(CONCATENATE(AA$3,"-",$C5),'FO-GC-012'!$D$20:$H$109,3,0),"")) | AC5: =IF($C5="","",IFERROR(VLOOKUP(CONCATENATE(AA$3,"-",$C5),'FO-GC-012'!$D$20:$H$109,4,0),"")) | AD5: =IF($C5="","",IFERROR(VLOOKUP(CONCATENATE(AA$3,"-",$C5),'FO-GC-012'!$D$20:$H$109,5,0),"")) | AE5: =IF($C5="","",IFERROR(VLOOKUP(CONCATENATE(AE$3,"-",$C5),'FO-GC-012'!$D$20:$H$109,2,0),"")) | AF5: =IF($C5="","",IFERROR(VLOOKUP(CONCATENATE(AE$3,"-",$C5),'FO-GC-012'!$D$20:$H$109,3,0),"")) | AG5: =IF($C5="","",IFERROR(VLOOKUP(CONCATENATE(AE$3,"-",$C5),'FO-GC-012'!$D$20:$H$109,4,0),"")) | AH5: =IF($C5="","",IFERROR(VLOOKUP(CONCATENATE(AE$3,"-",$C5),'FO-GC-012'!$D$20:$H$109,5,0),"")) | AI5: =IF($C5="","",IFERROR(VLOOKUP(CONCATENATE(AI$3,"-",$C5),'FO-GC-012'!$D$20:$H$109,2,0),"")) | AJ5: =IF($C5="","",IFERROR(VLOOKUP(CONCATENATE(AI$3,"-",$C5),'FO-GC-012'!$D$20:$H$109,3,0),"")) | AK5: =IF($C5="","",IFERROR(VLOOKUP(CONCATENATE(AI$3,"-",$C5),'FO-GC-012'!$D$20:$H$109,4,0),"")) | AL5: =IF($C5="","",IFERROR(VLOOKUP(CONCATENATE(AI$3,"-",$C5),'FO-GC-012'!$D$20:$H$109,5,0),"")) | AM5: =IF($C5="","",IFERROR(VLOOKUP(CONCATENATE(AM$3,"-",$C5),'FO-GC-012'!$D$20:$H$109,2,0),"")) | AN5: =IF($C5="","",IFERROR(VLOOKUP(CONCATENATE(AM$3,"-",$C5),'FO-GC-012'!$D$20:$H$109,3,0),"")) | AO5: =IF($C5="","",IFERROR(VLOOKUP(CONCATENATE(AM$3,"-",$C5),'FO-GC-012'!$D$20:$H$109,4,0),"")) | AP5: =IF($C5="","",IFERROR(VLOOKUP(CONCATENATE(AM$3,"-",$C5),'FO-GC-012'!$D$20:$H$109,5,0),"")) | AQ5: =IF($C5="","",IFERROR(VLOOKUP(CONCATENATE(AQ$3,"-",$C5),'FO-GC-012'!$D$20:$H$109,2,0),"")) | AR5: =IF($C5="","",IFERROR(VLOOKUP(CONCATENATE(AQ$3,"-",$C5),'FO-GC-012'!$D$20:$H$109,3,0),"")) | AS5: =IF($C5="","",IFERROR(VLOOKUP(CONCATENATE(AQ$3,"-",$C5),'FO-GC-012'!$D$20:$H$109,4,0),"")) | AT5: =IF($C5="","",IFERROR(VLOOKUP(CONCATENATE(AQ$3,"-",$C5),'FO-GC-012'!$D$20:$H$109,5,0),"")) | AU5: =IF($C5="","",IFERROR(VLOOKUP(CONCATENATE(AU$3,"-",$C5),'FO-GC-012'!$D$20:$H$109,2,0),"")) | AV5: =IF($C5="","",IFERROR(VLOOKUP(CONCATENATE(AU$3,"-",$C5),'FO-GC-012'!$D$20:$H$109,3,0),"")) | AW5: =IF($C5="","",IFERROR(VLOOKUP(CONCATENATE(AU$3,"-",$C5),'FO-GC-012'!$D$20:$H$109,4,0),"")) | AX5: =IF($C5="","",IFERROR(VLOOKUP(CONCATENATE(AU$3,"-",$C5),'FO-GC-012'!$D$20:$H$109,5,0),"")) | AY5: =IF($C5="","",IFERROR(VLOOKUP(CONCATENATE(AY$3,"-",$C5),'FO-GC-012'!$D$20:$H$109,2,0),"")) | AZ5: =IF($C5="","",IFERROR(VLOOKUP(CONCATENATE(AY$3,"-",$C5),'FO-GC-012'!$D$20:$H$109,3,0),"")) | BA5: =IF($C5="","",IFERROR(VLOOKUP(CONCATENATE(AY$3,"-",$C5),'FO-GC-012'!$D$20:$H$109,4,0),"")) | BB5: =IF($C5="","",IFERROR(VLOOKUP(CONCATENATE(AY$3,"-",$C5),'FO-GC-012'!$D$20:$H$109,5,0),"")) | BC5: =IF($C5="","",IFERROR(VLOOKUP(CONCATENATE(BC$3,"-",$C5),'FO-GC-012'!$D$20:$H$109,2,0),"")) | BD5: =IF($C5="","",IFERROR(VLOOKUP(CONCATENATE(BC$3,"-",$C5),'FO-GC-012'!$D$20:$H$109,3,0),"")) | BE5: =IF($C5="","",IFERROR(VLOOKUP(CONCATENATE(BC$3,"-",$C5),'FO-GC-012'!$D$20:$H$109,4,0),"")) | BF5: =IF($C5="","",IFERROR(VLOOKUP(CONCATENATE(BC$3,"-",$C5),'FO-GC-012'!$D$20:$H$109,5,0),"")) | BG5: =IF($C5="","",IFERROR(VLOOKUP(CONCATENATE(BG$3,"-",$C5),'FO-GC-012'!$D$20:$H$109,2,0),"")) | BH5: =IF($C5="","",IFERROR(VLOOKUP(CONCATENATE(BG$3,"-",$C5),'FO-GC-012'!$D$20:$H$109,3,0),"")) | BI5: =IF($C5="","",IFERROR(VLOOKUP(CONCATENATE(BG$3,"-",$C5),'FO-GC-012'!$D$20:$H$109,4,0),"")) | BJ5: =IF($C5="","",IFERROR(VLOOKUP(CONCATENATE(BG$3,"-",$C5),'FO-GC-012'!$D$20:$H$109,5,0),"")) | BK5: =IF($C5="","",IFERROR(VLOOKUP(CONCATENATE(BK$3,"-",$C5),'FO-GC-012'!$D$20:$H$109,2,0),"")) | BL5: =IF($C5="","",IFERROR(VLOOKUP(CONCATENATE(BK$3,"-",$C5),'FO-GC-012'!$D$20:$H$109,3,0),"")) | BM5: =IF($C5="","",IFERROR(VLOOKUP(CONCATENATE(BK$3,"-",$C5),'FO-GC-012'!$D$20:$H$109,4,0),"")) | BN5: =IF($C5="","",IFERROR(VLOOKUP(CONCATENATE(BK$3,"-",$C5),'FO-GC-012'!$D$20:$H$109,5,0),"")) | BO5: =IF($C5="","",IFERROR(VLOOKUP(CONCATENATE(BO$3,"-",$C5),'FO-GC-012'!$D$20:$H$109,2,0),"")) | BP5: =IF($C5="","",IFERROR(VLOOKUP(CONCATENATE(BO$3,"-",$C5),'FO-GC-012'!$D$20:$H$109,3,0),"")) | BQ5: =IF($C5="","",IFERROR(VLOOKUP(CONCATENATE(BO$3,"-",$C5),'FO-GC-012'!$D$20:$H$109,4,0),"")) | BR5: =IF($C5="","",IFERROR(VLOOKUP(CONCATENATE(BO$3,"-",$C5),'FO-GC-012'!$D$20:$H$109,5,0),"")) | BS5: =IF($C5="","",IFERROR(VLOOKUP(CONCATENATE(BS$3,"-",$C5),'FO-GC-012'!$D$20:$H$109,2,0),"")) | BT5: =IF($C5="","",IFERROR(VLOOKUP(CONCATENATE(BS$3,"-",$C5),'FO-GC-012'!$D$20:$H$109,3,0),"")) | BU5: =IF($C5="","",IFERROR(VLOOKUP(CONCATENATE(BS$3,"-",$C5),'FO-GC-012'!$D$20:$H$109,4,0),"")) | BV5: =IF($C5="","",IFERROR(VLOOKUP(CONCATENATE(BS$3,"-",$C5),'FO-GC-012'!$D$20:$H$109,5,0),"")) | BW5: =IF($C5="","",IFERROR(VLOOKUP(CONCATENATE(BW$3,"-",$C5),'FO-GC-012'!$D$20:$H$109,2,0),"")) | BX5: =IF($C5="","",IFERROR(VLOOKUP(CONCATENATE(BW$3,"-",$C5),'FO-GC-012'!$D$20:$H$109,3,0),"")) | BY5: =IF($C5="","",IFERROR(VLOOKUP(CONCATENATE(BW$3,"-",$C5),'FO-GC-012'!$D$20:$H$109,4,0),"")) | BZ5: =IF($C5="","",IFERROR(VLOOKUP(CONCATENATE(BW$3,"-",$C5),'FO-GC-012'!$D$20:$H$109,5,0),"")) | CA5: =IF($C5="","",IFERROR(VLOOKUP(CONCATENATE(CA$3,"-",$C5),'FO-GC-012'!$D$20:$H$109,2,0),"")) | CB5: =IF($C5="","",IFERROR(VLOOKUP(CONCATENATE(CA$3,"-",$C5),'FO-GC-012'!$D$20:$H$109,3,0),"")) | CC5: =IF($C5="","",IFERROR(VLOOKUP(CONCATENATE(CA$3,"-",$C5),'FO-GC-012'!$D$20:$H$109,4,0),"")) | CD5: =IF($C5="","",IFERROR(VLOOKUP(CONCATENATE(CA$3,"-",$C5),'FO-GC-012'!$D$20:$H$109,5,0),"")) | CE5: =IF($C5="","",IFERROR(VLOOKUP(CONCATENATE(CE$3,"-",$C5),'FO-GC-012'!$D$20:$H$109,2,0),"")) | CF5: =IF($C5="","",IFERROR(VLOOKUP(CONCATENATE(CE$3,"-",$C5),'FO-GC-012'!$D$20:$H$109,3,0),"")) | CG5: =IF($C5="","",IFERROR(VLOOKUP(CONCATENATE(CE$3,"-",$C5),'FO-GC-012'!$D$20:$H$109,4,0),"")) | CH5: =IF($C5="","",IFERROR(VLOOKUP(CONCATENATE(CE$3,"-",$C5),'FO-GC-012'!$D$20:$H$109,5,0),""))
B6: =IF(C6="","",COUNTA(C$4:C6)) -> 3 | C6: ='Eq. Auditor'!B5 -> Ana Baos | D6: =IF(C6="","",COUNTIF('FO-GC-012'!A:A,CONCATENATE("P-",C6))) -> 0 | E6: =IF(C6="","",COUNTIF('FO-GC-012'!A:A,CONCATENATE("A-",C6))) -> 0 | F6: =IF(C6="","",SUM(D6:E6)) -> 0 | G6: =IF($C6="","",IFERROR(VLOOKUP(CONCATENATE(G$3,"-",$C6),'FO-GC-012'!$D$20:$H$109,2,0),"")) | H6: =IF($C6="","",IFERROR(VLOOKUP(CONCATENATE(G$3,"-",$C6),'FO-GC-012'!$D$20:$H$109,3,0),"")) | I6: =IF($C6="","",IFERROR(VLOOKUP(CONCATENATE(G$3,"-",$C6),'FO-GC-012'!$D$20:$H$109,4,0),"")) | J6: =IF($C6="","",IFERROR(VLOOKUP(CONCATENATE(G$3,"-",$C6),'FO-GC-012'!$D$20:$H$109,5,0),"")) | K6: =IF($C6="","",IFERROR(VLOOKUP(CONCATENATE(K$3,"-",$C6),'FO-GC-012'!$D$20:$H$109,2,0),"")) | L6: =IF($C6="","",IFERROR(VLOOKUP(CONCATENATE(K$3,"-",$C6),'FO-GC-012'!$D$20:$H$109,3,0),"")) | M6: =IF($C6="","",IFERROR(VLOOKUP(CONCATENATE(K$3,"-",$C6),'FO-GC-012'!$D$20:$H$109,4,0),"")) | N6: =IF($C6="","",IFERROR(VLOOKUP(CONCATENATE(K$3,"-",$C6),'FO-GC-012'!$D$20:$H$109,5,0),"")) | O6: =IF($C6="","",IFERROR(VLOOKUP(CONCATENATE(O$3,"-",$C6),'FO-GC-012'!$D$20:$H$109,2,0),"")) | P6: =IF($C6="","",IFERROR(VLOOKUP(CONCATENATE(O$3,"-",$C6),'FO-GC-012'!$D$20:$H$109,3,0),"")) | Q6: =IF($C6="","",IFERROR(VLOOKUP(CONCATENATE(O$3,"-",$C6),'FO-GC-012'!$D$20:$H$109,4,0),"")) | R6: =IF($C6="","",IFERROR(VLOOKUP(CONCATENATE(O$3,"-",$C6),'FO-GC-012'!$D$20:$H$109,5,0),"")) | S6: =IF($C6="","",IFERROR(VLOOKUP(CONCATENATE(S$3,"-",$C6),'FO-GC-012'!$D$20:$H$109,2,0),"")) | T6: =IF($C6="","",IFERROR(VLOOKUP(CONCATENATE(S$3,"-",$C6),'FO-GC-012'!$D$20:$H$109,3,0),"")) | U6: =IF($C6="","",IFERROR(VLOOKUP(CONCATENATE(S$3,"-",$C6),'FO-GC-012'!$D$20:$H$109,4,0),"")) | V6: =IF($C6="","",IFERROR(VLOOKUP(CONCATENATE(S$3,"-",$C6),'FO-GC-012'!$D$20:$H$109,5,0),"")) | W6: =IF($C6="","",IFERROR(VLOOKUP(CONCATENATE(W$3,"-",$C6),'FO-GC-012'!$D$20:$H$109,2,0),"")) | X6: =IF($C6="","",IFERROR(VLOOKUP(CONCATENATE(W$3,"-",$C6),'FO-GC-012'!$D$20:$H$109,3,0),"")) | Y6: =IF($C6="","",IFERROR(VLOOKUP(CONCATENATE(W$3,"-",$C6),'FO-GC-012'!$D$20:$H$109,4,0),"")) | Z6: =IF($C6="","",IFERROR(VLOOKUP(CONCATENATE(W$3,"-",$C6),'FO-GC-012'!$D$20:$H$109,5,0),"")) | AA6: =IF($C6="","",IFERROR(VLOOKUP(CONCATENATE(AA$3,"-",$C6),'FO-GC-012'!$D$20:$H$109,2,0),"")) | AB6: =IF($C6="","",IFERROR(VLOOKUP(CONCATENATE(AA$3,"-",$C6),'FO-GC-012'!$D$20:$H$109,3,0),"")) | AC6: =IF($C6="","",IFERROR(VLOOKUP(CONCATENATE(AA$3,"-",$C6),'FO-GC-012'!$D$20:$H$109,4,0),"")) | AD6: =IF($C6="","",IFERROR(VLOOKUP(CONCATENATE(AA$3,"-",$C6),'FO-GC-012'!$D$20:$H$109,5,0),"")) | AE6: =IF($C6="","",IFERROR(VLOOKUP(CONCATENATE(AE$3,"-",$C6),'FO-GC-012'!$D$20:$H$109,2,0),"")) | AF6: =IF($C6="","",IFERROR(VLOOKUP(CONCATENATE(AE$3,"-",$C6),'FO-GC-012'!$D$20:$H$109,3,0),"")) | AG6: =IF($C6="","",IFERROR(VLOOKUP(CONCATENATE(AE$3,"-",$C6),'FO-GC-012'!$D$20:$H$109,4,0),"")) | AH6: =IF($C6="","",IFERROR(VLOOKUP(CONCATENATE(AE$3,"-",$C6),'FO-GC-012'!$D$20:$H$109,5,0),"")) | AI6: =IF($C6="","",IFERROR(VLOOKUP(CONCATENATE(AI$3,"-",$C6),'FO-GC-012'!$D$20:$H$109,2,0),"")) | AJ6: =IF($C6="","",IFERROR(VLOOKUP(CONCATENATE(AI$3,"-",$C6),'FO-GC-012'!$D$20:$H$109,3,0),"")) | AK6: =IF($C6="","",IFERROR(VLOOKUP(CONCATENATE(AI$3,"-",$C6),'FO-GC-012'!$D$20:$H$109,4,0),"")) | AL6: =IF($C6="","",IFERROR(VLOOKUP(CONCATENATE(AI$3,"-",$C6),'FO-GC-012'!$D$20:$H$109,5,0),"")) | AM6: =IF($C6="","",IFERROR(VLOOKUP(CONCATENATE(AM$3,"-",$C6),'FO-GC-012'!$D$20:$H$109,2,0),"")) | AN6: =IF($C6="","",IFERROR(VLOOKUP(CONCATENATE(AM$3,"-",$C6),'FO-GC-012'!$D$20:$H$109,3,0),"")) | AO6: =IF($C6="","",IFERROR(VLOOKUP(CONCATENATE(AM$3,"-",$C6),'FO-GC-012'!$D$20:$H$109,4,0),"")) | AP6: =IF($C6="","",IFERROR(VLOOKUP(CONCATENATE(AM$3,"-",$C6),'FO-GC-012'!$D$20:$H$109,5,0),"")) | AQ6: =IF($C6="","",IFERROR(VLOOKUP(CONCATENATE(AQ$3,"-",$C6),'FO-GC-012'!$D$20:$H$109,2,0),"")) | AR6: =IF($C6="","",IFERROR(VLOOKUP(CONCATENATE(AQ$3,"-",$C6),'FO-GC-012'!$D$20:$H$109,3,0),"")) | AS6: =IF($C6="","",IFERROR(VLOOKUP(CONCATENATE(AQ$3,"-",$C6),'FO-GC-012'!$D$20:$H$109,4,0),"")) | AT6: =IF($C6="","",IFERROR(VLOOKUP(CONCATENATE(AQ$3,"-",$C6),'FO-GC-012'!$D$20:$H$109,5,0),"")) | AU6: =IF($C6="","",IFERROR(VLOOKUP(CONCATENATE(AU$3,"-",$C6),'FO-GC-012'!$D$20:$H$109,2,0),"")) | AV6: =IF($C6="","",IFERROR(VLOOKUP(CONCATENATE(AU$3,"-",$C6),'FO-GC-012'!$D$20:$H$109,3,0),"")) | AW6: =IF($C6="","",IFERROR(VLOOKUP(CONCATENATE(AU$3,"-",$C6),'FO-GC-012'!$D$20:$H$109,4,0),"")) | AX6: =IF($C6="","",IFERROR(VLOOKUP(CONCATENATE(AU$3,"-",$C6),'FO-GC-012'!$D$20:$H$109,5,0),"")) | AY6: =IF($C6="","",IFERROR(VLOOKUP(CONCATENATE(AY$3,"-",$C6),'FO-GC-012'!$D$20:$H$109,2,0),"")) | AZ6: =IF($C6="","",IFERROR(VLOOKUP(CONCATENATE(AY$3,"-",$C6),'FO-GC-012'!$D$20:$H$109,3,0),"")) | BA6: =IF($C6="","",IFERROR(VLOOKUP(CONCATENATE(AY$3,"-",$C6),'FO-GC-012'!$D$20:$H$109,4,0),"")) | BB6: =IF($C6="","",IFERROR(VLOOKUP(CONCATENATE(AY$3,"-",$C6),'FO-GC-012'!$D$20:$H$109,5,0),"")) | BC6: =IF($C6="","",IFERROR(VLOOKUP(CONCATENATE(BC$3,"-",$C6),'FO-GC-012'!$D$20:$H$109,2,0),"")) | BD6: =IF($C6="","",IFERROR(VLOOKUP(CONCATENATE(BC$3,"-",$C6),'FO-GC-012'!$D$20:$H$109,3,0),"")) | BE6: =IF($C6="","",IFERROR(VLOOKUP(CONCATENATE(BC$3,"-",$C6),'FO-GC-012'!$D$20:$H$109,4,0),"")) | BF6: =IF($C6="","",IFERROR(VLOOKUP(CONCATENATE(BC$3,"-",$C6),'FO-GC-012'!$D$20:$H$109,5,0),"")) | BG6: =IF($C6="","",IFERROR(VLOOKUP(CONCATENATE(BG$3,"-",$C6),'FO-GC-012'!$D$20:$H$109,2,0),"")) | BH6: =IF($C6="","",IFERROR(VLOOKUP(CONCATENATE(BG$3,"-",$C6),'FO-GC-012'!$D$20:$H$109,3,0),"")) | BI6: =IF($C6="","",IFERROR(VLOOKUP(CONCATENATE(BG$3,"-",$C6),'FO-GC-012'!$D$20:$H$109,4,0),"")) | BJ6: =IF($C6="","",IFERROR(VLOOKUP(CONCATENATE(BG$3,"-",$C6),'FO-GC-012'!$D$20:$H$109,5,0),"")) | BK6: =IF($C6="","",IFERROR(VLOOKUP(CONCATENATE(BK$3,"-",$C6),'FO-GC-012'!$D$20:$H$109,2,0),"")) | BL6: =IF($C6="","",IFERROR(VLOOKUP(CONCATENATE(BK$3,"-",$C6),'FO-GC-012'!$D$20:$H$109,3,0),"")) | BM6: =IF($C6="","",IFERROR(VLOOKUP(CONCATENATE(BK$3,"-",$C6),'FO-GC-012'!$D$20:$H$109,4,0),"")) | BN6: =IF($C6="","",IFERROR(VLOOKUP(CONCATENATE(BK$3,"-",$C6),'FO-GC-012'!$D$20:$H$109,5,0),"")) | BO6: =IF($C6="","",IFERROR(VLOOKUP(CONCATENATE(BO$3,"-",$C6),'FO-GC-012'!$D$20:$H$109,2,0),"")) | BP6: =IF($C6="","",IFERROR(VLOOKUP(CONCATENATE(BO$3,"-",$C6),'FO-GC-012'!$D$20:$H$109,3,0),"")) | BQ6: =IF($C6="","",IFERROR(VLOOKUP(CONCATENATE(BO$3,"-",$C6),'FO-GC-012'!$D$20:$H$109,4,0),"")) | BR6: =IF($C6="","",IFERROR(VLOOKUP(CONCATENATE(BO$3,"-",$C6),'FO-GC-012'!$D$20:$H$109,5,0),"")) | BS6: =IF($C6="","",IFERROR(VLOOKUP(CONCATENATE(BS$3,"-",$C6),'FO-GC-012'!$D$20:$H$109,2,0),"")) | BT6: =IF($C6="","",IFERROR(VLOOKUP(CONCATENATE(BS$3,"-",$C6),'FO-GC-012'!$D$20:$H$109,3,0),"")) | BU6: =IF($C6="","",IFERROR(VLOOKUP(CONCATENATE(BS$3,"-",$C6),'FO-GC-012'!$D$20:$H$109,4,0),"")) | BV6: =IF($C6="","",IFERROR(VLOOKUP(CONCATENATE(BS$3,"-",$C6),'FO-GC-012'!$D$20:$H$109,5,0),"")) | BW6: =IF($C6="","",IFERROR(VLOOKUP(CONCATENATE(BW$3,"-",$C6),'FO-GC-012'!$D$20:$H$109,2,0),"")) | BX6: =IF($C6="","",IFERROR(VLOOKUP(CONCATENATE(BW$3,"-",$C6),'FO-GC-012'!$D$20:$H$109,3,0),"")) | BY6: =IF($C6="","",IFERROR(VLOOKUP(CONCATENATE(BW$3,"-",$C6),'FO-GC-012'!$D$20:$H$109,4,0),"")) | BZ6: =IF($C6="","",IFERROR(VLOOKUP(CONCATENATE(BW$3,"-",$C6),'FO-GC-012'!$D$20:$H$109,5,0),"")) | CA6: =IF($C6="","",IFERROR(VLOOKUP(CONCATENATE(CA$3,"-",$C6),'FO-GC-012'!$D$20:$H$109,2,0),"")) | CB6: =IF($C6="","",IFERROR(VLOOKUP(CONCATENATE(CA$3,"-",$C6),'FO-GC-012'!$D$20:$H$109,3,0),"")) | CC6: =IF($C6="","",IFERROR(VLOOKUP(CONCATENATE(CA$3,"-",$C6),'FO-GC-012'!$D$20:$H$109,4,0),"")) | CD6: =IF($C6="","",IFERROR(VLOOKUP(CONCATENATE(CA$3,"-",$C6),'FO-GC-012'!$D$20:$H$109,5,0),"")) | CE6: =IF($C6="","",IFERROR(VLOOKUP(CONCATENATE(CE$3,"-",$C6),'FO-GC-012'!$D$20:$H$109,2,0),"")) | CF6: =IF($C6="","",IFERROR(VLOOKUP(CONCATENATE(CE$3,"-",$C6),'FO-GC-012'!$D$20:$H$109,3,0),"")) | CG6: =IF($C6="","",IFERROR(VLOOKUP(CONCATENATE(CE$3,"-",$C6),'FO-GC-012'!$D$20:$H$109,4,0),"")) | CH6: =IF($C6="","",IFERROR(VLOOKUP(CONCATENATE(CE$3,"-",$C6),'FO-GC-012'!$D$20:$H$109,5,0),""))
B7: =IF(C7="","",COUNTA(C$4:C7)) -> 4 | C7: ='Eq. Auditor'!B6 -> *Carlos Andrés Durán Enríquez | D7: =IF(C7="","",COUNTIF('FO-GC-012'!A:A,CONCATENATE("P-",C7))) -> 0 | E7: =IF(C7="","",COUNTIF('FO-GC-012'!A:A,CONCATENATE("A-",C7))) -> 0 | F7: =IF(C7="","",SUM(D7:E7)) -> 0 | G7: =IF($C7="","",IFERROR(VLOOKUP(CONCATENATE(G$3,"-",$C7),'FO-GC-012'!$D$20:$H$109,2,0),"")) | H7: =IF($C7="","",IFERROR(VLOOKUP(CONCATENATE(G$3,"-",$C7),'FO-GC-012'!$D$20:$H$109,3,0),"")) | I7: =IF($C7="","",IFERROR(VLOOKUP(CONCATENATE(G$3,"-",$C7),'FO-GC-012'!$D$20:$H$109,4,0),"")) | J7: =IF($C7="","",IFERROR(VLOOKUP(CONCATENATE(G$3,"-",$C7),'FO-GC-012'!$D$20:$H$109,5,0),"")) | K7: =IF($C7="","",IFERROR(VLOOKUP(CONCATENATE(K$3,"-",$C7),'FO-GC-012'!$D$20:$H$109,2,0),"")) | L7: =IF($C7="","",IFERROR(VLOOKUP(CONCATENATE(K$3,"-",$C7),'FO-GC-012'!$D$20:$H$109,3,0),"")) | M7: =IF($C7="","",IFERROR(VLOOKUP(CONCATENATE(K$3,"-",$C7),'FO-GC-012'!$D$20:$H$109,4,0),"")) | N7: =IF($C7="","",IFERROR(VLOOKUP(CONCATENATE(K$3,"-",$C7),'FO-GC-012'!$D$20:$H$109,5,0),"")) | O7: =IF($C7="","",IFERROR(VLOOKUP(CONCATENATE(O$3,"-",$C7),'FO-GC-012'!$D$20:$H$109,2,0),"")) | P7: =IF($C7="","",IFERROR(VLOOKUP(CONCATENATE(O$3,"-",$C7),'FO-GC-012'!$D$20:$H$109,3,0),"")) | Q7: =IF($C7="","",IFERROR(VLOOKUP(CONCATENATE(O$3,"-",$C7),'FO-GC-012'!$D$20:$H$109,4,0),"")) | R7: =IF($C7="","",IFERROR(VLOOKUP(CONCATENATE(O$3,"-",$C7),'FO-GC-012'!$D$20:$H$109,5,0),"")) | S7: =IF($C7="","",IFERROR(VLOOKUP(CONCATENATE(S$3,"-",$C7),'FO-GC-012'!$D$20:$H$109,2,0),"")) | T7: =IF($C7="","",IFERROR(VLOOKUP(CONCATENATE(S$3,"-",$C7),'FO-GC-012'!$D$20:$H$109,3,0),"")) | U7: =IF($C7="","",IFERROR(VLOOKUP(CONCATENATE(S$3,"-",$C7),'FO-GC-012'!$D$20:$H$109,4,0),"")) | V7: =IF($C7="","",IFERROR(VLOOKUP(CONCATENATE(S$3,"-",$C7),'FO-GC-012'!$D$20:$H$109,5,0),"")) | W7: =IF($C7="","",IFERROR(VLOOKUP(CONCATENATE(W$3,"-",$C7),'FO-GC-012'!$D$20:$H$109,2,0),"")) | X7: =IF($C7="","",IFERROR(VLOOKUP(CONCATENATE(W$3,"-",$C7),'FO-GC-012'!$D$20:$H$109,3,0),"")) | Y7: =IF($C7="","",IFERROR(VLOOKUP(CONCATENATE(W$3,"-",$C7),'FO-GC-012'!$D$20:$H$109,4,0),"")) | Z7: =IF($C7="","",IFERROR(VLOOKUP(CONCATENATE(W$3,"-",$C7),'FO-GC-012'!$D$20:$H$109,5,0),"")) | AA7: =IF($C7="","",IFERROR(VLOOKUP(CONCATENATE(AA$3,"-",$C7),'FO-GC-012'!$D$20:$H$109,2,0),"")) | AB7: =IF($C7="","",IFERROR(VLOOKUP(CONCATENATE(AA$3,"-",$C7),'FO-GC-012'!$D$20:$H$109,3,0),"")) | AC7: =IF($C7="","",IFERROR(VLOOKUP(CONCATENATE(AA$3,"-",$C7),'FO-GC-012'!$D$20:$H$109,4,0),"")) | AD7: =IF($C7="","",IFERROR(VLOOKUP(CONCATENATE(AA$3,"-",$C7),'FO-GC-012'!$D$20:$H$109,5,0),"")) | AE7: =IF($C7="","",IFERROR(VLOOKUP(CONCATENATE(AE$3,"-",$C7),'FO-GC-012'!$D$20:$H$109,2,0),"")) | AF7: =IF($C7="","",IFERROR(VLOOKUP(CONCATENATE(AE$3,"-",$C7),'FO-GC-012'!$D$20:$H$109,3,0),"")) | AG7: =IF($C7="","",IFERROR(VLOOKUP(CONCATENATE(AE$3,"-",$C7),'FO-GC-012'!$D$20:$H$109,4,0),"")) | AH7: =IF($C7="","",IFERROR(VLOOKUP(CONCATENATE(AE$3,"-",$C7),'FO-GC-012'!$D$20:$H$109,5,0),"")) | AI7: =IF($C7="","",IFERROR(VLOOKUP(CONCATENATE(AI$3,"-",$C7),'FO-GC-012'!$D$20:$H$109,2,0),"")) | AJ7: =IF($C7="","",IFERROR(VLOOKUP(CONCATENATE(AI$3,"-",$C7),'FO-GC-012'!$D$20:$H$109,3,0),"")) | AK7: =IF($C7="","",IFERROR(VLOOKUP(CONCATENATE(AI$3,"-",$C7),'FO-GC-012'!$D$20:$H$109,4,0),"")) | AL7: =IF($C7="","",IFERROR(VLOOKUP(CONCATENATE(AI$3,"-",$C7),'FO-GC-012'!$D$20:$H$109,5,0),"")) | AM7: =IF($C7="","",IFERROR(VLOOKUP(CONCATENATE(AM$3,"-",$C7),'FO-GC-012'!$D$20:$H$109,2,0),"")) | AN7: =IF($C7="","",IFERROR(VLOOKUP(CONCATENATE(AM$3,"-",$C7),'FO-GC-012'!$D$20:$H$109,3,0),"")) | AO7: =IF($C7="","",IFERROR(VLOOKUP(CONCATENATE(AM$3,"-",$C7),'FO-GC-012'!$D$20:$H$109,4,0),"")) | AP7: =IF($C7="","",IFERROR(VLOOKUP(CONCATENATE(AM$3,"-",$C7),'FO-GC-012'!$D$20:$H$109,5,0),"")) | AQ7: =IF($C7="","",IFERROR(VLOOKUP(CONCATENATE(AQ$3,"-",$C7),'FO-GC-012'!$D$20:$H$109,2,0),"")) | AR7: =IF($C7="","",IFERROR(VLOOKUP(CONCATENATE(AQ$3,"-",$C7),'FO-GC-012'!$D$20:$H$109,3,0),"")) | AS7: =IF($C7="","",IFERROR(VLOOKUP(CONCATENATE(AQ$3,"-",$C7),'FO-GC-012'!$D$20:$H$109,4,0),"")) | AT7: =IF($C7="","",IFERROR(VLOOKUP(CONCATENATE(AQ$3,"-",$C7),'FO-GC-012'!$D$20:$H$109,5,0),"")) | AU7: =IF($C7="","",IFERROR(VLOOKUP(CONCATENATE(AU$3,"-",$C7),'FO-GC-012'!$D$20:$H$109,2,0),"")) | AV7: =IF($C7="","",IFERROR(VLOOKUP(CONCATENATE(AU$3,"-",$C7),'FO-GC-012'!$D$20:$H$109,3,0),"")) | AW7: =IF($C7="","",IFERROR(VLOOKUP(CONCATENATE(AU$3,"-",$C7),'FO-GC-012'!$D$20:$H$109,4,0),"")) | AX7: =IF($C7="","",IFERROR(VLOOKUP(CONCATENATE(AU$3,"-",$C7),'FO-GC-012'!$D$20:$H$109,5,0),"")) | AY7: =IF($C7="","",IFERROR(VLOOKUP(CONCATENATE(AY$3,"-",$C7),'FO-GC-012'!$D$20:$H$109,2,0),"")) | AZ7: =IF($C7="","",IFERROR(VLOOKUP(CONCATENATE(AY$3,"-",$C7),'FO-GC-012'!$D$20:$H$109,3,0),"")) | BA7: =IF($C7="","",IFERROR(VLOOKUP(CONCATENATE(AY$3,"-",$C7),'FO-GC-012'!$D$20:$H$109,4,0),"")) | BB7: =IF($C7="","",IFERROR(VLOOKUP(CONCATENATE(AY$3,"-",$C7),'FO-GC-012'!$D$20:$H$109,5,0),"")) | BC7: =IF($C7="","",IFERROR(VLOOKUP(CONCATENATE(BC$3,"-",$C7),'FO-GC-012'!$D$20:$H$109,2,0),"")) | BD7: =IF($C7="","",IFERROR(VLOOKUP(CONCATENATE(BC$3,"-",$C7),'FO-GC-012'!$D$20:$H$109,3,0),"")) | BE7: =IF($C7="","",IFERROR(VLOOKUP(CONCATENATE(BC$3,"-",$C7),'FO-GC-012'!$D$20:$H$109,4,0),"")) | BF7: =IF($C7="","",IFERROR(VLOOKUP(CONCATENATE(BC$3,"-",$C7),'FO-GC-012'!$D$20:$H$109,5,0),"")) | BG7: =IF($C7="","",IFERROR(VLOOKUP(CONCATENATE(BG$3,"-",$C7),'FO-GC-012'!$D$20:$H$109,2,0),"")) | BH7: =IF($C7="","",IFERROR(VLOOKUP(CONCATENATE(BG$3,"-",$C7),'FO-GC-012'!$D$20:$H$109,3,0),"")) | BI7: =IF($C7="","",IFERROR(VLOOKUP(CONCATENATE(BG$3,"-",$C7),'FO-GC-012'!$D$20:$H$109,4,0),"")) | BJ7: =IF($C7="","",IFERROR(VLOOKUP(CONCATENATE(BG$3,"-",$C7),'FO-GC-012'!$D$20:$H$109,5,0),"")) | BK7: =IF($C7="","",IFERROR(VLOOKUP(CONCATENATE(BK$3,"-",$C7),'FO-GC-012'!$D$20:$H$109,2,0),"")) | BL7: =IF($C7="","",IFERROR(VLOOKUP(CONCATENATE(BK$3,"-",$C7),'FO-GC-012'!$D$20:$H$109,3,0),"")) | BM7: =IF($C7="","",IFERROR(VLOOKUP(CONCATENATE(BK$3,"-",$C7),'FO-GC-012'!$D$20:$H$109,4,0),"")) | BN7: =IF($C7="","",IFERROR(VLOOKUP(CONCATENATE(BK$3,"-",$C7),'FO-GC-012'!$D$20:$H$109,5,0),"")) | BO7: =IF($C7="","",IFERROR(VLOOKUP(CONCATENATE(BO$3,"-",$C7),'FO-GC-012'!$D$20:$H$109,2,0),"")) | BP7: =IF($C7="","",IFERROR(VLOOKUP(CONCATENATE(BO$3,"-",$C7),'FO-GC-012'!$D$20:$H$109,3,0),"")) | BQ7: =IF($C7="","",IFERROR(VLOOKUP(CONCATENATE(BO$3,"-",$C7),'FO-GC-012'!$D$20:$H$109,4,0),"")) | BR7: =IF($C7="","",IFERROR(VLOOKUP(CONCATENATE(BO$3,"-",$C7),'FO-GC-012'!$D$20:$H$109,5,0),"")) | BS7: =IF($C7="","",IFERROR(VLOOKUP(CONCATENATE(BS$3,"-",$C7),'FO-GC-012'!$D$20:$H$109,2,0),"")) | BT7: =IF($C7="","",IFERROR(VLOOKUP(CONCATENATE(BS$3,"-",$C7),'FO-GC-012'!$D$20:$H$109,3,0),"")) | BU7: =IF($C7="","",IFERROR(VLOOKUP(CONCATENATE(BS$3,"-",$C7),'FO-GC-012'!$D$20:$H$109,4,0),"")) | BV7: =IF($C7="","",IFERROR(VLOOKUP(CONCATENATE(BS$3,"-",$C7),'FO-GC-012'!$D$20:$H$109,5,0),"")) | BW7: =IF($C7="","",IFERROR(VLOOKUP(CONCATENATE(BW$3,"-",$C7),'FO-GC-012'!$D$20:$H$109,2,0),"")) | BX7: =IF($C7="","",IFERROR(VLOOKUP(CONCATENATE(BW$3,"-",$C7),'FO-GC-012'!$D$20:$H$109,3,0),"")) | BY7: =IF($C7="","",IFERROR(VLOOKUP(CONCATENATE(BW$3,"-",$C7),'FO-GC-012'!$D$20:$H$109,4,0),"")) | BZ7: =IF($C7="","",IFERROR(VLOOKUP(CONCATENATE(BW$3,"-",$C7),'FO-GC-012'!$D$20:$H$109,5,0),"")) | CA7: =IF($C7="","",IFERROR(VLOOKUP(CONCATENATE(CA$3,"-",$C7),'FO-GC-012'!$D$20:$H$109,2,0),"")) | CB7: =IF($C7="","",IFERROR(VLOOKUP(CONCATENATE(CA$3,"-",$C7),'FO-GC-012'!$D$20:$H$109,3,0),"")) | CC7: =IF($C7="","",IFERROR(VLOOKUP(CONCATENATE(CA$3,"-",$C7),'FO-GC-012'!$D$20:$H$109,4,0),"")) | CD7: =IF($C7="","",IFERROR(VLOOKUP(CONCATENATE(CA$3,"-",$C7),'FO-GC-012'!$D$20:$H$109,5,0),"")) | CE7: =IF($C7="","",IFERROR(VLOOKUP(CONCATENATE(CE$3,"-",$C7),'FO-GC-012'!$D$20:$H$109,2,0),"")) | CF7: =IF($C7="","",IFERROR(VLOOKUP(CONCATENATE(CE$3,"-",$C7),'FO-GC-012'!$D$20:$H$109,3,0),"")) | CG7: =IF($C7="","",IFERROR(VLOOKUP(CONCATENATE(CE$3,"-",$C7),'FO-GC-012'!$D$20:$H$109,4,0),"")) | CH7: =IF($C7="","",IFERROR(VLOOKUP(CONCATENATE(CE$3,"-",$C7),'FO-GC-012'!$D$20:$H$109,5,0),""))
B8: =IF(C8="","",COUNTA(C$4:C8)) -> 5 | C8: ='Eq. Auditor'!B7 -> *Carlos Fernando Mina Zape | D8: =IF(C8="","",COUNTIF('FO-GC-012'!A:A,CONCATENATE("P-",C8))) -> 0 | E8: =IF(C8="","",COUNTIF('FO-GC-012'!A:A,CONCATENATE("A-",C8))) -> 0 | F8: =IF(C8="","",SUM(D8:E8)) -> 0 | G8: =IF($C8="","",IFERROR(VLOOKUP(CONCATENATE(G$3,"-",$C8),'FO-GC-012'!$D$20:$H$109,2,0),"")) | H8: =IF($C8="","",IFERROR(VLOOKUP(CONCATENATE(G$3,"-",$C8),'FO-GC-012'!$D$20:$H$109,3,0),"")) | I8: =IF($C8="","",IFERROR(VLOOKUP(CONCATENATE(G$3,"-",$C8),'FO-GC-012'!$D$20:$H$109,4,0),"")) | J8: =IF($C8="","",IFERROR(VLOOKUP(CONCATENATE(G$3,"-",$C8),'FO-GC-012'!$D$20:$H$109,5,0),"")) | K8: =IF($C8="","",IFERROR(VLOOKUP(CONCATENATE(K$3,"-",$C8),'FO-GC-012'!$D$20:$H$109,2,0),"")) | L8: =IF($C8="","",IFERROR(VLOOKUP(CONCATENATE(K$3,"-",$C8),'FO-GC-012'!$D$20:$H$109,3,0),"")) | M8: =IF($C8="","",IFERROR(VLOOKUP(CONCATENATE(K$3,"-",$C8),'FO-GC-012'!$D$20:$H$109,4,0),"")) | N8: =IF($C8="","",IFERROR(VLOOKUP(CONCATENATE(K$3,"-",$C8),'FO-GC-012'!$D$20:$H$109,5,0),"")) | O8: =IF($C8="","",IFERROR(VLOOKUP(CONCATENATE(O$3,"-",$C8),'FO-GC-012'!$D$20:$H$109,2,0),"")) | P8: =IF($C8="","",IFERROR(VLOOKUP(CONCATENATE(O$3,"-",$C8),'FO-GC-012'!$D$20:$H$109,3,0),"")) | Q8: =IF($C8="","",IFERROR(VLOOKUP(CONCATENATE(O$3,"-",$C8),'FO-GC-012'!$D$20:$H$109,4,0),"")) | R8: =IF($C8="","",IFERROR(VLOOKUP(CONCATENATE(O$3,"-",$C8),'FO-GC-012'!$D$20:$H$109,5,0),"")) | S8: =IF($C8="","",IFERROR(VLOOKUP(CONCATENATE(S$3,"-",$C8),'FO-GC-012'!$D$20:$H$109,2,0),"")) | T8: =IF($C8="","",IFERROR(VLOOKUP(CONCATENATE(S$3,"-",$C8),'FO-GC-012'!$D$20:$H$109,3,0),"")) | U8: =IF($C8="","",IFERROR(VLOOKUP(CONCATENATE(S$3,"-",$C8),'FO-GC-012'!$D$20:$H$109,4,0),"")) | V8: =IF($C8="","",IFERROR(VLOOKUP(CONCATENATE(S$3,"-",$C8),'FO-GC-012'!$D$20:$H$109,5,0),"")) | W8: =IF($C8="","",IFERROR(VLOOKUP(CONCATENATE(W$3,"-",$C8),'FO-GC-012'!$D$20:$H$109,2,0),"")) | X8: =IF($C8="","",IFERROR(VLOOKUP(CONCATENATE(W$3,"-",$C8),'FO-GC-012'!$D$20:$H$109,3,0),"")) | Y8: =IF($C8="","",IFERROR(VLOOKUP(CONCATENATE(W$3,"-",$C8),'FO-GC-012'!$D$20:$H$109,4,0),"")) | Z8: =IF($C8="","",IFERROR(VLOOKUP(CONCATENATE(W$3,"-",$C8),'FO-GC-012'!$D$20:$H$109,5,0),"")) | AA8: =IF($C8="","",IFERROR(VLOOKUP(CONCATENATE(AA$3,"-",$C8),'FO-GC-012'!$D$20:$H$109,2,0),"")) | AB8: =IF($C8="","",IFERROR(VLOOKUP(CONCATENATE(AA$3,"-",$C8),'FO-GC-012'!$D$20:$H$109,3,0),"")) | AC8: =IF($C8="","",IFERROR(VLOOKUP(CONCATENATE(AA$3,"-",$C8),'FO-GC-012'!$D$20:$H$109,4,0),"")) | AD8: =IF($C8="","",IFERROR(VLOOKUP(CONCATENATE(AA$3,"-",$C8),'FO-GC-012'!$D$20:$H$109,5,0),"")) | AE8: =IF($C8="","",IFERROR(VLOOKUP(CONCATENATE(AE$3,"-",$C8),'FO-GC-012'!$D$20:$H$109,2,0),"")) | AF8: =IF($C8="","",IFERROR(VLOOKUP(CONCATENATE(AE$3,"-",$C8),'FO-GC-012'!$D$20:$H$109,3,0),"")) | AG8: =IF($C8="","",IFERROR(VLOOKUP(CONCATENATE(AE$3,"-",$C8),'FO-GC-012'!$D$20:$H$109,4,0),"")) | AH8: =IF($C8="","",IFERROR(VLOOKUP(CONCATENATE(AE$3,"-",$C8),'FO-GC-012'!$D$20:$H$109,5,0),"")) | AI8: =IF($C8="","",IFERROR(VLOOKUP(CONCATENATE(AI$3,"-",$C8),'FO-GC-012'!$D$20:$H$109,2,0),"")) | AJ8: =IF($C8="","",IFERROR(VLOOKUP(CONCATENATE(AI$3,"-",$C8),'FO-GC-012'!$D$20:$H$109,3,0),"")) | AK8: =IF($C8="","",IFERROR(VLOOKUP(CONCATENATE(AI$3,"-",$C8),'FO-GC-012'!$D$20:$H$109,4,0),"")) | AL8: =IF($C8="","",IFERROR(VLOOKUP(CONCATENATE(AI$3,"-",$C8),'FO-GC-012'!$D$20:$H$109,5,0),"")) | AM8: =IF($C8="","",IFERROR(VLOOKUP(CONCATENATE(AM$3,"-",$C8),'FO-GC-012'!$D$20:$H$109,2,0),"")) | AN8: =IF($C8="","",IFERROR(VLOOKUP(CONCATENATE(AM$3,"-",$C8),'FO-GC-012'!$D$20:$H$109,3,0),"")) | AO8: =IF($C8="","",IFERROR(VLOOKUP(CONCATENATE(AM$3,"-",$C8),'FO-GC-012'!$D$20:$H$109,4,0),"")) | AP8: =IF($C8="","",IFERROR(VLOOKUP(CONCATENATE(AM$3,"-",$C8),'FO-GC-012'!$D$20:$H$109,5,0),"")) | AQ8: =IF($C8="","",IFERROR(VLOOKUP(CONCATENATE(AQ$3,"-",$C8),'FO-GC-012'!$D$20:$H$109,2,0),"")) | AR8: =IF($C8="","",IFERROR(VLOOKUP(CONCATENATE(AQ$3,"-",$C8),'FO-GC-012'!$D$20:$H$109,3,0),"")) | AS8: =IF($C8="","",IFERROR(VLOOKUP(CONCATENATE(AQ$3,"-",$C8),'FO-GC-012'!$D$20:$H$109,4,0),"")) | AT8: =IF($C8="","",IFERROR(VLOOKUP(CONCATENATE(AQ$3,"-",$C8),'FO-GC-012'!$D$20:$H$109,5,0),"")) | AU8: =IF($C8="","",IFERROR(VLOOKUP(CONCATENATE(AU$3,"-",$C8),'FO-GC-012'!$D$20:$H$109,2,0),"")) | AV8: =IF($C8="","",IFERROR(VLOOKUP(CONCATENATE(AU$3,"-",$C8),'FO-GC-012'!$D$20:$H$109,3,0),"")) | AW8: =IF($C8="","",IFERROR(VLOOKUP(CONCATENATE(AU$3,"-",$C8),'FO-GC-012'!$D$20:$H$109,4,0),"")) | AX8: =IF($C8="","",IFERROR(VLOOKUP(CONCATENATE(AU$3,"-",$C8),'FO-GC-012'!$D$20:$H$109,5,0),"")) | AY8: =IF($C8="","",IFERROR(VLOOKUP(CONCATENATE(AY$3,"-",$C8),'FO-GC-012'!$D$20:$H$109,2,0),"")) | AZ8: =IF($C8="","",IFERROR(VLOOKUP(CONCATENATE(AY$3,"-",$C8),'FO-GC-012'!$D$20:$H$109,3,0),"")) | BA8: =IF($C8="","",IFERROR(VLOOKUP(CONCATENATE(AY$3,"-",$C8),'FO-GC-012'!$D$20:$H$109,4,0),"")) | BB8: =IF($C8="","",IFERROR(VLOOKUP(CONCATENATE(AY$3,"-",$C8),'FO-GC-012'!$D$20:$H$109,5,0),"")) | BC8: =IF($C8="","",IFERROR(VLOOKUP(CONCATENATE(BC$3,"-",$C8),'FO-GC-012'!$D$20:$H$109,2,0),"")) | BD8: =IF($C8="","",IFERROR(VLOOKUP(CONCATENATE(BC$3,"-",$C8),'FO-GC-012'!$D$20:$H$109,3,0),"")) | BE8: =IF($C8="","",IFERROR(VLOOKUP(CONCATENATE(BC$3,"-",$C8),'FO-GC-012'!$D$20:$H$109,4,0),"")) | BF8: =IF($C8="","",IFERROR(VLOOKUP(CONCATENATE(BC$3,"-",$C8),'FO-GC-012'!$D$20:$H$109,5,0),"")) | BG8: =IF($C8="","",IFERROR(VLOOKUP(CONCATENATE(BG$3,"-",$C8),'FO-GC-012'!$D$20:$H$109,2,0),"")) | BH8: =IF($C8="","",IFERROR(VLOOKUP(CONCATENATE(BG$3,"-",$C8),'FO-GC-012'!$D$20:$H$109,3,0),"")) | BI8: =IF($C8="","",IFERROR(VLOOKUP(CONCATENATE(BG$3,"-",$C8),'FO-GC-012'!$D$20:$H$109,4,0),"")) | BJ8: =IF($C8="","",IFERROR(VLOOKUP(CONCATENATE(BG$3,"-",$C8),'FO-GC-012'!$D$20:$H$109,5,0),"")) | BK8: =IF($C8="","",IFERROR(VLOOKUP(CONCATENATE(BK$3,"-",$C8),'FO-GC-012'!$D$20:$H$109,2,0),"")) | BL8: =IF($C8="","",IFERROR(VLOOKUP(CONCATENATE(BK$3,"-",$C8),'FO-GC-012'!$D$20:$H$109,3,0),"")) | BM8: =IF($C8="","",IFERROR(VLOOKUP(CONCATENATE(BK$3,"-",$C8),'FO-GC-012'!$D$20:$H$109,4,0),"")) | BN8: =IF($C8="","",IFERROR(VLOOKUP(CONCATENATE(BK$3,"-",$C8),'FO-GC-012'!$D$20:$H$109,5,0),"")) | BO8: =IF($C8="","",IFERROR(VLOOKUP(CONCATENATE(BO$3,"-",$C8),'FO-GC-012'!$D$20:$H$109,2,0),"")) | BP8: =IF($C8="","",IFERROR(VLOOKUP(CONCATENATE(BO$3,"-",$C8),'FO-GC-012'!$D$20:$H$109,3,0),"")) | BQ8: =IF($C8="","",IFERROR(VLOOKUP(CONCATENATE(BO$3,"-",$C8),'FO-GC-012'!$D$20:$H$109,4,0),"")) | BR8: =IF($C8="","",IFERROR(VLOOKUP(CONCATENATE(BO$3,"-",$C8),'FO-GC-012'!$D$20:$H$109,5,0),"")) | BS8: =IF($C8="","",IFERROR(VLOOKUP(CONCATENATE(BS$3,"-",$C8),'FO-GC-012'!$D$20:$H$109,2,0),"")) | BT8: =IF($C8="","",IFERROR(VLOOKUP(CONCATENATE(BS$3,"-",$C8),'FO-GC-012'!$D$20:$H$109,3,0),"")) | BU8: =IF($C8="","",IFERROR(VLOOKUP(CONCATENATE(BS$3,"-",$C8),'FO-GC-012'!$D$20:$H$109,4,0),"")) | BV8: =IF($C8="","",IFERROR(VLOOKUP(CONCATENATE(BS$3,"-",$C8),'FO-GC-012'!$D$20:$H$109,5,0),"")) | BW8: =IF($C8="","",IFERROR(VLOOKUP(CONCATENATE(BW$3,"-",$C8),'FO-GC-012'!$D$20:$H$109,2,0),"")) | BX8: =IF($C8="","",IFERROR(VLOOKUP(CONCATENATE(BW$3,"-",$C8),'FO-GC-012'!$D$20:$H$109,3,0),"")) | BY8: =IF($C8="","",IFERROR(VLOOKUP(CONCATENATE(BW$3,"-",$C8),'FO-GC-012'!$D$20:$H$109,4,0),"")) | BZ8: =IF($C8="","",IFERROR(VLOOKUP(CONCATENATE(BW$3,"-",$C8),'FO-GC-012'!$D$20:$H$109,5,0),"")) | CA8: =IF($C8="","",IFERROR(VLOOKUP(CONCATENATE(CA$3,"-",$C8),'FO-GC-012'!$D$20:$H$109,2,0),"")) | CB8: =IF($C8="","",IFERROR(VLOOKUP(CONCATENATE(CA$3,"-",$C8),'FO-GC-012'!$D$20:$H$109,3,0),"")) | CC8: =IF($C8="","",IFERROR(VLOOKUP(CONCATENATE(CA$3,"-",$C8),'FO-GC-012'!$D$20:$H$109,4,0),"")) | CD8: =IF($C8="","",IFERROR(VLOOKUP(CONCATENATE(CA$3,"-",$C8),'FO-GC-012'!$D$20:$H$109,5,0),"")) | CE8: =IF($C8="","",IFERROR(VLOOKUP(CONCATENATE(CE$3,"-",$C8),'FO-GC-012'!$D$20:$H$109,2,0),"")) | CF8: =IF($C8="","",IFERROR(VLOOKUP(CONCATENATE(CE$3,"-",$C8),'FO-GC-012'!$D$20:$H$109,3,0),"")) | CG8: =IF($C8="","",IFERROR(VLOOKUP(CONCATENATE(CE$3,"-",$C8),'FO-GC-012'!$D$20:$H$109,4,0),"")) | CH8: =IF($C8="","",IFERROR(VLOOKUP(CONCATENATE(CE$3,"-",$C8),'FO-GC-012'!$D$20:$H$109,5,0),""))
B9: =IF(C9="","",COUNTA(C$4:C9)) -> 6 | C9: ='Eq. Auditor'!B8 -> *Clara Eugenia Satizábal Serna | D9: =IF(C9="","",COUNTIF('FO-GC-012'!A:A,CONCATENATE("P-",C9))) -> 0 | E9: =IF(C9="","",COUNTIF('FO-GC-012'!A:A,CONCATENATE("A-",C9))) -> 0 | F9: =IF(C9="","",SUM(D9:E9)) -> 0 | G9: =IF($C9="","",IFERROR(VLOOKUP(CONCATENATE(G$3,"-",$C9),'FO-GC-012'!$D$20:$H$109,2,0),"")) | H9: =IF($C9="","",IFERROR(VLOOKUP(CONCATENATE(G$3,"-",$C9),'FO-GC-012'!$D$20:$H$109,3,0),"")) | I9: =IF($C9="","",IFERROR(VLOOKUP(CONCATENATE(G$3,"-",$C9),'FO-GC-012'!$D$20:$H$109,4,0),"")) | J9: =IF($C9="","",IFERROR(VLOOKUP(CONCATENATE(G$3,"-",$C9),'FO-GC-012'!$D$20:$H$109,5,0),"")) | K9: =IF($C9="","",IFERROR(VLOOKUP(CONCATENATE(K$3,"-",$C9),'FO-GC-012'!$D$20:$H$109,2,0),"")) | L9: =IF($C9="","",IFERROR(VLOOKUP(CONCATENATE(K$3,"-",$C9),'FO-GC-012'!$D$20:$H$109,3,0),"")) | M9: =IF($C9="","",IFERROR(VLOOKUP(CONCATENATE(K$3,"-",$C9),'FO-GC-012'!$D$20:$H$109,4,0),"")) | N9: =IF($C9="","",IFERROR(VLOOKUP(CONCATENATE(K$3,"-",$C9),'FO-GC-012'!$D$20:$H$109,5,0),"")) | O9: =IF($C9="","",IFERROR(VLOOKUP(CONCATENATE(O$3,"-",$C9),'FO-GC-012'!$D$20:$H$109,2,0),"")) | P9: =IF($C9="","",IFERROR(VLOOKUP(CONCATENATE(O$3,"-",$C9),'FO-GC-012'!$D$20:$H$109,3,0),"")) | Q9: =IF($C9="","",IFERROR(VLOOKUP(CONCATENATE(O$3,"-",$C9),'FO-GC-012'!$D$20:$H$109,4,0),"")) | R9: =IF($C9="","",IFERROR(VLOOKUP(CONCATENATE(O$3,"-",$C9),'FO-GC-012'!$D$20:$H$109,5,0),"")) | S9: =IF($C9="","",IFERROR(VLOOKUP(CONCATENATE(S$3,"-",$C9),'FO-GC-012'!$D$20:$H$109,2,0),"")) | T9: =IF($C9="","",IFERROR(VLOOKUP(CONCATENATE(S$3,"-",$C9),'FO-GC-012'!$D$20:$H$109,3,0),"")) | U9: =IF($C9="","",IFERROR(VLOOKUP(CONCATENATE(S$3,"-",$C9),'FO-GC-012'!$D$20:$H$109,4,0),"")) | V9: =IF($C9="","",IFERROR(VLOOKUP(CONCATENATE(S$3,"-",$C9),'FO-GC-012'!$D$20:$H$109,5,0),"")) | W9: =IF($C9="","",IFERROR(VLOOKUP(CONCATENATE(W$3,"-",$C9),'FO-GC-012'!$D$20:$H$109,2,0),"")) | X9: =IF($C9="","",IFERROR(VLOOKUP(CONCATENATE(W$3,"-",$C9),'FO-GC-012'!$D$20:$H$109,3,0),"")) | Y9: =IF($C9="","",IFERROR(VLOOKUP(CONCATENATE(W$3,"-",$C9),'FO-GC-012'!$D$20:$H$109,4,0),"")) | Z9: =IF($C9="","",IFERROR(VLOOKUP(CONCATENATE(W$3,"-",$C9),'FO-GC-012'!$D$20:$H$109,5,0),"")) | AA9: =IF($C9="","",IFERROR(VLOOKUP(CONCATENATE(AA$3,"-",$C9),'FO-GC-012'!$D$20:$H$109,2,0),"")) | AB9: =IF($C9="","",IFERROR(VLOOKUP(CONCATENATE(AA$3,"-",$C9),'FO-GC-012'!$D$20:$H$109,3,0),"")) | AC9: =IF($C9="","",IFERROR(VLOOKUP(CONCATENATE(AA$3,"-",$C9),'FO-GC-012'!$D$20:$H$109,4,0),"")) | AD9: =IF($C9="","",IFERROR(VLOOKUP(CONCATENATE(AA$3,"-",$C9),'FO-GC-012'!$D$20:$H$109,5,0),"")) | AE9: =IF($C9="","",IFERROR(VLOOKUP(CONCATENATE(AE$3,"-",$C9),'FO-GC-012'!$D$20:$H$109,2,0),"")) | AF9: =IF($C9="","",IFERROR(VLOOKUP(CONCATENATE(AE$3,"-",$C9),'FO-GC-012'!$D$20:$H$109,3,0),"")) | AG9: =IF($C9="","",IFERROR(VLOOKUP(CONCATENATE(AE$3,"-",$C9),'FO-GC-012'!$D$20:$H$109,4,0),"")) | AH9: =IF($C9="","",IFERROR(VLOOKUP(CONCATENATE(AE$3,"-",$C9),'FO-GC-012'!$D$20:$H$109,5,0),"")) | AI9: =IF($C9="","",IFERROR(VLOOKUP(CONCATENATE(AI$3,"-",$C9),'FO-GC-012'!$D$20:$H$109,2,0),"")) | AJ9: =IF($C9="","",IFERROR(VLOOKUP(CONCATENATE(AI$3,"-",$C9),'FO-GC-012'!$D$20:$H$109,3,0),"")) | AK9: =IF($C9="","",IFERROR(VLOOKUP(CONCATENATE(AI$3,"-",$C9),'FO-GC-012'!$D$20:$H$109,4,0),"")) | AL9: =IF($C9="","",IFERROR(VLOOKUP(CONCATENATE(AI$3,"-",$C9),'FO-GC-012'!$D$20:$H$109,5,0),"")) | AM9: =IF($C9="","",IFERROR(VLOOKUP(CONCATENATE(AM$3,"-",$C9),'FO-GC-012'!$D$20:$H$109,2,0),"")) | AN9: =IF($C9="","",IFERROR(VLOOKUP(CONCATENATE(AM$3,"-",$C9),'FO-GC-012'!$D$20:$H$109,3,0),"")) | AO9: =IF($C9="","",IFERROR(VLOOKUP(CONCATENATE(AM$3,"-",$C9),'FO-GC-012'!$D$20:$H$109,4,0),"")) | AP9: =IF($C9="","",IFERROR(VLOOKUP(CONCATENATE(AM$3,"-",$C9),'FO-GC-012'!$D$20:$H$109,5,0),"")) | AQ9: =IF($C9="","",IFERROR(VLOOKUP(CONCATENATE(AQ$3,"-",$C9),'FO-GC-012'!$D$20:$H$109,2,0),"")) | AR9: =IF($C9="","",IFERROR(VLOOKUP(CONCATENATE(AQ$3,"-",$C9),'FO-GC-012'!$D$20:$H$109,3,0),"")) | AS9: =IF($C9="","",IFERROR(VLOOKUP(CONCATENATE(AQ$3,"-",$C9),'FO-GC-012'!$D$20:$H$109,4,0),"")) | AT9: =IF($C9="","",IFERROR(VLOOKUP(CONCATENATE(AQ$3,"-",$C9),'FO-GC-012'!$D$20:$H$109,5,0),"")) | AU9: =IF($C9="","",IFERROR(VLOOKUP(CONCATENATE(AU$3,"-",$C9),'FO-GC-012'!$D$20:$H$109,2,0),"")) | AV9: =IF($C9="","",IFERROR(VLOOKUP(CONCATENATE(AU$3,"-",$C9),'FO-GC-012'!$D$20:$H$109,3,0),"")) | AW9: =IF($C9="","",IFERROR(VLOOKUP(CONCATENATE(AU$3,"-",$C9),'FO-GC-012'!$D$20:$H$109,4,0),"")) | AX9: =IF($C9="","",IFERROR(VLOOKUP(CONCATENATE(AU$3,"-",$C9),'FO-GC-012'!$D$20:$H$109,5,0),"")) | AY9: =IF($C9="","",IFERROR(VLOOKUP(CONCATENATE(AY$3,"-",$C9),'FO-GC-012'!$D$20:$H$109,2,0),"")) | AZ9: =IF($C9="","",IFERROR(VLOOKUP(CONCATENATE(AY$3,"-",$C9),'FO-GC-012'!$D$20:$H$109,3,0),"")) | BA9: =IF($C9="","",IFERROR(VLOOKUP(CONCATENATE(AY$3,"-",$C9),'FO-GC-012'!$D$20:$H$109,4,0),"")) | BB9: =IF($C9="","",IFERROR(VLOOKUP(CONCATENATE(AY$3,"-",$C9),'FO-GC-012'!$D$20:$H$109,5,0),"")) | BC9: =IF($C9="","",IFERROR(VLOOKUP(CONCATENATE(BC$3,"-",$C9),'FO-GC-012'!$D$20:$H$109,2,0),"")) | BD9: =IF($C9="","",IFERROR(VLOOKUP(CONCATENATE(BC$3,"-",$C9),'FO-GC-012'!$D$20:$H$109,3,0),"")) | BE9: =IF($C9="","",IFERROR(VLOOKUP(CONCATENATE(BC$3,"-",$C9),'FO-GC-012'!$D$20:$H$109,4,0),"")) | BF9: =IF($C9="","",IFERROR(VLOOKUP(CONCATENATE(BC$3,"-",$C9),'FO-GC-012'!$D$20:$H$109,5,0),"")) | BG9: =IF($C9="","",IFERROR(VLOOKUP(CONCATENATE(BG$3,"-",$C9),'FO-GC-012'!$D$20:$H$109,2,0),"")) | BH9: =IF($C9="","",IFERROR(VLOOKUP(CONCATENATE(BG$3,"-",$C9),'FO-GC-012'!$D$20:$H$109,3,0),"")) | BI9: =IF($C9="","",IFERROR(VLOOKUP(CONCATENATE(BG$3,"-",$C9),'FO-GC-012'!$D$20:$H$109,4,0),"")) | BJ9: =IF($C9="","",IFERROR(VLOOKUP(CONCATENATE(BG$3,"-",$C9),'FO-GC-012'!$D$20:$H$109,5,0),"")) | BK9: =IF($C9="","",IFERROR(VLOOKUP(CONCATENATE(BK$3,"-",$C9),'FO-GC-012'!$D$20:$H$109,2,0),"")) | BL9: =IF($C9="","",IFERROR(VLOOKUP(CONCATENATE(BK$3,"-",$C9),'FO-GC-012'!$D$20:$H$109,3,0),"")) | BM9: =IF($C9="","",IFERROR(VLOOKUP(CONCATENATE(BK$3,"-",$C9),'FO-GC-012'!$D$20:$H$109,4,0),"")) | BN9: =IF($C9="","",IFERROR(VLOOKUP(CONCATENATE(BK$3,"-",$C9),'FO-GC-012'!$D$20:$H$109,5,0),"")) | BO9: =IF($C9="","",IFERROR(VLOOKUP(CONCATENATE(BO$3,"-",$C9),'FO-GC-012'!$D$20:$H$109,2,0),"")) | BP9: =IF($C9="","",IFERROR(VLOOKUP(CONCATENATE(BO$3,"-",$C9),'FO-GC-012'!$D$20:$H$109,3,0),"")) | BQ9: =IF($C9="","",IFERROR(VLOOKUP(CONCATENATE(BO$3,"-",$C9),'FO-GC-012'!$D$20:$H$109,4,0),"")) | BR9: =IF($C9="","",IFERROR(VLOOKUP(CONCATENATE(BO$3,"-",$C9),'FO-GC-012'!$D$20:$H$109,5,0),"")) | BS9: =IF($C9="","",IFERROR(VLOOKUP(CONCATENATE(BS$3,"-",$C9),'FO-GC-012'!$D$20:$H$109,2,0),"")) | BT9: =IF($C9="","",IFERROR(VLOOKUP(CONCATENATE(BS$3,"-",$C9),'FO-GC-012'!$D$20:$H$109,3,0),"")) | BU9: =IF($C9="","",IFERROR(VLOOKUP(CONCATENATE(BS$3,"-",$C9),'FO-GC-012'!$D$20:$H$109,4,0),"")) | BV9: =IF($C9="","",IFERROR(VLOOKUP(CONCATENATE(BS$3,"-",$C9),'FO-GC-012'!$D$20:$H$109,5,0),"")) | BW9: =IF($C9="","",IFERROR(VLOOKUP(CONCATENATE(BW$3,"-",$C9),'FO-GC-012'!$D$20:$H$109,2,0),"")) | BX9: =IF($C9="","",IFERROR(VLOOKUP(CONCATENATE(BW$3,"-",$C9),'FO-GC-012'!$D$20:$H$109,3,0),"")) | BY9: =IF($C9="","",IFERROR(VLOOKUP(CONCATENATE(BW$3,"-",$C9),'FO-GC-012'!$D$20:$H$109,4,0),"")) | BZ9: =IF($C9="","",IFERROR(VLOOKUP(CONCATENATE(BW$3,"-",$C9),'FO-GC-012'!$D$20:$H$109,5,0),"")) | CA9: =IF($C9="","",IFERROR(VLOOKUP(CONCATENATE(CA$3,"-",$C9),'FO-GC-012'!$D$20:$H$109,2,0),"")) | CB9: =IF($C9="","",IFERROR(VLOOKUP(CONCATENATE(CA$3,"-",$C9),'FO-GC-012'!$D$20:$H$109,3,0),"")) | CC9: =IF($C9="","",IFERROR(VLOOKUP(CONCATENATE(CA$3,"-",$C9),'FO-GC-012'!$D$20:$H$109,4,0),"")) | CD9: =IF($C9="","",IFERROR(VLOOKUP(CONCATENATE(CA$3,"-",$C9),'FO-GC-012'!$D$20:$H$109,5,0),"")) | CE9: =IF($C9="","",IFERROR(VLOOKUP(CONCATENATE(CE$3,"-",$C9),'FO-GC-012'!$D$20:$H$109,2,0),"")) | CF9: =IF($C9="","",IFERROR(VLOOKUP(CONCATENATE(CE$3,"-",$C9),'FO-GC-012'!$D$20:$H$109,3,0),"")) | CG9: =IF($C9="","",IFERROR(VLOOKUP(CONCATENATE(CE$3,"-",$C9),'FO-GC-012'!$D$20:$H$109,4,0),"")) | CH9: =IF($C9="","",IFERROR(VLOOKUP(CONCATENATE(CE$3,"-",$C9),'FO-GC-012'!$D$20:$H$109,5,0),""))
B10: =IF(C10="","",COUNTA(C$4:C10)) -> 7 | C10: ='Eq. Auditor'!B9 -> *Daisy Ximena Valencia Palomino | D10: =IF(C10="","",COUNTIF('FO-GC-012'!A:A,CONCATENATE("P-",C10))) -> 0 | E10: =IF(C10="","",COUNTIF('FO-GC-012'!A:A,CONCATENATE("A-",C10))) -> 0 | F10: =IF(C10="","",SUM(D10:E10)) -> 0 | G10: =IF($C10="","",IFERROR(VLOOKUP(CONCATENATE(G$3,"-",$C10),'FO-GC-012'!$D$20:$H$109,2,0),"")) | H10: =IF($C10="","",IFERROR(VLOOKUP(CONCATENATE(G$3,"-",$C10),'FO-GC-012'!$D$20:$H$109,3,0),"")) | I10: =IF($C10="","",IFERROR(VLOOKUP(CONCATENATE(G$3,"-",$C10),'FO-GC-012'!$D$20:$H$109,4,0),"")) | J10: =IF($C10="","",IFERROR(VLOOKUP(CONCATENATE(G$3,"-",$C10),'FO-GC-012'!$D$20:$H$109,5,0),"")) | K10: =IF($C10="","",IFERROR(VLOOKUP(CONCATENATE(K$3,"-",$C10),'FO-GC-012'!$D$20:$H$109,2,0),"")) | L10: =IF($C10="","",IFERROR(VLOOKUP(CONCATENATE(K$3,"-",$C10),'FO-GC-012'!$D$20:$H$109,3,0),"")) | M10: =IF($C10="","",IFERROR(VLOOKUP(CONCATENATE(K$3,"-",$C10),'FO-GC-012'!$D$20:$H$109,4,0),"")) | N10: =IF($C10="","",IFERROR(VLOOKUP(CONCATENATE(K$3,"-",$C10),'FO-GC-012'!$D$20:$H$109,5,0),"")) | O10: =IF($C10="","",IFERROR(VLOOKUP(CONCATENATE(O$3,"-",$C10),'FO-GC-012'!$D$20:$H$109,2,0),"")) | P10: =IF($C10="","",IFERROR(VLOOKUP(CONCATENATE(O$3,"-",$C10),'FO-GC-012'!$D$20:$H$109,3,0),"")) | Q10: =IF($C10="","",IFERROR(VLOOKUP(CONCATENATE(O$3,"-",$C10),'FO-GC-012'!$D$20:$H$109,4,0),"")) | R10: =IF($C10="","",IFERROR(VLOOKUP(CONCATENATE(O$3,"-",$C10),'FO-GC-012'!$D$20:$H$109,5,0),"")) | S10: =IF($C10="","",IFERROR(VLOOKUP(CONCATENATE(S$3,"-",$C10),'FO-GC-012'!$D$20:$H$109,2,0),"")) | T10: =IF($C10="","",IFERROR(VLOOKUP(CONCATENATE(S$3,"-",$C10),'FO-GC-012'!$D$20:$H$109,3,0),"")) | U10: =IF($C10="","",IFERROR(VLOOKUP(CONCATENATE(S$3,"-",$C10),'FO-GC-012'!$D$20:$H$109,4,0),"")) | V10: =IF($C10="","",IFERROR(VLOOKUP(CONCATENATE(S$3,"-",$C10),'FO-GC-012'!$D$20:$H$109,5,0),"")) | W10: =IF($C10="","",IFERROR(VLOOKUP(CONCATENATE(W$3,"-",$C10),'FO-GC-012'!$D$20:$H$109,2,0),"")) | X10: =IF($C10="","",IFERROR(VLOOKUP(CONCATENATE(W$3,"-",$C10),'FO-GC-012'!$D$20:$H$109,3,0),"")) | Y10: =IF($C10="","",IFERROR(VLOOKUP(CONCATENATE(W$3,"-",$C10),'FO-GC-012'!$D$20:$H$109,4,0),"")) | Z10: =IF($C10="","",IFERROR(VLOOKUP(CONCATENATE(W$3,"-",$C10),'FO-GC-012'!$D$20:$H$109,5,0),"")) | AA10: =IF($C10="","",IFERROR(VLOOKUP(CONCATENATE(AA$3,"-",$C10),'FO-GC-012'!$D$20:$H$109,2,0),"")) | AB10: =IF($C10="","",IFERROR(VLOOKUP(CONCATENATE(AA$3,"-",$C10),'FO-GC-012'!$D$20:$H$109,3,0),"")) | AC10: =IF($C10="","",IFERROR(VLOOKUP(CONCATENATE(AA$3,"-",$C10),'FO-GC-012'!$D$20:$H$109,4,0),"")) | AD10: =IF($C10="","",IFERROR(VLOOKUP(CONCATENATE(AA$3,"-",$C10),'FO-GC-012'!$D$20:$H$109,5,0),"")) | AE10: =IF($C10="","",IFERROR(VLOOKUP(CONCATENATE(AE$3,"-",$C10),'FO-GC-012'!$D$20:$H$109,2,0),"")) | AF10: =IF($C10="","",IFERROR(VLOOKUP(CONCATENATE(AE$3,"-",$C10),'FO-GC-012'!$D$20:$H$109,3,0),"")) | AG10: =IF($C10="","",IFERROR(VLOOKUP(CONCATENATE(AE$3,"-",$C10),'FO-GC-012'!$D$20:$H$109,4,0),"")) | AH10: =IF($C10="","",IFERROR(VLOOKUP(CONCATENATE(AE$3,"-",$C10),'FO-GC-012'!$D$20:$H$109,5,0),"")) | AI10: =IF($C10="","",IFERROR(VLOOKUP(CONCATENATE(AI$3,"-",$C10),'FO-GC-012'!$D$20:$H$109,2,0),"")) | AJ10: =IF($C10="","",IFERROR(VLOOKUP(CONCATENATE(AI$3,"-",$C10),'FO-GC-012'!$D$20:$H$109,3,0),"")) | AK10: =IF($C10="","",IFERROR(VLOOKUP(CONCATENATE(AI$3,"-",$C10),'FO-GC-012'!$D$20:$H$109,4,0),"")) | AL10: =IF($C10="","",IFERROR(VLOOKUP(CONCATENATE(AI$3,"-",$C10),'FO-GC-012'!$D$20:$H$109,5,0),"")) | AM10: =IF($C10="","",IFERROR(VLOOKUP(CONCATENATE(AM$3,"-",$C10),'FO-GC-012'!$D$20:$H$109,2,0),"")) | AN10: =IF($C10="","",IFERROR(VLOOKUP(CONCATENATE(AM$3,"-",$C10),'FO-GC-012'!$D$20:$H$109,3,0),"")) | AO10: =IF($C10="","",IFERROR(VLOOKUP(CONCATENATE(AM$3,"-",$C10),'FO-GC-012'!$D$20:$H$109,4,0),"")) | AP10: =IF($C10="","",IFERROR(VLOOKUP(CONCATENATE(AM$3,"-",$C10),'FO-GC-012'!$D$20:$H$109,5,0),"")) | AQ10: =IF($C10="","",IFERROR(VLOOKUP(CONCATENATE(AQ$3,"-",$C10),'FO-GC-012'!$D$20:$H$109,2,0),"")) | AR10: =IF($C10="","",IFERROR(VLOOKUP(CONCATENATE(AQ$3,"-",$C10),'FO-GC-012'!$D$20:$H$109,3,0),"")) | AS10: =IF($C10="","",IFERROR(VLOOKUP(CONCATENATE(AQ$3,"-",$C10),'FO-GC-012'!$D$20:$H$109,4,0),"")) | AT10: =IF($C10="","",IFERROR(VLOOKUP(CONCATENATE(AQ$3,"-",$C10),'FO-GC-012'!$D$20:$H$109,5,0),"")) | AU10: =IF($C10="","",IFERROR(VLOOKUP(CONCATENATE(AU$3,"-",$C10),'FO-GC-012'!$D$20:$H$109,2,0),"")) | AV10: =IF($C10="","",IFERROR(VLOOKUP(CONCATENATE(AU$3,"-",$C10),'FO-GC-012'!$D$20:$H$109,3,0),"")) | AW10: =IF($C10="","",IFERROR(VLOOKUP(CONCATENATE(AU$3,"-",$C10),'FO-GC-012'!$D$20:$H$109,4,0),"")) | AX10: =IF($C10="","",IFERROR(VLOOKUP(CONCATENATE(AU$3,"-",$C10),'FO-GC-012'!$D$20:$H$109,5,0),"")) | AY10: =IF($C10="","",IFERROR(VLOOKUP(CONCATENATE(AY$3,"-",$C10),'FO-GC-012'!$D$20:$H$109,2,0),"")) | AZ10: =IF($C10="","",IFERROR(VLOOKUP(CONCATENATE(AY$3,"-",$C10),'FO-GC-012'!$D$20:$H$109,3,0),"")) | BA10: =IF($C10="","",IFERROR(VLOOKUP(CONCATENATE(AY$3,"-",$C10),'FO-GC-012'!$D$20:$H$109,4,0),"")) | BB10: =IF($C10="","",IFERROR(VLOOKUP(CONCATENATE(AY$3,"-",$C10),'FO-GC-012'!$D$20:$H$109,5,0),"")) | BC10: =IF($C10="","",IFERROR(VLOOKUP(CONCATENATE(BC$3,"-",$C10),'FO-GC-012'!$D$20:$H$109,2,0),"")) | BD10: =IF($C10="","",IFERROR(VLOOKUP(CONCATENATE(BC$3,"-",$C10),'FO-GC-012'!$D$20:$H$109,3,0),"")) | BE10: =IF($C10="","",IFERROR(VLOOKUP(CONCATENATE(BC$3,"-",$C10),'FO-GC-012'!$D$20:$H$109,4,0),"")) | BF10: =IF($C10="","",IFERROR(VLOOKUP(CONCATENATE(BC$3,"-",$C10),'FO-GC-012'!$D$20:$H$109,5,0),"")) | BG10: =IF($C10="","",IFERROR(VLOOKUP(CONCATENATE(BG$3,"-",$C10),'FO-GC-012'!$D$20:$H$109,2,0),"")) | BH10: =IF($C10="","",IFERROR(VLOOKUP(CONCATENATE(BG$3,"-",$C10),'FO-GC-012'!$D$20:$H$109,3,0),"")) | BI10: =IF($C10="","",IFERROR(VLOOKUP(CONCATENATE(BG$3,"-",$C10),'FO-GC-012'!$D$20:$H$109,4,0),"")) | BJ10: =IF($C10="","",IFERROR(VLOOKUP(CONCATENATE(BG$3,"-",$C10),'FO-GC-012'!$D$20:$H$109,5,0),"")) | BK10: =IF($C10="","",IFERROR(VLOOKUP(CONCATENATE(BK$3,"-",$C10),'FO-GC-012'!$D$20:$H$109,2,0),"")) | BL10: =IF($C10="","",IFERROR(VLOOKUP(CONCATENATE(BK$3,"-",$C10),'FO-GC-012'!$D$20:$H$109,3,0),"")) | BM10: =IF($C10="","",IFERROR(VLOOKUP(CONCATENATE(BK$3,"-",$C10),'FO-GC-012'!$D$20:$H$109,4,0),"")) | BN10: =IF($C10="","",IFERROR(VLOOKUP(CONCATENATE(BK$3,"-",$C10),'FO-GC-012'!$D$20:$H$109,5,0),"")) | BO10: =IF($C10="","",IFERROR(VLOOKUP(CONCATENATE(BO$3,"-",$C10),'FO-GC-012'!$D$20:$H$109,2,0),"")) | BP10: =IF($C10="","",IFERROR(VLOOKUP(CONCATENATE(BO$3,"-",$C10),'FO-GC-012'!$D$20:$H$109,3,0),"")) | BQ10: =IF($C10="","",IFERROR(VLOOKUP(CONCATENATE(BO$3,"-",$C10),'FO-GC-012'!$D$20:$H$109,4,0),"")) | BR10: =IF($C10="","",IFERROR(VLOOKUP(CONCATENATE(BO$3,"-",$C10),'FO-GC-012'!$D$20:$H$109,5,0),"")) | BS10: =IF($C10="","",IFERROR(VLOOKUP(CONCATENATE(BS$3,"-",$C10),'FO-GC-012'!$D$20:$H$109,2,0),"")) | BT10: =IF($C10="","",IFERROR(VLOOKUP(CONCATENATE(BS$3,"-",$C10),'FO-GC-012'!$D$20:$H$109,3,0),"")) | BU10: =IF($C10="","",IFERROR(VLOOKUP(CONCATENATE(BS$3,"-",$C10),'FO-GC-012'!$D$20:$H$109,4,0),"")) | BV10: =IF($C10="","",IFERROR(VLOOKUP(CONCATENATE(BS$3,"-",$C10),'FO-GC-012'!$D$20:$H$109,5,0),"")) | BW10: =IF($C10="","",IFERROR(VLOOKUP(CONCATENATE(BW$3,"-",$C10),'FO-GC-012'!$D$20:$H$109,2,0),"")) | BX10: =IF($C10="","",IFERROR(VLOOKUP(CONCATENATE(BW$3,"-",$C10),'FO-GC-012'!$D$20:$H$109,3,0),"")) | BY10: =IF($C10="","",IFERROR(VLOOKUP(CONCATENATE(BW$3,"-",$C10),'FO-GC-012'!$D$20:$H$109,4,0),"")) | BZ10: =IF($C10="","",IFERROR(VLOOKUP(CONCATENATE(BW$3,"-",$C10),'FO-GC-012'!$D$20:$H$109,5,0),"")) | CA10: =IF($C10="","",IFERROR(VLOOKUP(CONCATENATE(CA$3,"-",$C10),'FO-GC-012'!$D$20:$H$109,2,0),"")) | CB10: =IF($C10="","",IFERROR(VLOOKUP(CONCATENATE(CA$3,"-",$C10),'FO-GC-012'!$D$20:$H$109,3,0),"")) | CC10: =IF($C10="","",IFERROR(VLOOKUP(CONCATENATE(CA$3,"-",$C10),'FO-GC-012'!$D$20:$H$109,4,0),"")) | CD10: =IF($C10="","",IFERROR(VLOOKUP(CONCATENATE(CA$3,"-",$C10),'FO-GC-012'!$D$20:$H$109,5,0),"")) | CE10: =IF($C10="","",IFERROR(VLOOKUP(CONCATENATE(CE$3,"-",$C10),'FO-GC-012'!$D$20:$H$109,2,0),"")) | CF10: =IF($C10="","",IFERROR(VLOOKUP(CONCATENATE(CE$3,"-",$C10),'FO-GC-012'!$D$20:$H$109,3,0),"")) | CG10: =IF($C10="","",IFERROR(VLOOKUP(CONCATENATE(CE$3,"-",$C10),'FO-GC-012'!$D$20:$H$109,4,0),"")) | CH10: =IF($C10="","",IFERROR(VLOOKUP(CONCATENATE(CE$3,"-",$C10),'FO-GC-012'!$D$20:$H$109,5,0),""))
B11: =IF(C11="","",COUNTA(C$4:C11)) -> 8 | C11: ='Eq. Auditor'!B10 -> *Daniel Andres Feriz Garcia | D11: =IF(C11="","",COUNTIF('FO-GC-012'!A:A,CONCATENATE("P-",C11))) -> 0 | E11: =IF(C11="","",COUNTIF('FO-GC-012'!A:A,CONCATENATE("A-",C11))) -> 0 | F11: =IF(C11="","",SUM(D11:E11)) -> 0 | G11: =IF($C11="","",IFERROR(VLOOKUP(CONCATENATE(G$3,"-",$C11),'FO-GC-012'!$D$20:$H$109,2,0),"")) | H11: =IF($C11="","",IFERROR(VLOOKUP(CONCATENATE(G$3,"-",$C11),'FO-GC-012'!$D$20:$H$109,3,0),"")) | I11: =IF($C11="","",IFERROR(VLOOKUP(CONCATENATE(G$3,"-",$C11),'FO-GC-012'!$D$20:$H$109,4,0),"")) | J11: =IF($C11="","",IFERROR(VLOOKUP(CONCATENATE(G$3,"-",$C11),'FO-GC-012'!$D$20:$H$109,5,0),"")) | K11: =IF($C11="","",IFERROR(VLOOKUP(CONCATENATE(K$3,"-",$C11),'FO-GC-012'!$D$20:$H$109,2,0),"")) | L11: =IF($C11="","",IFERROR(VLOOKUP(CONCATENATE(K$3,"-",$C11),'FO-GC-012'!$D$20:$H$109,3,0),"")) | M11: =IF($C11="","",IFERROR(VLOOKUP(CONCATENATE(K$3,"-",$C11),'FO-GC-012'!$D$20:$H$109,4,0),"")) | N11: =IF($C11="","",IFERROR(VLOOKUP(CONCATENATE(K$3,"-",$C11),'FO-GC-012'!$D$20:$H$109,5,0),"")) | O11: =IF($C11="","",IFERROR(VLOOKUP(CONCATENATE(O$3,"-",$C11),'FO-GC-012'!$D$20:$H$109,2,0),"")) | P11: =IF($C11="","",IFERROR(VLOOKUP(CONCATENATE(O$3,"-",$C11),'FO-GC-012'!$D$20:$H$109,3,0),"")) | Q11: =IF($C11="","",IFERROR(VLOOKUP(CONCATENATE(O$3,"-",$C11),'FO-GC-012'!$D$20:$H$109,4,0),"")) | R11: =IF($C11="","",IFERROR(VLOOKUP(CONCATENATE(O$3,"-",$C11),'FO-GC-012'!$D$20:$H$109,5,0),"")) | S11: =IF($C11="","",IFERROR(VLOOKUP(CONCATENATE(S$3,"-",$C11),'FO-GC-012'!$D$20:$H$109,2,0),"")) | T11: =IF($C11="","",IFERROR(VLOOKUP(CONCATENATE(S$3,"-",$C11),'FO-GC-012'!$D$20:$H$109,3,0),"")) | U11: =IF($C11="","",IFERROR(VLOOKUP(CONCATENATE(S$3,"-",$C11),'FO-GC-012'!$D$20:$H$109,4,0),"")) | V11: =IF($C11="","",IFERROR(VLOOKUP(CONCATENATE(S$3,"-",$C11),'FO-GC-012'!$D$20:$H$109,5,0),"")) | W11: =IF($C11="","",IFERROR(VLOOKUP(CONCATENATE(W$3,"-",$C11),'FO-GC-012'!$D$20:$H$109,2,0),"")) | X11: =IF($C11="","",IFERROR(VLOOKUP(CONCATENATE(W$3,"-",$C11),'FO-GC-012'!$D$20:$H$109,3,0),"")) | Y11: =IF($C11="","",IFERROR(VLOOKUP(CONCATENATE(W$3,"-",$C11),'FO-GC-012'!$D$20:$H$109,4,0),"")) | Z11: =IF($C11="","",IFERROR(VLOOKUP(CONCATENATE(W$3,"-",$C11),'FO-GC-012'!$D$20:$H$109,5,0),"")) | AA11: =IF($C11="","",IFERROR(VLOOKUP(CONCATENATE(AA$3,"-",$C11),'FO-GC-012'!$D$20:$H$109,2,0),"")) | AB11: =IF($C11="","",IFERROR(VLOOKUP(CONCATENATE(AA$3,"-",$C11),'FO-GC-012'!$D$20:$H$109,3,0),"")) | AC11: =IF($C11="","",IFERROR(VLOOKUP(CONCATENATE(AA$3,"-",$C11),'FO-GC-012'!$D$20:$H$109,4,0),"")) | AD11: =IF($C11="","",IFERROR(VLOOKUP(CONCATENATE(AA$3,"-",$C11),'FO-GC-012'!$D$20:$H$109,5,0),"")) | AE11: =IF($C11="","",IFERROR(VLOOKUP(CONCATENATE(AE$3,"-",$C11),'FO-GC-012'!$D$20:$H$109,2,0),"")) | AF11: =IF($C11="","",IFERROR(VLOOKUP(CONCATENATE(AE$3,"-",$C11),'FO-GC-012'!$D$20:$H$109,3,0),"")) | AG11: =IF($C11="","",IFERROR(VLOOKUP(CONCATENATE(AE$3,"-",$C11),'FO-GC-012'!$D$20:$H$109,4,0),"")) | AH11: =IF($C11="","",IFERROR(VLOOKUP(CONCATENATE(AE$3,"-",$C11),'FO-GC-012'!$D$20:$H$109,5,0),"")) | AI11: =IF($C11="","",IFERROR(VLOOKUP(CONCATENATE(AI$3,"-",$C11),'FO-GC-012'!$D$20:$H$109,2,0),"")) | AJ11: =IF($C11="","",IFERROR(VLOOKUP(CONCATENATE(AI$3,"-",$C11),'FO-GC-012'!$D$20:$H$109,3,0),"")) | AK11: =IF($C11="","",IFERROR(VLOOKUP(CONCATENATE(AI$3,"-",$C11),'FO-GC-012'!$D$20:$H$109,4,0),"")) | AL11: =IF($C11="","",IFERROR(VLOOKUP(CONCATENATE(AI$3,"-",$C11),'FO-GC-012'!$D$20:$H$109,5,0),"")) | AM11: =IF($C11="","",IFERROR(VLOOKUP(CONCATENATE(AM$3,"-",$C11),'FO-GC-012'!$D$20:$H$109,2,0),"")) | AN11: =IF($C11="","",IFERROR(VLOOKUP(CONCATENATE(AM$3,"-",$C11),'FO-GC-012'!$D$20:$H$109,3,0),"")) | AO11: =IF($C11="","",IFERROR(VLOOKUP(CONCATENATE(AM$3,"-",$C11),'FO-GC-012'!$D$20:$H$109,4,0),"")) | AP11: =IF($C11="","",IFERROR(VLOOKUP(CONCATENATE(AM$3,"-",$C11),'FO-GC-012'!$D$20:$H$109,5,0),"")) | AQ11: =IF($C11="","",IFERROR(VLOOKUP(CONCATENATE(AQ$3,"-",$C11),'FO-GC-012'!$D$20:$H$109,2,0),"")) | AR11: =IF($C11="","",IFERROR(VLOOKUP(CONCATENATE(AQ$3,"-",$C11),'FO-GC-012'!$D$20:$H$109,3,0),"")) | AS11: =IF($C11="","",IFERROR(VLOOKUP(CONCATENATE(AQ$3,"-",$C11),'FO-GC-012'!$D$20:$H$109,4,0),"")) | AT11: =IF($C11="","",IFERROR(VLOOKUP(CONCATENATE(AQ$3,"-",$C11),'FO-GC-012'!$D$20:$H$109,5,0),"")) | AU11: =IF($C11="","",IFERROR(VLOOKUP(CONCATENATE(AU$3,"-",$C11),'FO-GC-012'!$D$20:$H$109,2,0),"")) | AV11: =IF($C11="","",IFERROR(VLOOKUP(CONCATENATE(AU$3,"-",$C11),'FO-GC-012'!$D$20:$H$109,3,0),"")) | AW11: =IF($C11="","",IFERROR(VLOOKUP(CONCATENATE(AU$3,"-",$C11),'FO-GC-012'!$D$20:$H$109,4,0),"")) | AX11: =IF($C11="","",IFERROR(VLOOKUP(CONCATENATE(AU$3,"-",$C11),'FO-GC-012'!$D$20:$H$109,5,0),"")) | AY11: =IF($C11="","",IFERROR(VLOOKUP(CONCATENATE(AY$3,"-",$C11),'FO-GC-012'!$D$20:$H$109,2,0),"")) | AZ11: =IF($C11="","",IFERROR(VLOOKUP(CONCATENATE(AY$3,"-",$C11),'FO-GC-012'!$D$20:$H$109,3,0),"")) | BA11: =IF($C11="","",IFERROR(VLOOKUP(CONCATENATE(AY$3,"-",$C11),'FO-GC-012'!$D$20:$H$109,4,0),"")) | BB11: =IF($C11="","",IFERROR(VLOOKUP(CONCATENATE(AY$3,"-",$C11),'FO-GC-012'!$D$20:$H$109,5,0),"")) | BC11: =IF($C11="","",IFERROR(VLOOKUP(CONCATENATE(BC$3,"-",$C11),'FO-GC-012'!$D$20:$H$109,2,0),"")) | BD11: =IF($C11="","",IFERROR(VLOOKUP(CONCATENATE(BC$3,"-",$C11),'FO-GC-012'!$D$20:$H$109,3,0),"")) | BE11: =IF($C11="","",IFERROR(VLOOKUP(CONCATENATE(BC$3,"-",$C11),'FO-GC-012'!$D$20:$H$109,4,0),"")) | BF11: =IF($C11="","",IFERROR(VLOOKUP(CONCATENATE(BC$3,"-",$C11),'FO-GC-012'!$D$20:$H$109,5,0),"")) | BG11: =IF($C11="","",IFERROR(VLOOKUP(CONCATENATE(BG$3,"-",$C11),'FO-GC-012'!$D$20:$H$109,2,0),"")) | BH11: =IF($C11="","",IFERROR(VLOOKUP(CONCATENATE(BG$3,"-",$C11),'FO-GC-012'!$D$20:$H$109,3,0),"")) | BI11: =IF($C11="","",IFERROR(VLOOKUP(CONCATENATE(BG$3,"-",$C11),'FO-GC-012'!$D$20:$H$109,4,0),"")) | BJ11: =IF($C11="","",IFERROR(VLOOKUP(CONCATENATE(BG$3,"-",$C11),'FO-GC-012'!$D$20:$H$109,5,0),"")) | BK11: =IF($C11="","",IFERROR(VLOOKUP(CONCATENATE(BK$3,"-",$C11),'FO-GC-012'!$D$20:$H$109,2,0),"")) | BL11: =IF($C11="","",IFERROR(VLOOKUP(CONCATENATE(BK$3,"-",$C11),'FO-GC-012'!$D$20:$H$109,3,0),"")) | BM11: =IF($C11="","",IFERROR(VLOOKUP(CONCATENATE(BK$3,"-",$C11),'FO-GC-012'!$D$20:$H$109,4,0),"")) | BN11: =IF($C11="","",IFERROR(VLOOKUP(CONCATENATE(BK$3,"-",$C11),'FO-GC-012'!$D$20:$H$109,5,0),"")) | BO11: =IF($C11="","",IFERROR(VLOOKUP(CONCATENATE(BO$3,"-",$C11),'FO-GC-012'!$D$20:$H$109,2,0),"")) | BP11: =IF($C11="","",IFERROR(VLOOKUP(CONCATENATE(BO$3,"-",$C11),'FO-GC-012'!$D$20:$H$109,3,0),"")) | BQ11: =IF($C11="","",IFERROR(VLOOKUP(CONCATENATE(BO$3,"-",$C11),'FO-GC-012'!$D$20:$H$109,4,0),"")) | BR11: =IF($C11="","",IFERROR(VLOOKUP(CONCATENATE(BO$3,"-",$C11),'FO-GC-012'!$D$20:$H$109,5,0),"")) | BS11: =IF($C11="","",IFERROR(VLOOKUP(CONCATENATE(BS$3,"-",$C11),'FO-GC-012'!$D$20:$H$109,2,0),"")) | BT11: =IF($C11="","",IFERROR(VLOOKUP(CONCATENATE(BS$3,"-",$C11),'FO-GC-012'!$D$20:$H$109,3,0),"")) | BU11: =IF($C11="","",IFERROR(VLOOKUP(CONCATENATE(BS$3,"-",$C11),'FO-GC-012'!$D$20:$H$109,4,0),"")) | BV11: =IF($C11="","",IFERROR(VLOOKUP(CONCATENATE(BS$3,"-",$C11),'FO-GC-012'!$D$20:$H$109,5,0),"")) | BW11: =IF($C11="","",IFERROR(VLOOKUP(CONCATENATE(BW$3,"-",$C11),'FO-GC-012'!$D$20:$H$109,2,0),"")) | BX11: =IF($C11="","",IFERROR(VLOOKUP(CONCATENATE(BW$3,"-",$C11),'FO-GC-012'!$D$20:$H$109,3,0),"")) | BY11: =IF($C11="","",IFERROR(VLOOKUP(CONCATENATE(BW$3,"-",$C11),'FO-GC-012'!$D$20:$H$109,4,0),"")) | BZ11: =IF($C11="","",IFERROR(VLOOKUP(CONCATENATE(BW$3,"-",$C11),'FO-GC-012'!$D$20:$H$109,5,0),"")) | CA11: =IF($C11="","",IFERROR(VLOOKUP(CONCATENATE(CA$3,"-",$C11),'FO-GC-012'!$D$20:$H$109,2,0),"")) | CB11: =IF($C11="","",IFERROR(VLOOKUP(CONCATENATE(CA$3,"-",$C11),'FO-GC-012'!$D$20:$H$109,3,0),"")) | CC11: =IF($C11="","",IFERROR(VLOOKUP(CONCATENATE(CA$3,"-",$C11),'FO-GC-012'!$D$20:$H$109,4,0),"")) | CD11: =IF($C11="","",IFERROR(VLOOKUP(CONCATENATE(CA$3,"-",$C11),'FO-GC-012'!$D$20:$H$109,5,0),"")) | CE11: =IF($C11="","",IFERROR(VLOOKUP(CONCATENATE(CE$3,"-",$C11),'FO-GC-012'!$D$20:$H$109,2,0),"")) | CF11: =IF($C11="","",IFERROR(VLOOKUP(CONCATENATE(CE$3,"-",$C11),'FO-GC-012'!$D$20:$H$109,3,0),"")) | CG11: =IF($C11="","",IFERROR(VLOOKUP(CONCATENATE(CE$3,"-",$C11),'FO-GC-012'!$D$20:$H$109,4,0),"")) | CH11: =IF($C11="","",IFERROR(VLOOKUP(CONCATENATE(CE$3,"-",$C11),'FO-GC-012'!$D$20:$H$109,5,0),""))
B12: =IF(C12="","",COUNTA(C$4:C12)) -> 9 | C12: ='Eq. Auditor'!B11 -> *Depsi Johana Córdoba Mompotes | D12: =IF(C12="","",COUNTIF('FO-GC-012'!A:A,CONCATENATE("P-",C12))) -> 0 | E12: =IF(C12="","",COUNTIF('FO-GC-012'!A:A,CONCATENATE("A-",C12))) -> 0 | F12: =IF(C12="","",SUM(D12:E12)) -> 0 | G12: =IF($C12="","",IFERROR(VLOOKUP(CONCATENATE(G$3,"-",$C12),'FO-GC-012'!$D$20:$H$109,2,0),"")) | H12: =IF($C12="","",IFERROR(VLOOKUP(CONCATENATE(G$3,"-",$C12),'FO-GC-012'!$D$20:$H$109,3,0),"")) | I12: =IF($C12="","",IFERROR(VLOOKUP(CONCATENATE(G$3,"-",$C12),'FO-GC-012'!$D$20:$H$109,4,0),"")) | J12: =IF($C12="","",IFERROR(VLOOKUP(CONCATENATE(G$3,"-",$C12),'FO-GC-012'!$D$20:$H$109,5,0),"")) | K12: =IF($C12="","",IFERROR(VLOOKUP(CONCATENATE(K$3,"-",$C12),'FO-GC-012'!$D$20:$H$109,2,0),"")) | L12: =IF($C12="","",IFERROR(VLOOKUP(CONCATENATE(K$3,"-",$C12),'FO-GC-012'!$D$20:$H$109,3,0),"")) | M12: =IF($C12="","",IFERROR(VLOOKUP(CONCATENATE(K$3,"-",$C12),'FO-GC-012'!$D$20:$H$109,4,0),"")) | N12: =IF($C12="","",IFERROR(VLOOKUP(CONCATENATE(K$3,"-",$C12),'FO-GC-012'!$D$20:$H$109,5,0),"")) | O12: =IF($C12="","",IFERROR(VLOOKUP(CONCATENATE(O$3,"-",$C12),'FO-GC-012'!$D$20:$H$109,2,0),"")) | P12: =IF($C12="","",IFERROR(VLOOKUP(CONCATENATE(O$3,"-",$C12),'FO-GC-012'!$D$20:$H$109,3,0),"")) | Q12: =IF($C12="","",IFERROR(VLOOKUP(CONCATENATE(O$3,"-",$C12),'FO-GC-012'!$D$20:$H$109,4,0),"")) | R12: =IF($C12="","",IFERROR(VLOOKUP(CONCATENATE(O$3,"-",$C12),'FO-GC-012'!$D$20:$H$109,5,0),"")) | S12: =IF($C12="","",IFERROR(VLOOKUP(CONCATENATE(S$3,"-",$C12),'FO-GC-012'!$D$20:$H$109,2,0),"")) | T12: =IF($C12="","",IFERROR(VLOOKUP(CONCATENATE(S$3,"-",$C12),'FO-GC-012'!$D$20:$H$109,3,0),"")) | U12: =IF($C12="","",IFERROR(VLOOKUP(CONCATENATE(S$3,"-",$C12),'FO-GC-012'!$D$20:$H$109,4,0),"")) | V12: =IF($C12="","",IFERROR(VLOOKUP(CONCATENATE(S$3,"-",$C12),'FO-GC-012'!$D$20:$H$109,5,0),"")) | W12: =IF($C12="","",IFERROR(VLOOKUP(CONCATENATE(W$3,"-",$C12),'FO-GC-012'!$D$20:$H$109,2,0),"")) | X12: =IF($C12="","",IFERROR(VLOOKUP(CONCATENATE(W$3,"-",$C12),'FO-GC-012'!$D$20:$H$109,3,0),"")) | Y12: =IF($C12="","",IFERROR(VLOOKUP(CONCATENATE(W$3,"-",$C12),'FO-GC-012'!$D$20:$H$109,4,0),"")) | Z12: =IF($C12="","",IFERROR(VLOOKUP(CONCATENATE(W$3,"-",$C12),'FO-GC-012'!$D$20:$H$109,5,0),"")) | AA12: =IF($C12="","",IFERROR(VLOOKUP(CONCATENATE(AA$3,"-",$C12),'FO-GC-012'!$D$20:$H$109,2,0),"")) | AB12: =IF($C12="","",IFERROR(VLOOKUP(CONCATENATE(AA$3,"-",$C12),'FO-GC-012'!$D$20:$H$109,3,0),"")) | AC12: =IF($C12="","",IFERROR(VLOOKUP(CONCATENATE(AA$3,"-",$C12),'FO-GC-012'!$D$20:$H$109,4,0),"")) | AD12: =IF($C12="","",IFERROR(VLOOKUP(CONCATENATE(AA$3,"-",$C12),'FO-GC-012'!$D$20:$H$109,5,0),"")) | AE12: =IF($C12="","",IFERROR(VLOOKUP(CONCATENATE(AE$3,"-",$C12),'FO-GC-012'!$D$20:$H$109,2,0),"")) | AF12: =IF($C12="","",IFERROR(VLOOKUP(CONCATENATE(AE$3,"-",$C12),'FO-GC-012'!$D$20:$H$109,3,0),"")) | AG12: =IF($C12="","",IFERROR(VLOOKUP(CONCATENATE(AE$3,"-",$C12),'FO-GC-012'!$D$20:$H$109,4,0),"")) | AH12: =IF($C12="","",IFERROR(VLOOKUP(CONCATENATE(AE$3,"-",$C12),'FO-GC-012'!$D$20:$H$109,5,0),"")) | AI12: =IF($C12="","",IFERROR(VLOOKUP(CONCATENATE(AI$3,"-",$C12),'FO-GC-012'!$D$20:$H$109,2,0),"")) | AJ12: =IF($C12="","",IFERROR(VLOOKUP(CONCATENATE(AI$3,"-",$C12),'FO-GC-012'!$D$20:$H$109,3,0),"")) | AK12: =IF($C12="","",IFERROR(VLOOKUP(CONCATENATE(AI$3,"-",$C12),'FO-GC-012'!$D$20:$H$109,4,0),"")) | AL12: =IF($C12="","",IFERROR(VLOOKUP(CONCATENATE(AI$3,"-",$C12),'FO-GC-012'!$D$20:$H$109,5,0),"")) | AM12: =IF($C12="","",IFERROR(VLOOKUP(CONCATENATE(AM$3,"-",$C12),'FO-GC-012'!$D$20:$H$109,2,0),"")) | AN12: =IF($C12="","",IFERROR(VLOOKUP(CONCATENATE(AM$3,"-",$C12),'FO-GC-012'!$D$20:$H$109,3,0),"")) | AO12: =IF($C12="","",IFERROR(VLOOKUP(CONCATENATE(AM$3,"-",$C12),'FO-GC-012'!$D$20:$H$109,4,0),"")) | AP12: =IF($C12="","",IFERROR(VLOOKUP(CONCATENATE(AM$3,"-",$C12),'FO-GC-012'!$D$20:$H$109,5,0),"")) | AQ12: =IF($C12="","",IFERROR(VLOOKUP(CONCATENATE(AQ$3,"-",$C12),'FO-GC-012'!$D$20:$H$109,2,0),"")) | AR12: =IF($C12="","",IFERROR(VLOOKUP(CONCATENATE(AQ$3,"-",$C12),'FO-GC-012'!$D$20:$H$109,3,0),"")) | AS12: =IF($C12="","",IFERROR(VLOOKUP(CONCATENATE(AQ$3,"-",$C12),'FO-GC-012'!$D$20:$H$109,4,0),"")) | AT12: =IF($C12="","",IFERROR(VLOOKUP(CONCATENATE(AQ$3,"-",$C12),'FO-GC-012'!$D$20:$H$109,5,0),"")) | AU12: =IF($C12="","",IFERROR(VLOOKUP(CONCATENATE(AU$3,"-",$C12),'FO-GC-012'!$D$20:$H$109,2,0),"")) | AV12: =IF($C12="","",IFERROR(VLOOKUP(CONCATENATE(AU$3,"-",$C12),'FO-GC-012'!$D$20:$H$109,3,0),"")) | AW12: =IF($C12="","",IFERROR(VLOOKUP(CONCATENATE(AU$3,"-",$C12),'FO-GC-012'!$D$20:$H$109,4,0),"")) | AX12: =IF($C12="","",IFERROR(VLOOKUP(CONCATENATE(AU$3,"-",$C12),'FO-GC-012'!$D$20:$H$109,5,0),"")) | AY12: =IF($C12="","",IFERROR(VLOOKUP(CONCATENATE(AY$3,"-",$C12),'FO-GC-012'!$D$20:$H$109,2,0),"")) | AZ12: =IF($C12="","",IFERROR(VLOOKUP(CONCATENATE(AY$3,"-",$C12),'FO-GC-012'!$D$20:$H$109,3,0),"")) | BA12: =IF($C12="","",IFERROR(VLOOKUP(CONCATENATE(AY$3,"-",$C12),'FO-GC-012'!$D$20:$H$109,4,0),"")) | BB12: =IF($C12="","",IFERROR(VLOOKUP(CONCATENATE(AY$3,"-",$C12),'FO-GC-012'!$D$20:$H$109,5,0),"")) | BC12: =IF($C12="","",IFERROR(VLOOKUP(CONCATENATE(BC$3,"-",$C12),'FO-GC-012'!$D$20:$H$109,2,0),"")) | BD12: =IF($C12="","",IFERROR(VLOOKUP(CONCATENATE(BC$3,"-",$C12),'FO-GC-012'!$D$20:$H$109,3,0),"")) | BE12: =IF($C12="","",IFERROR(VLOOKUP(CONCATENATE(BC$3,"-",$C12),'FO-GC-012'!$D$20:$H$109,4,0),"")) | BF12: =IF($C12="","",IFERROR(VLOOKUP(CONCATENATE(BC$3,"-",$C12),'FO-GC-012'!$D$20:$H$109,5,0),"")) | BG12: =IF($C12="","",IFERROR(VLOOKUP(CONCATENATE(BG$3,"-",$C12),'FO-GC-012'!$D$20:$H$109,2,0),"")) | BH12: =IF($C12="","",IFERROR(VLOOKUP(CONCATENATE(BG$3,"-",$C12),'FO-GC-012'!$D$20:$H$109,3,0),"")) | BI12: =IF($C12="","",IFERROR(VLOOKUP(CONCATENATE(BG$3,"-",$C12),'FO-GC-012'!$D$20:$H$109,4,0),"")) | BJ12: =IF($C12="","",IFERROR(VLOOKUP(CONCATENATE(BG$3,"-",$C12),'FO-GC-012'!$D$20:$H$109,5,0),"")) | BK12: =IF($C12="","",IFERROR(VLOOKUP(CONCATENATE(BK$3,"-",$C12),'FO-GC-012'!$D$20:$H$109,2,0),"")) | BL12: =IF($C12="","",IFERROR(VLOOKUP(CONCATENATE(BK$3,"-",$C12),'FO-GC-012'!$D$20:$H$109,3,0),"")) | BM12: =IF($C12="","",IFERROR(VLOOKUP(CONCATENATE(BK$3,"-",$C12),'FO-GC-012'!$D$20:$H$109,4,0),"")) | BN12: =IF($C12="","",IFERROR(VLOOKUP(CONCATENATE(BK$3,"-",$C12),'FO-GC-012'!$D$20:$H$109,5,0),"")) | BO12: =IF($C12="","",IFERROR(VLOOKUP(CONCATENATE(BO$3,"-",$C12),'FO-GC-012'!$D$20:$H$109,2,0),"")) | BP12: =IF($C12="","",IFERROR(VLOOKUP(CONCATENATE(BO$3,"-",$C12),'FO-GC-012'!$D$20:$H$109,3,0),"")) | BQ12: =IF($C12="","",IFERROR(VLOOKUP(CONCATENATE(BO$3,"-",$C12),'FO-GC-012'!$D$20:$H$109,4,0),"")) | BR12: =IF($C12="","",IFERROR(VLOOKUP(CONCATENATE(BO$3,"-",$C12),'FO-GC-012'!$D$20:$H$109,5,0),"")) | BS12: =IF($C12="","",IFERROR(VLOOKUP(CONCATENATE(BS$3,"-",$C12),'FO-GC-012'!$D$20:$H$109,2,0),"")) | BT12: =IF($C12="","",IFERROR(VLOOKUP(CONCATENATE(BS$3,"-",$C12),'FO-GC-012'!$D$20:$H$109,3,0),"")) | BU12: =IF($C12="","",IFERROR(VLOOKUP(CONCATENATE(BS$3,"-",$C12),'FO-GC-012'!$D$20:$H$109,4,0),"")) | BV12: =IF($C12="","",IFERROR(VLOOKUP(CONCATENATE(BS$3,"-",$C12),'FO-GC-012'!$D$20:$H$109,5,0),"")) | BW12: =IF($C12="","",IFERROR(VLOOKUP(CONCATENATE(BW$3,"-",$C12),'FO-GC-012'!$D$20:$H$109,2,0),"")) | BX12: =IF($C12="","",IFERROR(VLOOKUP(CONCATENATE(BW$3,"-",$C12),'FO-GC-012'!$D$20:$H$109,3,0),"")) | BY12: =IF($C12="","",IFERROR(VLOOKUP(CONCATENATE(BW$3,"-",$C12),'FO-GC-012'!$D$20:$H$109,4,0),"")) | BZ12: =IF($C12="","",IFERROR(VLOOKUP(CONCATENATE(BW$3,"-",$C12),'FO-GC-012'!$D$20:$H$109,5,0),"")) | CA12: =IF($C12="","",IFERROR(VLOOKUP(CONCATENATE(CA$3,"-",$C12),'FO-GC-012'!$D$20:$H$109,2,0),"")) | CB12: =IF($C12="","",IFERROR(VLOOKUP(CONCATENATE(CA$3,"-",$C12),'FO-GC-012'!$D$20:$H$109,3,0),"")) | CC12: =IF($C12="","",IFERROR(VLOOKUP(CONCATENATE(CA$3,"-",$C12),'FO-GC-012'!$D$20:$H$109,4,0),"")) | CD12: =IF($C12="","",IFERROR(VLOOKUP(CONCATENATE(CA$3,"-",$C12),'FO-GC-012'!$D$20:$H$109,5,0),"")) | CE12: =IF($C12="","",IFERROR(VLOOKUP(CONCATENATE(CE$3,"-",$C12),'FO-GC-012'!$D$20:$H$109,2,0),"")) | CF12: =IF($C12="","",IFERROR(VLOOKUP(CONCATENATE(CE$3,"-",$C12),'FO-GC-012'!$D$20:$H$109,3,0),"")) | CG12: =IF($C12="","",IFERROR(VLOOKUP(CONCATENATE(CE$3,"-",$C12),'FO-GC-012'!$D$20:$H$109,4,0),"")) | CH12: =IF($C12="","",IFERROR(VLOOKUP(CONCATENATE(CE$3,"-",$C12),'FO-GC-012'!$D$20:$H$109,5,0),""))
B13: =IF(C13="","",COUNTA(C$4:C13)) -> 10 | C13: ='Eq. Auditor'!B12 -> *Diego Fabian Bolaños Sarria | D13: =IF(C13="","",COUNTIF('FO-GC-012'!A:A,CONCATENATE("P-",C13))) -> 0 | E13: =IF(C13="","",COUNTIF('FO-GC-012'!A:A,CONCATENATE("A-",C13))) -> 0 | F13: =IF(C13="","",SUM(D13:E13)) -> 0 | G13: =IF($C13="","",IFERROR(VLOOKUP(CONCATENATE(G$3,"-",$C13),'FO-GC-012'!$D$20:$H$109,2,0),"")) | H13: =IF($C13="","",IFERROR(VLOOKUP(CONCATENATE(G$3,"-",$C13),'FO-GC-012'!$D$20:$H$109,3,0),"")) | I13: =IF($C13="","",IFERROR(VLOOKUP(CONCATENATE(G$3,"-",$C13),'FO-GC-012'!$D$20:$H$109,4,0),"")) | J13: =IF($C13="","",IFERROR(VLOOKUP(CONCATENATE(G$3,"-",$C13),'FO-GC-012'!$D$20:$H$109,5,0),"")) | K13: =IF($C13="","",IFERROR(VLOOKUP(CONCATENATE(K$3,"-",$C13),'FO-GC-012'!$D$20:$H$109,2,0),"")) | L13: =IF($C13="","",IFERROR(VLOOKUP(CONCATENATE(K$3,"-",$C13),'FO-GC-012'!$D$20:$H$109,3,0),"")) | M13: =IF($C13="","",IFERROR(VLOOKUP(CONCATENATE(K$3,"-",$C13),'FO-GC-012'!$D$20:$H$109,4,0),"")) | N13: =IF($C13="","",IFERROR(VLOOKUP(CONCATENATE(K$3,"-",$C13),'FO-GC-012'!$D$20:$H$109,5,0),"")) | O13: =IF($C13="","",IFERROR(VLOOKUP(CONCATENATE(O$3,"-",$C13),'FO-GC-012'!$D$20:$H$109,2,0),"")) | P13: =IF($C13="","",IFERROR(VLOOKUP(CONCATENATE(O$3,"-",$C13),'FO-GC-012'!$D$20:$H$109,3,0),"")) | Q13: =IF($C13="","",IFERROR(VLOOKUP(CONCATENATE(O$3,"-",$C13),'FO-GC-012'!$D$20:$H$109,4,0),"")) | R13: =IF($C13="","",IFERROR(VLOOKUP(CONCATENATE(O$3,"-",$C13),'FO-GC-012'!$D$20:$H$109,5,0),"")) | S13: =IF($C13="","",IFERROR(VLOOKUP(CONCATENATE(S$3,"-",$C13),'FO-GC-012'!$D$20:$H$109,2,0),"")) | T13: =IF($C13="","",IFERROR(VLOOKUP(CONCATENATE(S$3,"-",$C13),'FO-GC-012'!$D$20:$H$109,3,0),"")) | U13: =IF($C13="","",IFERROR(VLOOKUP(CONCATENATE(S$3,"-",$C13),'FO-GC-012'!$D$20:$H$109,4,0),"")) | V13: =IF($C13="","",IFERROR(VLOOKUP(CONCATENATE(S$3,"-",$C13),'FO-GC-012'!$D$20:$H$109,5,0),"")) | W13: =IF($C13="","",IFERROR(VLOOKUP(CONCATENATE(W$3,"-",$C13),'FO-GC-012'!$D$20:$H$109,2,0),"")) | X13: =IF($C13="","",IFERROR(VLOOKUP(CONCATENATE(W$3,"-",$C13),'FO-GC-012'!$D$20:$H$109,3,0),"")) | Y13: =IF($C13="","",IFERROR(VLOOKUP(CONCATENATE(W$3,"-",$C13),'FO-GC-012'!$D$20:$H$109,4,0),"")) | Z13: =IF($C13="","",IFERROR(VLOOKUP(CONCATENATE(W$3,"-",$C13),'FO-GC-012'!$D$20:$H$109,5,0),"")) | AA13: =IF($C13="","",IFERROR(VLOOKUP(CONCATENATE(AA$3,"-",$C13),'FO-GC-012'!$D$20:$H$109,2,0),"")) | AB13: =IF($C13="","",IFERROR(VLOOKUP(CONCATENATE(AA$3,"-",$C13),'FO-GC-012'!$D$20:$H$109,3,0),"")) | AC13: =IF($C13="","",IFERROR(VLOOKUP(CONCATENATE(AA$3,"-",$C13),'FO-GC-012'!$D$20:$H$109,4,0),"")) | AD13: =IF($C13="","",IFERROR(VLOOKUP(CONCATENATE(AA$3,"-",$C13),'FO-GC-012'!$D$20:$H$109,5,0),"")) | AE13: =IF($C13="","",IFERROR(VLOOKUP(CONCATENATE(AE$3,"-",$C13),'FO-GC-012'!$D$20:$H$109,2,0),"")) | AF13: =IF($C13="","",IFERROR(VLOOKUP(CONCATENATE(AE$3,"-",$C13),'FO-GC-012'!$D$20:$H$109,3,0),"")) | AG13: =IF($C13="","",IFERROR(VLOOKUP(CONCATENATE(AE$3,"-",$C13),'FO-GC-012'!$D$20:$H$109,4,0),"")) | AH13: =IF($C13="","",IFERROR(VLOOKUP(CONCATENATE(AE$3,"-",$C13),'FO-GC-012'!$D$20:$H$109,5,0),"")) | AI13: =IF($C13="","",IFERROR(VLOOKUP(CONCATENATE(AI$3,"-",$C13),'FO-GC-012'!$D$20:$H$109,2,0),"")) | AJ13: =IF($C13="","",IFERROR(VLOOKUP(CONCATENATE(AI$3,"-",$C13),'FO-GC-012'!$D$20:$H$109,3,0),"")) | AK13: =IF($C13="","",IFERROR(VLOOKUP(CONCATENATE(AI$3,"-",$C13),'FO-GC-012'!$D$20:$H$109,4,0),"")) | AL13: =IF($C13="","",IFERROR(VLOOKUP(CONCATENATE(AI$3,"-",$C13),'FO-GC-012'!$D$20:$H$109,5,0),"")) | AM13: =IF($C13="","",IFERROR(VLOOKUP(CONCATENATE(AM$3,"-",$C13),'FO-GC-012'!$D$20:$H$109,2,0),"")) | AN13: =IF($C13="","",IFERROR(VLOOKUP(CONCATENATE(AM$3,"-",$C13),'FO-GC-012'!$D$20:$H$109,3,0),"")) | AO13: =IF($C13="","",IFERROR(VLOOKUP(CONCATENATE(AM$3,"-",$C13),'FO-GC-012'!$D$20:$H$109,4,0),"")) | AP13: =IF($C13="","",IFERROR(VLOOKUP(CONCATENATE(AM$3,"-",$C13),'FO-GC-012'!$D$20:$H$109,5,0),"")) | AQ13: =IF($C13="","",IFERROR(VLOOKUP(CONCATENATE(AQ$3,"-",$C13),'FO-GC-012'!$D$20:$H$109,2,0),"")) | AR13: =IF($C13="","",IFERROR(VLOOKUP(CONCATENATE(AQ$3,"-",$C13),'FO-GC-012'!$D$20:$H$109,3,0),"")) | AS13: =IF($C13="","",IFERROR(VLOOKUP(CONCATENATE(AQ$3,"-",$C13),'FO-GC-012'!$D$20:$H$109,4,0),"")) | AT13: =IF($C13="","",IFERROR(VLOOKUP(CONCATENATE(AQ$3,"-",$C13),'FO-GC-012'!$D$20:$H$109,5,0),"")) | AU13: =IF($C13="","",IFERROR(VLOOKUP(CONCATENATE(AU$3,"-",$C13),'FO-GC-012'!$D$20:$H$109,2,0),"")) | AV13: =IF($C13="","",IFERROR(VLOOKUP(CONCATENATE(AU$3,"-",$C13),'FO-GC-012'!$D$20:$H$109,3,0),"")) | AW13: =IF($C13="","",IFERROR(VLOOKUP(CONCATENATE(AU$3,"-",$C13),'FO-GC-012'!$D$20:$H$109,4,0),"")) | AX13: =IF($C13="","",IFERROR(VLOOKUP(CONCATENATE(AU$3,"-",$C13),'FO-GC-012'!$D$20:$H$109,5,0),"")) | AY13: =IF($C13="","",IFERROR(VLOOKUP(CONCATENATE(AY$3,"-",$C13),'FO-GC-012'!$D$20:$H$109,2,0),"")) | AZ13: =IF($C13="","",IFERROR(VLOOKUP(CONCATENATE(AY$3,"-",$C13),'FO-GC-012'!$D$20:$H$109,3,0),"")) | BA13: =IF($C13="","",IFERROR(VLOOKUP(CONCATENATE(AY$3,"-",$C13),'FO-GC-012'!$D$20:$H$109,4,0),"")) | BB13: =IF($C13="","",IFERROR(VLOOKUP(CONCATENATE(AY$3,"-",$C13),'FO-GC-012'!$D$20:$H$109,5,0),"")) | BC13: =IF($C13="","",IFERROR(VLOOKUP(CONCATENATE(BC$3,"-",$C13),'FO-GC-012'!$D$20:$H$109,2,0),"")) | BD13: =IF($C13="","",IFERROR(VLOOKUP(CONCATENATE(BC$3,"-",$C13),'FO-GC-012'!$D$20:$H$109,3,0),"")) | BE13: =IF($C13="","",IFERROR(VLOOKUP(CONCATENATE(BC$3,"-",$C13),'FO-GC-012'!$D$20:$H$109,4,0),"")) | BF13: =IF($C13="","",IFERROR(VLOOKUP(CONCATENATE(BC$3,"-",$C13),'FO-GC-012'!$D$20:$H$109,5,0),"")) | BG13: =IF($C13="","",IFERROR(VLOOKUP(CONCATENATE(BG$3,"-",$C13),'FO-GC-012'!$D$20:$H$109,2,0),"")) | BH13: =IF($C13="","",IFERROR(VLOOKUP(CONCATENATE(BG$3,"-",$C13),'FO-GC-012'!$D$20:$H$109,3,0),"")) | BI13: =IF($C13="","",IFERROR(VLOOKUP(CONCATENATE(BG$3,"-",$C13),'FO-GC-012'!$D$20:$H$109,4,0),"")) | BJ13: =IF($C13="","",IFERROR(VLOOKUP(CONCATENATE(BG$3,"-",$C13),'FO-GC-012'!$D$20:$H$109,5,0),"")) | BK13: =IF($C13="","",IFERROR(VLOOKUP(CONCATENATE(BK$3,"-",$C13),'FO-GC-012'!$D$20:$H$109,2,0),"")) | BL13: =IF($C13="","",IFERROR(VLOOKUP(CONCATENATE(BK$3,"-",$C13),'FO-GC-012'!$D$20:$H$109,3,0),"")) | BM13: =IF($C13="","",IFERROR(VLOOKUP(CONCATENATE(BK$3,"-",$C13),'FO-GC-012'!$D$20:$H$109,4,0),"")) | BN13: =IF($C13="","",IFERROR(VLOOKUP(CONCATENATE(BK$3,"-",$C13),'FO-GC-012'!$D$20:$H$109,5,0),"")) | BO13: =IF($C13="","",IFERROR(VLOOKUP(CONCATENATE(BO$3,"-",$C13),'FO-GC-012'!$D$20:$H$109,2,0),"")) | BP13: =IF($C13="","",IFERROR(VLOOKUP(CONCATENATE(BO$3,"-",$C13),'FO-GC-012'!$D$20:$H$109,3,0),"")) | BQ13: =IF($C13="","",IFERROR(VLOOKUP(CONCATENATE(BO$3,"-",$C13),'FO-GC-012'!$D$20:$H$109,4,0),"")) | BR13: =IF($C13="","",IFERROR(VLOOKUP(CONCATENATE(BO$3,"-",$C13),'FO-GC-012'!$D$20:$H$109,5,0),"")) | BS13: =IF($C13="","",IFERROR(VLOOKUP(CONCATENATE(BS$3,"-",$C13),'FO-GC-012'!$D$20:$H$109,2,0),"")) | BT13: =IF($C13="","",IFERROR(VLOOKUP(CONCATENATE(BS$3,"-",$C13),'FO-GC-012'!$D$20:$H$109,3,0),"")) | BU13: =IF($C13="","",IFERROR(VLOOKUP(CONCATENATE(BS$3,"-",$C13),'FO-GC-012'!$D$20:$H$109,4,0),"")) | BV13: =IF($C13="","",IFERROR(VLOOKUP(CONCATENATE(BS$3,"-",$C13),'FO-GC-012'!$D$20:$H$109,5,0),"")) | BW13: =IF($C13="","",IFERROR(VLOOKUP(CONCATENATE(BW$3,"-",$C13),'FO-GC-012'!$D$20:$H$109,2,0),"")) | BX13: =IF($C13="","",IFERROR(VLOOKUP(CONCATENATE(BW$3,"-",$C13),'FO-GC-012'!$D$20:$H$109,3,0),"")) | BY13: =IF($C13="","",IFERROR(VLOOKUP(CONCATENATE(BW$3,"-",$C13),'FO-GC-012'!$D$20:$H$109,4,0),"")) | BZ13: =IF($C13="","",IFERROR(VLOOKUP(CONCATENATE(BW$3,"-",$C13),'FO-GC-012'!$D$20:$H$109,5,0),"")) | CA13: =IF($C13="","",IFERROR(VLOOKUP(CONCATENATE(CA$3,"-",$C13),'FO-GC-012'!$D$20:$H$109,2,0),"")) | CB13: =IF($C13="","",IFERROR(VLOOKUP(CONCATENATE(CA$3,"-",$C13),'FO-GC-012'!$D$20:$H$109,3,0),"")) | CC13: =IF($C13="","",IFERROR(VLOOKUP(CONCATENATE(CA$3,"-",$C13),'FO-GC-012'!$D$20:$H$109,4,0),"")) | CD13: =IF($C13="","",IFERROR(VLOOKUP(CONCATENATE(CA$3,"-",$C13),'FO-GC-012'!$D$20:$H$109,5,0),"")) | CE13: =IF($C13="","",IFERROR(VLOOKUP(CONCATENATE(CE$3,"-",$C13),'FO-GC-012'!$D$20:$H$109,2,0),"")) | CF13: =IF($C13="","",IFERROR(VLOOKUP(CONCATENATE(CE$3,"-",$C13),'FO-GC-012'!$D$20:$H$109,3,0),"")) | CG13: =IF($C13="","",IFERROR(VLOOKUP(CONCATENATE(CE$3,"-",$C13),'FO-GC-012'!$D$20:$H$109,4,0),"")) | CH13: =IF($C13="","",IFERROR(VLOOKUP(CONCATENATE(CE$3,"-",$C13),'FO-GC-012'!$D$20:$H$109,5,0),""))
B14: =IF(C14="","",COUNTA(C$4:C14)) -> 11 | C14: ='Eq. Auditor'!B13 -> *Julio Cesar Garcia Buitron | D14: =IF(C14="","",COUNTIF('FO-GC-012'!A:A,CONCATENATE("P-",C14))) -> 0 | E14: =IF(C14="","",COUNTIF('FO-GC-012'!A:A,CONCATENATE("A-",C14))) -> 0 | F14: =IF(C14="","",SUM(D14:E14)) -> 0 | G14: =IF($C14="","",IFERROR(VLOOKUP(CONCATENATE(G$3,"-",$C14),'FO-GC-012'!$D$20:$H$109,2,0),"")) | H14: =IF($C14="","",IFERROR(VLOOKUP(CONCATENATE(G$3,"-",$C14),'FO-GC-012'!$D$20:$H$109,3,0),"")) | I14: =IF($C14="","",IFERROR(VLOOKUP(CONCATENATE(G$3,"-",$C14),'FO-GC-012'!$D$20:$H$109,4,0),"")) | J14: =IF($C14="","",IFERROR(VLOOKUP(CONCATENATE(G$3,"-",$C14),'FO-GC-012'!$D$20:$H$109,5,0),"")) | K14: =IF($C14="","",IFERROR(VLOOKUP(CONCATENATE(K$3,"-",$C14),'FO-GC-012'!$D$20:$H$109,2,0),"")) | L14: =IF($C14="","",IFERROR(VLOOKUP(CONCATENATE(K$3,"-",$C14),'FO-GC-012'!$D$20:$H$109,3,0),"")) | M14: =IF($C14="","",IFERROR(VLOOKUP(CONCATENATE(K$3,"-",$C14),'FO-GC-012'!$D$20:$H$109,4,0),"")) | N14: =IF($C14="","",IFERROR(VLOOKUP(CONCATENATE(K$3,"-",$C14),'FO-GC-012'!$D$20:$H$109,5,0),"")) | O14: =IF($C14="","",IFERROR(VLOOKUP(CONCATENATE(O$3,"-",$C14),'FO-GC-012'!$D$20:$H$109,2,0),"")) | P14: =IF($C14="","",IFERROR(VLOOKUP(CONCATENATE(O$3,"-",$C14),'FO-GC-012'!$D$20:$H$109,3,0),"")) | Q14: =IF($C14="","",IFERROR(VLOOKUP(CONCATENATE(O$3,"-",$C14),'FO-GC-012'!$D$20:$H$109,4,0),"")) | R14: =IF($C14="","",IFERROR(VLOOKUP(CONCATENATE(O$3,"-",$C14),'FO-GC-012'!$D$20:$H$109,5,0),"")) | S14: =IF($C14="","",IFERROR(VLOOKUP(CONCATENATE(S$3,"-",$C14),'FO-GC-012'!$D$20:$H$109,2,0),"")) | T14: =IF($C14="","",IFERROR(VLOOKUP(CONCATENATE(S$3,"-",$C14),'FO-GC-012'!$D$20:$H$109,3,0),"")) | U14: =IF($C14="","",IFERROR(VLOOKUP(CONCATENATE(S$3,"-",$C14),'FO-GC-012'!$D$20:$H$109,4,0),"")) | V14: =IF($C14="","",IFERROR(VLOOKUP(CONCATENATE(S$3,"-",$C14),'FO-GC-012'!$D$20:$H$109,5,0),"")) | W14: =IF($C14="","",IFERROR(VLOOKUP(CONCATENATE(W$3,"-",$C14),'FO-GC-012'!$D$20:$H$109,2,0),"")) | X14: =IF($C14="","",IFERROR(VLOOKUP(CONCATENATE(W$3,"-",$C14),'FO-GC-012'!$D$20:$H$109,3,0),"")) | Y14: =IF($C14="","",IFERROR(VLOOKUP(CONCATENATE(W$3,"-",$C14),'FO-GC-012'!$D$20:$H$109,4,0),"")) | Z14: =IF($C14="","",IFERROR(VLOOKUP(CONCATENATE(W$3,"-",$C14),'FO-GC-012'!$D$20:$H$109,5,0),"")) | AA14: =IF($C14="","",IFERROR(VLOOKUP(CONCATENATE(AA$3,"-",$C14),'FO-GC-012'!$D$20:$H$109,2,0),"")) | AB14: =IF($C14="","",IFERROR(VLOOKUP(CONCATENATE(AA$3,"-",$C14),'FO-GC-012'!$D$20:$H$109,3,0),"")) | AC14: =IF($C14="","",IFERROR(VLOOKUP(CONCATENATE(AA$3,"-",$C14),'FO-GC-012'!$D$20:$H$109,4,0),"")) | AD14: =IF($C14="","",IFERROR(VLOOKUP(CONCATENATE(AA$3,"-",$C14),'FO-GC-012'!$D$20:$H$109,5,0),"")) | AE14: =IF($C14="","",IFERROR(VLOOKUP(CONCATENATE(AE$3,"-",$C14),'FO-GC-012'!$D$20:$H$109,2,0),"")) | AF14: =IF($C14="","",IFERROR(VLOOKUP(CONCATENATE(AE$3,"-",$C14),'FO-GC-012'!$D$20:$H$109,3,0),"")) | AG14: =IF($C14="","",IFERROR(VLOOKUP(CONCATENATE(AE$3,"-",$C14),'FO-GC-012'!$D$20:$H$109,4,0),"")) | AH14: =IF($C14="","",IFERROR(VLOOKUP(CONCATENATE(AE$3,"-",$C14),'FO-GC-012'!$D$20:$H$109,5,0),"")) | AI14: =IF($C14="","",IFERROR(VLOOKUP(CONCATENATE(AI$3,"-",$C14),'FO-GC-012'!$D$20:$H$109,2,0),"")) | AJ14: =IF($C14="","",IFERROR(VLOOKUP(CONCATENATE(AI$3,"-",$C14),'FO-GC-012'!$D$20:$H$109,3,0),"")) | AK14: =IF($C14="","",IFERROR(VLOOKUP(CONCATENATE(AI$3,"-",$C14),'FO-GC-012'!$D$20:$H$109,4,0),"")) | AL14: =IF($C14="","",IFERROR(VLOOKUP(CONCATENATE(AI$3,"-",$C14),'FO-GC-012'!$D$20:$H$109,5,0),"")) | AM14: =IF($C14="","",IFERROR(VLOOKUP(CONCATENATE(AM$3,"-",$C14),'FO-GC-012'!$D$20:$H$109,2,0),"")) | AN14: =IF($C14="","",IFERROR(VLOOKUP(CONCATENATE(AM$3,"-",$C14),'FO-GC-012'!$D$20:$H$109,3,0),"")) | AO14: =IF($C14="","",IFERROR(VLOOKUP(CONCATENATE(AM$3,"-",$C14),'FO-GC-012'!$D$20:$H$109,4,0),"")) | AP14: =IF($C14="","",IFERROR(VLOOKUP(CONCATENATE(AM$3,"-",$C14),'FO-GC-012'!$D$20:$H$109,5,0),"")) | AQ14: =IF($C14="","",IFERROR(VLOOKUP(CONCATENATE(AQ$3,"-",$C14),'FO-GC-012'!$D$20:$H$109,2,0),"")) | AR14: =IF($C14="","",IFERROR(VLOOKUP(CONCATENATE(AQ$3,"-",$C14),'FO-GC-012'!$D$20:$H$109,3,0),"")) | AS14: =IF($C14="","",IFERROR(VLOOKUP(CONCATENATE(AQ$3,"-",$C14),'FO-GC-012'!$D$20:$H$109,4,0),"")) | AT14: =IF($C14="","",IFERROR(VLOOKUP(CONCATENATE(AQ$3,"-",$C14),'FO-GC-012'!$D$20:$H$109,5,0),"")) | AU14: =IF($C14="","",IFERROR(VLOOKUP(CONCATENATE(AU$3,"-",$C14),'FO-GC-012'!$D$20:$H$109,2,0),"")) | AV14: =IF($C14="","",IFERROR(VLOOKUP(CONCATENATE(AU$3,"-",$C14),'FO-GC-012'!$D$20:$H$109,3,0),"")) | AW14: =IF($C14="","",IFERROR(VLOOKUP(CONCATENATE(AU$3,"-",$C14),'FO-GC-012'!$D$20:$H$109,4,0),"")) | AX14: =IF($C14="","",IFERROR(VLOOKUP(CONCATENATE(AU$3,"-",$C14),'FO-GC-012'!$D$20:$H$109,5,0),"")) | AY14: =IF($C14="","",IFERROR(VLOOKUP(CONCATENATE(AY$3,"-",$C14),'FO-GC-012'!$D$20:$H$109,2,0),"")) | AZ14: =IF($C14="","",IFERROR(VLOOKUP(CONCATENATE(AY$3,"-",$C14),'FO-GC-012'!$D$20:$H$109,3,0),"")) | BA14: =IF($C14="","",IFERROR(VLOOKUP(CONCATENATE(AY$3,"-",$C14),'FO-GC-012'!$D$20:$H$109,4,0),"")) | BB14: =IF($C14="","",IFERROR(VLOOKUP(CONCATENATE(AY$3,"-",$C14),'FO-GC-012'!$D$20:$H$109,5,0),"")) | BC14: =IF($C14="","",IFERROR(VLOOKUP(CONCATENATE(BC$3,"-",$C14),'FO-GC-012'!$D$20:$H$109,2,0),"")) | BD14: =IF($C14="","",IFERROR(VLOOKUP(CONCATENATE(BC$3,"-",$C14),'FO-GC-012'!$D$20:$H$109,3,0),"")) | BE14: =IF($C14="","",IFERROR(VLOOKUP(CONCATENATE(BC$3,"-",$C14),'FO-GC-012'!$D$20:$H$109,4,0),"")) | BF14: =IF($C14="","",IFERROR(VLOOKUP(CONCATENATE(BC$3,"-",$C14),'FO-GC-012'!$D$20:$H$109,5,0),"")) | BG14: =IF($C14="","",IFERROR(VLOOKUP(CONCATENATE(BG$3,"-",$C14),'FO-GC-012'!$D$20:$H$109,2,0),"")) | BH14: =IF($C14="","",IFERROR(VLOOKUP(CONCATENATE(BG$3,"-",$C14),'FO-GC-012'!$D$20:$H$109,3,0),"")) | BI14: =IF($C14="","",IFERROR(VLOOKUP(CONCATENATE(BG$3,"-",$C14),'FO-GC-012'!$D$20:$H$109,4,0),"")) | BJ14: =IF($C14="","",IFERROR(VLOOKUP(CONCATENATE(BG$3,"-",$C14),'FO-GC-012'!$D$20:$H$109,5,0),"")) | BK14: =IF($C14="","",IFERROR(VLOOKUP(CONCATENATE(BK$3,"-",$C14),'FO-GC-012'!$D$20:$H$109,2,0),"")) | BL14: =IF($C14="","",IFERROR(VLOOKUP(CONCATENATE(BK$3,"-",$C14),'FO-GC-012'!$D$20:$H$109,3,0),"")) | BM14: =IF($C14="","",IFERROR(VLOOKUP(CONCATENATE(BK$3,"-",$C14),'FO-GC-012'!$D$20:$H$109,4,0),"")) | BN14: =IF($C14="","",IFERROR(VLOOKUP(CONCATENATE(BK$3,"-",$C14),'FO-GC-012'!$D$20:$H$109,5,0),"")) | BO14: =IF($C14="","",IFERROR(VLOOKUP(CONCATENATE(BO$3,"-",$C14),'FO-GC-012'!$D$20:$H$109,2,0),"")) | BP14: =IF($C14="","",IFERROR(VLOOKUP(CONCATENATE(BO$3,"-",$C14),'FO-GC-012'!$D$20:$H$109,3,0),"")) | BQ14: =IF($C14="","",IFERROR(VLOOKUP(CONCATENATE(BO$3,"-",$C14),'FO-GC-012'!$D$20:$H$109,4,0),"")) | BR14: =IF($C14="","",IFERROR(VLOOKUP(CONCATENATE(BO$3,"-",$C14),'FO-GC-012'!$D$20:$H$109,5,0),"")) | BS14: =IF($C14="","",IFERROR(VLOOKUP(CONCATENATE(BS$3,"-",$C14),'FO-GC-012'!$D$20:$H$109,2,0),"")) | BT14: =IF($C14="","",IFERROR(VLOOKUP(CONCATENATE(BS$3,"-",$C14),'FO-GC-012'!$D$20:$H$109,3,0),"")) | BU14: =IF($C14="","",IFERROR(VLOOKUP(CONCATENATE(BS$3,"-",$C14),'FO-GC-012'!$D$20:$H$109,4,0),"")) | BV14: =IF($C14="","",IFERROR(VLOOKUP(CONCATENATE(BS$3,"-",$C14),'FO-GC-012'!$D$20:$H$109,5,0),"")) | BW14: =IF($C14="","",IFERROR(VLOOKUP(CONCATENATE(BW$3,"-",$C14),'FO-GC-012'!$D$20:$H$109,2,0),"")) | BX14: =IF($C14="","",IFERROR(VLOOKUP(CONCATENATE(BW$3,"-",$C14),'FO-GC-012'!$D$20:$H$109,3,0),"")) | BY14: =IF($C14="","",IFERROR(VLOOKUP(CONCATENATE(BW$3,"-",$C14),'FO-GC-012'!$D$20:$H$109,4,0),"")) | BZ14: =IF($C14="","",IFERROR(VLOOKUP(CONCATENATE(BW$3,"-",$C14),'FO-GC-012'!$D$20:$H$109,5,0),"")) | CA14: =IF($C14="","",IFERROR(VLOOKUP(CONCATENATE(CA$3,"-",$C14),'FO-GC-012'!$D$20:$H$109,2,0),"")) | CB14: =IF($C14="","",IFERROR(VLOOKUP(CONCATENATE(CA$3,"-",$C14),'FO-GC-012'!$D$20:$H$109,3,0),"")) | CC14: =IF($C14="","",IFERROR(VLOOKUP(CONCATENATE(CA$3,"-",$C14),'FO-GC-012'!$D$20:$H$109,4,0),"")) | CD14: =IF($C14="","",IFERROR(VLOOKUP(CONCATENATE(CA$3,"-",$C14),'FO-GC-012'!$D$20:$H$109,5,0),"")) | CE14: =IF($C14="","",IFERROR(VLOOKUP(CONCATENATE(CE$3,"-",$C14),'FO-GC-012'!$D$20:$H$109,2,0),"")) | CF14: =IF($C14="","",IFERROR(VLOOKUP(CONCATENATE(CE$3,"-",$C14),'FO-GC-012'!$D$20:$H$109,3,0),"")) | CG14: =IF($C14="","",IFERROR(VLOOKUP(CONCATENATE(CE$3,"-",$C14),'FO-GC-012'!$D$20:$H$109,4,0),"")) | CH14: =IF($C14="","",IFERROR(VLOOKUP(CONCATENATE(CE$3,"-",$C14),'FO-GC-012'!$D$20:$H$109,5,0),""))
B15: =IF(C15="","",COUNTA(C$4:C15)) -> 12 | C15: ='Eq. Auditor'!B14 -> Karen Jisset Zuñiga Ramos | D15: =IF(C15="","",COUNTIF('FO-GC-012'!A:A,CONCATENATE("P-",C15))) -> 0 | E15: =IF(C15="","",COUNTIF('FO-GC-012'!A:A,CONCATENATE("A-",C15))) -> 0 | F15: =IF(C15="","",SUM(D15:E15)) -> 0 | G15: =IF($C15="","",IFERROR(VLOOKUP(CONCATENATE(G$3,"-",$C15),'FO-GC-012'!$D$20:$H$109,2,0),"")) | H15: =IF($C15="","",IFERROR(VLOOKUP(CONCATENATE(G$3,"-",$C15),'FO-GC-012'!$D$20:$H$109,3,0),"")) | I15: =IF($C15="","",IFERROR(VLOOKUP(CONCATENATE(G$3,"-",$C15),'FO-GC-012'!$D$20:$H$109,4,0),"")) | J15: =IF($C15="","",IFERROR(VLOOKUP(CONCATENATE(G$3,"-",$C15),'FO-GC-012'!$D$20:$H$109,5,0),"")) | K15: =IF($C15="","",IFERROR(VLOOKUP(CONCATENATE(K$3,"-",$C15),'FO-GC-012'!$D$20:$H$109,2,0),"")) | L15: =IF($C15="","",IFERROR(VLOOKUP(CONCATENATE(K$3,"-",$C15),'FO-GC-012'!$D$20:$H$109,3,0),"")) | M15: =IF($C15="","",IFERROR(VLOOKUP(CONCATENATE(K$3,"-",$C15),'FO-GC-012'!$D$20:$H$109,4,0),"")) | N15: =IF($C15="","",IFERROR(VLOOKUP(CONCATENATE(K$3,"-",$C15),'FO-GC-012'!$D$20:$H$109,5,0),"")) | O15: =IF($C15="","",IFERROR(VLOOKUP(CONCATENATE(O$3,"-",$C15),'FO-GC-012'!$D$20:$H$109,2,0),"")) | P15: =IF($C15="","",IFERROR(VLOOKUP(CONCATENATE(O$3,"-",$C15),'FO-GC-012'!$D$20:$H$109,3,0),"")) | Q15: =IF($C15="","",IFERROR(VLOOKUP(CONCATENATE(O$3,"-",$C15),'FO-GC-012'!$D$20:$H$109,4,0),"")) | R15: =IF($C15="","",IFERROR(VLOOKUP(CONCATENATE(O$3,"-",$C15),'FO-GC-012'!$D$20:$H$109,5,0),"")) | S15: =IF($C15="","",IFERROR(VLOOKUP(CONCATENATE(S$3,"-",$C15),'FO-GC-012'!$D$20:$H$109,2,0),"")) | T15: =IF($C15="","",IFERROR(VLOOKUP(CONCATENATE(S$3,"-",$C15),'FO-GC-012'!$D$20:$H$109,3,0),"")) | U15: =IF($C15="","",IFERROR(VLOOKUP(CONCATENATE(S$3,"-",$C15),'FO-GC-012'!$D$20:$H$109,4,0),"")) | V15: =IF($C15="","",IFERROR(VLOOKUP(CONCATENATE(S$3,"-",$C15),'FO-GC-012'!$D$20:$H$109,5,0),"")) | W15: =IF($C15="","",IFERROR(VLOOKUP(CONCATENATE(W$3,"-",$C15),'FO-GC-012'!$D$20:$H$109,2,0),"")) | X15: =IF($C15="","",IFERROR(VLOOKUP(CONCATENATE(W$3,"-",$C15),'FO-GC-012'!$D$20:$H$109,3,0),"")) | Y15: =IF($C15="","",IFERROR(VLOOKUP(CONCATENATE(W$3,"-",$C15),'FO-GC-012'!$D$20:$H$109,4,0),"")) | Z15: =IF($C15="","",IFERROR(VLOOKUP(CONCATENATE(W$3,"-",$C15),'FO-GC-012'!$D$20:$H$109,5,0),"")) | AA15: =IF($C15="","",IFERROR(VLOOKUP(CONCATENATE(AA$3,"-",$C15),'FO-GC-012'!$D$20:$H$109,2,0),"")) | AB15: =IF($C15="","",IFERROR(VLOOKUP(CONCATENATE(AA$3,"-",$C15),'FO-GC-012'!$D$20:$H$109,3,0),"")) | AC15: =IF($C15="","",IFERROR(VLOOKUP(CONCATENATE(AA$3,"-",$C15),'FO-GC-012'!$D$20:$H$109,4,0),"")) | AD15: =IF($C15="","",IFERROR(VLOOKUP(CONCATENATE(AA$3,"-",$C15),'FO-GC-012'!$D$20:$H$109,5,0),"")) | AE15: =IF($C15="","",IFERROR(VLOOKUP(CONCATENATE(AE$3,"-",$C15),'FO-GC-012'!$D$20:$H$109,2,0),"")) | AF15: =IF($C15="","",IFERROR(VLOOKUP(CONCATENATE(AE$3,"-",$C15),'FO-GC-012'!$D$20:$H$109,3,0),"")) | AG15: =IF($C15="","",IFERROR(VLOOKUP(CONCATENATE(AE$3,"-",$C15),'FO-GC-012'!$D$20:$H$109,4,0),"")) | AH15: =IF($C15="","",IFERROR(VLOOKUP(CONCATENATE(AE$3,"-",$C15),'FO-GC-012'!$D$20:$H$109,5,0),"")) | AI15: =IF($C15="","",IFERROR(VLOOKUP(CONCATENATE(AI$3,"-",$C15),'FO-GC-012'!$D$20:$H$109,2,0),"")) | AJ15: =IF($C15="","",IFERROR(VLOOKUP(CONCATENATE(AI$3,"-",$C15),'FO-GC-012'!$D$20:$H$109,3,0),"")) | AK15: =IF($C15="","",IFERROR(VLOOKUP(CONCATENATE(AI$3,"-",$C15),'FO-GC-012'!$D$20:$H$109,4,0),"")) | AL15: =IF($C15="","",IFERROR(VLOOKUP(CONCATENATE(AI$3,"-",$C15),'FO-GC-012'!$D$20:$H$109,5,0),"")) | AM15: =IF($C15="","",IFERROR(VLOOKUP(CONCATENATE(AM$3,"-",$C15),'FO-GC-012'!$D$20:$H$109,2,0),"")) | AN15: =IF($C15="","",IFERROR(VLOOKUP(CONCATENATE(AM$3,"-",$C15),'FO-GC-012'!$D$20:$H$109,3,0),"")) | AO15: =IF($C15="","",IFERROR(VLOOKUP(CONCATENATE(AM$3,"-",$C15),'FO-GC-012'!$D$20:$H$109,4,0),"")) | AP15: =IF($C15="","",IFERROR(VLOOKUP(CONCATENATE(AM$3,"-",$C15),'FO-GC-012'!$D$20:$H$109,5,0),"")) | AQ15: =IF($C15="","",IFERROR(VLOOKUP(CONCATENATE(AQ$3,"-",$C15),'FO-GC-012'!$D$20:$H$109,2,0),"")) | AR15: =IF($C15="","",IFERROR(VLOOKUP(CONCATENATE(AQ$3,"-",$C15),'FO-GC-012'!$D$20:$H$109,3,0),"")) | AS15: =IF($C15="","",IFERROR(VLOOKUP(CONCATENATE(AQ$3,"-",$C15),'FO-GC-012'!$D$20:$H$109,4,0),"")) | AT15: =IF($C15="","",IFERROR(VLOOKUP(CONCATENATE(AQ$3,"-",$C15),'FO-GC-012'!$D$20:$H$109,5,0),"")) | AU15: =IF($C15="","",IFERROR(VLOOKUP(CONCATENATE(AU$3,"-",$C15),'FO-GC-012'!$D$20:$H$109,2,0),"")) | AV15: =IF($C15="","",IFERROR(VLOOKUP(CONCATENATE(AU$3,"-",$C15),'FO-GC-012'!$D$20:$H$109,3,0),"")) | AW15: =IF($C15="","",IFERROR(VLOOKUP(CONCATENATE(AU$3,"-",$C15),'FO-GC-012'!$D$20:$H$109,4,0),"")) | AX15: =IF($C15="","",IFERROR(VLOOKUP(CONCATENATE(AU$3,"-",$C15),'FO-GC-012'!$D$20:$H$109,5,0),"")) | AY15: =IF($C15="","",IFERROR(VLOOKUP(CONCATENATE(AY$3,"-",$C15),'FO-GC-012'!$D$20:$H$109,2,0),"")) | AZ15: =IF($C15="","",IFERROR(VLOOKUP(CONCATENATE(AY$3,"-",$C15),'FO-GC-012'!$D$20:$H$109,3,0),"")) | BA15: =IF($C15="","",IFERROR(VLOOKUP(CONCATENATE(AY$3,"-",$C15),'FO-GC-012'!$D$20:$H$109,4,0),"")) | BB15: =IF($C15="","",IFERROR(VLOOKUP(CONCATENATE(AY$3,"-",$C15),'FO-GC-012'!$D$20:$H$109,5,0),"")) | BC15: =IF($C15="","",IFERROR(VLOOKUP(CONCATENATE(BC$3,"-",$C15),'FO-GC-012'!$D$20:$H$109,2,0),"")) | BD15: =IF($C15="","",IFERROR(VLOOKUP(CONCATENATE(BC$3,"-",$C15),'FO-GC-012'!$D$20:$H$109,3,0),"")) | BE15: =IF($C15="","",IFERROR(VLOOKUP(CONCATENATE(BC$3,"-",$C15),'FO-GC-012'!$D$20:$H$109,4,0),"")) | BF15: =IF($C15="","",IFERROR(VLOOKUP(CONCATENATE(BC$3,"-",$C15),'FO-GC-012'!$D$20:$H$109,5,0),"")) | BG15: =IF($C15="","",IFERROR(VLOOKUP(CONCATENATE(BG$3,"-",$C15),'FO-GC-012'!$D$20:$H$109,2,0),"")) | BH15: =IF($C15="","",IFERROR(VLOOKUP(CONCATENATE(BG$3,"-",$C15),'FO-GC-012'!$D$20:$H$109,3,0),"")) | BI15: =IF($C15="","",IFERROR(VLOOKUP(CONCATENATE(BG$3,"-",$C15),'FO-GC-012'!$D$20:$H$109,4,0),"")) | BJ15: =IF($C15="","",IFERROR(VLOOKUP(CONCATENATE(BG$3,"-",$C15),'FO-GC-012'!$D$20:$H$109,5,0),"")) | BK15: =IF($C15="","",IFERROR(VLOOKUP(CONCATENATE(BK$3,"-",$C15),'FO-GC-012'!$D$20:$H$109,2,0),"")) | BL15: =IF($C15="","",IFERROR(VLOOKUP(CONCATENATE(BK$3,"-",$C15),'FO-GC-012'!$D$20:$H$109,3,0),"")) | BM15: =IF($C15="","",IFERROR(VLOOKUP(CONCATENATE(BK$3,"-",$C15),'FO-GC-012'!$D$20:$H$109,4,0),"")) | BN15: =IF($C15="","",IFERROR(VLOOKUP(CONCATENATE(BK$3,"-",$C15),'FO-GC-012'!$D$20:$H$109,5,0),"")) | BO15: =IF($C15="","",IFERROR(VLOOKUP(CONCATENATE(BO$3,"-",$C15),'FO-GC-012'!$D$20:$H$109,2,0),"")) | BP15: =IF($C15="","",IFERROR(VLOOKUP(CONCATENATE(BO$3,"-",$C15),'FO-GC-012'!$D$20:$H$109,3,0),"")) | BQ15: =IF($C15="","",IFERROR(VLOOKUP(CONCATENATE(BO$3,"-",$C15),'FO-GC-012'!$D$20:$H$109,4,0),"")) | BR15: =IF($C15="","",IFERROR(VLOOKUP(CONCATENATE(BO$3,"-",$C15),'FO-GC-012'!$D$20:$H$109,5,0),"")) | BS15: =IF($C15="","",IFERROR(VLOOKUP(CONCATENATE(BS$3,"-",$C15),'FO-GC-012'!$D$20:$H$109,2,0),"")) | BT15: =IF($C15="","",IFERROR(VLOOKUP(CONCATENATE(BS$3,"-",$C15),'FO-GC-012'!$D$20:$H$109,3,0),"")) | BU15: =IF($C15="","",IFERROR(VLOOKUP(CONCATENATE(BS$3,"-",$C15),'FO-GC-012'!$D$20:$H$109,4,0),"")) | BV15: =IF($C15="","",IFERROR(VLOOKUP(CONCATENATE(BS$3,"-",$C15),'FO-GC-012'!$D$20:$H$109,5,0),"")) | BW15: =IF($C15="","",IFERROR(VLOOKUP(CONCATENATE(BW$3,"-",$C15),'FO-GC-012'!$D$20:$H$109,2,0),"")) | BX15: =IF($C15="","",IFERROR(VLOOKUP(CONCATENATE(BW$3,"-",$C15),'FO-GC-012'!$D$20:$H$109,3,0),"")) | BY15: =IF($C15="","",IFERROR(VLOOKUP(CONCATENATE(BW$3,"-",$C15),'FO-GC-012'!$D$20:$H$109,4,0),"")) | BZ15: =IF($C15="","",IFERROR(VLOOKUP(CONCATENATE(BW$3,"-",$C15),'FO-GC-012'!$D$20:$H$109,5,0),"")) | CA15: =IF($C15="","",IFERROR(VLOOKUP(CONCATENATE(CA$3,"-",$C15),'FO-GC-012'!$D$20:$H$109,2,0),"")) | CB15: =IF($C15="","",IFERROR(VLOOKUP(CONCATENATE(CA$3,"-",$C15),'FO-GC-012'!$D$20:$H$109,3,0),"")) | CC15: =IF($C15="","",IFERROR(VLOOKUP(CONCATENATE(CA$3,"-",$C15),'FO-GC-012'!$D$20:$H$109,4,0),"")) | CD15: =IF($C15="","",IFERROR(VLOOKUP(CONCATENATE(CA$3,"-",$C15),'FO-GC-012'!$D$20:$H$109,5,0),"")) | CE15: =IF($C15="","",IFERROR(VLOOKUP(CONCATENATE(CE$3,"-",$C15),'FO-GC-012'!$D$20:$H$109,2,0),"")) | CF15: =IF($C15="","",IFERROR(VLOOKUP(CONCATENATE(CE$3,"-",$C15),'FO-GC-012'!$D$20:$H$109,3,0),"")) | CG15: =IF($C15="","",IFERROR(VLOOKUP(CONCATENATE(CE$3,"-",$C15),'FO-GC-012'!$D$20:$H$109,4,0),"")) | CH15: =IF($C15="","",IFERROR(VLOOKUP(CONCATENATE(CE$3,"-",$C15),'FO-GC-012'!$D$20:$H$109,5,0),""))
... B36: =IF(C36="","",COUNTA(C$4:C36)) -> 33 | C36: ='Eq. Auditor'!B35 -> Maria Camila Toro Gonzalez | D36: =IF(C36="","",COUNTIF('FO-GC-012'!A:A,CONCATENATE("P-",C36))) -> 0 | E36: =IF(C36="","",COUNTIF('FO-GC-012'!A:A,CONCATENATE("A-",C36))) -> 0 | F36: =IF(C36="","",SUM(D36:E36)) -> 0 | G36: =IF($C36="","",IFERROR(VLOOKUP(CONCATENATE(G$3,"-",$C36),'FO-GC-012'!$D$20:$H$109,2,0),"")) | H36: =IF($C36="","",IFERROR(VLOOKUP(CONCATENATE(G$3,"-",$C36),'FO-GC-012'!$D$20:$H$109,3,0),"")) | I36: =IF($C36="","",IFERROR(VLOOKUP(CONCATENATE(G$3,"-",$C36),'FO-GC-012'!$D$20:$H$109,4,0),"")) | J36: =IF($C36="","",IFERROR(VLOOKUP(CONCATENATE(G$3,"-",$C36),'FO-GC-012'!$D$20:$H$109,5,0),"")) | K36: =IF($C36="","",IFERROR(VLOOKUP(CONCATENATE(K$3,"-",$C36),'FO-GC-012'!$D$20:$H$109,2,0),"")) | L36: =IF($C36="","",IFERROR(VLOOKUP(CONCATENATE(K$3,"-",$C36),'FO-GC-012'!$D$20:$H$109,3,0),"")) | M36: =IF($C36="","",IFERROR(VLOOKUP(CONCATENATE(K$3,"-",$C36),'FO-GC-012'!$D$20:$H$109,4,0),"")) | N36: =IF($C36="","",IFERROR(VLOOKUP(CONCATENATE(K$3,"-",$C36),'FO-GC-012'!$D$20:$H$109,5,0),"")) | O36: =IF($C36="","",IFERROR(VLOOKUP(CONCATENATE(O$3,"-",$C36),'FO-GC-012'!$D$20:$H$109,2,0),"")) | P36: =IF($C36="","",IFERROR(VLOOKUP(CONCATENATE(O$3,"-",$C36),'FO-GC-012'!$D$20:$H$109,3,0),"")) | Q36: =IF($C36="","",IFERROR(VLOOKUP(CONCATENATE(O$3,"-",$C36),'FO-GC-012'!$D$20:$H$109,4,0),"")) | R36: =IF($C36="","",IFERROR(VLOOKUP(CONCATENATE(O$3,"-",$C36),'FO-GC-012'!$D$20:$H$109,5,0),"")) | S36: =IF($C36="","",IFERROR(VLOOKUP(CONCATENATE(S$3,"-",$C36),'FO-GC-012'!$D$20:$H$109,2,0),"")) | T36: =IF($C36="","",IFERROR(VLOOKUP(CONCATENATE(S$3,"-",$C36),'FO-GC-012'!$D$20:$H$109,3,0),"")) | U36: =IF($C36="","",IFERROR(VLOOKUP(CONCATENATE(S$3,"-",$C36),'FO-GC-012'!$D$20:$H$109,4,0),"")) | V36: =IF($C36="","",IFERROR(VLOOKUP(CONCATENATE(S$3,"-",$C36),'FO-GC-012'!$D$20:$H$109,5,0),"")) | W36: =IF($C36="","",IFERROR(VLOOKUP(CONCATENATE(W$3,"-",$C36),'FO-GC-012'!$D$20:$H$109,2,0),"")) | X36: =IF($C36="","",IFERROR(VLOOKUP(CONCATENATE(W$3,"-",$C36),'FO-GC-012'!$D$20:$H$109,3,0),"")) | Y36: =IF($C36="","",IFERROR(VLOOKUP(CONCATENATE(W$3,"-",$C36),'FO-GC-012'!$D$20:$H$109,4,0),"")) | Z36: =IF($C36="","",IFERROR(VLOOKUP(CONCATENATE(W$3,"-",$C36),'FO-GC-012'!$D$20:$H$109,5,0),"")) | AA36: =IF($C36="","",IFERROR(VLOOKUP(CONCATENATE(AA$3,"-",$C36),'FO-GC-012'!$D$20:$H$109,2,0),"")) | AB36: =IF($C36="","",IFERROR(VLOOKUP(CONCATENATE(AA$3,"-",$C36),'FO-GC-012'!$D$20:$H$109,3,0),"")) | AC36: =IF($C36="","",IFERROR(VLOOKUP(CONCATENATE(AA$3,"-",$C36),'FO-GC-012'!$D$20:$H$109,4,0),"")) | AD36: =IF($C36="","",IFERROR(VLOOKUP(CONCATENATE(AA$3,"-",$C36),'FO-GC-012'!$D$20:$H$109,5,0),"")) | AE36: =IF($C36="","",IFERROR(VLOOKUP(CONCATENATE(AE$3,"-",$C36),'FO-GC-012'!$D$20:$H$109,2,0),"")) | AF36: =IF($C36="","",IFERROR(VLOOKUP(CONCATENATE(AE$3,"-",$C36),'FO-GC-012'!$D$20:$H$109,3,0),"")) | AG36: =IF($C36="","",IFERROR(VLOOKUP(CONCATENATE(AE$3,"-",$C36),'FO-GC-012'!$D$20:$H$109,4,0),"")) | AH36: =IF($C36="","",IFERROR(VLOOKUP(CONCATENATE(AE$3,"-",$C36),'FO-GC-012'!$D$20:$H$109,5,0),"")) | AI36: =IF($C36="","",IFERROR(VLOOKUP(CONCATENATE(AI$3,"-",$C36),'FO-GC-012'!$D$20:$H$109,2,0),"")) | AJ36: =IF($C36="","",IFERROR(VLOOKUP(CONCATENATE(AI$3,"-",$C36),'FO-GC-012'!$D$20:$H$109,3,0),"")) | AK36: =IF($C36="","",IFERROR(VLOOKUP(CONCATENATE(AI$3,"-",$C36),'FO-GC-012'!$D$20:$H$109,4,0),"")) | AL36: =IF($C36="","",IFERROR(VLOOKUP(CONCATENATE(AI$3,"-",$C36),'FO-GC-012'!$D$20:$H$109,5,0),"")) | AM36: =IF($C36="","",IFERROR(VLOOKUP(CONCATENATE(AM$3,"-",$C36),'FO-GC-012'!$D$20:$H$109,2,0),"")) | AN36: =IF($C36="","",IFERROR(VLOOKUP(CONCATENATE(AM$3,"-",$C36),'FO-GC-012'!$D$20:$H$109,3,0),"")) | AO36: =IF($C36="","",IFERROR(VLOOKUP(CONCATENATE(AM$3,"-",$C36),'FO-GC-012'!$D$20:$H$109,4,0),"")) | AP36: =IF($C36="","",IFERROR(VLOOKUP(CONCATENATE(AM$3,"-",$C36),'FO-GC-012'!$D$20:$H$109,5,0),"")) | AQ36: =IF($C36="","",IFERROR(VLOOKUP(CONCATENATE(AQ$3,"-",$C36),'FO-GC-012'!$D$20:$H$109,2,0),"")) | AR36: =IF($C36="","",IFERROR(VLOOKUP(CONCATENATE(AQ$3,"-",$C36),'FO-GC-012'!$D$20:$H$109,3,0),"")) | AS36: =IF($C36="","",IFERROR(VLOOKUP(CONCATENATE(AQ$3,"-",$C36),'FO-GC-012'!$D$20:$H$109,4,0),"")) | AT36: =IF($C36="","",IFERROR(VLOOKUP(CONCATENATE(AQ$3,"-",$C36),'FO-GC-012'!$D$20:$H$109,5,0),"")) | AU36: =IF($C36="","",IFERROR(VLOOKUP(CONCATENATE(AU$3,"-",$C36),'FO-GC-012'!$D$20:$H$109,2,0),"")) | AV36: =IF($C36="","",IFERROR(VLOOKUP(CONCATENATE(AU$3,"-",$C36),'FO-GC-012'!$D$20:$H$109,3,0),"")) | AW36: =IF($C36="","",IFERROR(VLOOKUP(CONCATENATE(AU$3,"-",$C36),'FO-GC-012'!$D$20:$H$109,4,0),"")) | AX36: =IF($C36="","",IFERROR(VLOOKUP(CONCATENATE(AU$3,"-",$C36),'FO-GC-012'!$D$20:$H$109,5,0),"")) | AY36: =IF($C36="","",IFERROR(VLOOKUP(CONCATENATE(AY$3,"-",$C36),'FO-GC-012'!$D$20:$H$109,2,0),"")) | AZ36: =IF($C36="","",IFERROR(VLOOKUP(CONCATENATE(AY$3,"-",$C36),'FO-GC-012'!$D$20:$H$109,3,0),"")) | BA36: =IF($C36="","",IFERROR(VLOOKUP(CONCATENATE(AY$3,"-",$C36),'FO-GC-012'!$D$20:$H$109,4,0),"")) | BB36: =IF($C36="","",IFERROR(VLOOKUP(CONCATENATE(AY$3,"-",$C36),'FO-GC-012'!$D$20:$H$109,5,0),"")) | BC36: =IF($C36="","",IFERROR(VLOOKUP(CONCATENATE(BC$3,"-",$C36),'FO-GC-012'!$D$20:$H$109,2,0),"")) | BD36: =IF($C36="","",IFERROR(VLOOKUP(CONCATENATE(BC$3,"-",$C36),'FO-GC-012'!$D$20:$H$109,3,0),"")) | BE36: =IF($C36="","",IFERROR(VLOOKUP(CONCATENATE(BC$3,"-",$C36),'FO-GC-012'!$D$20:$H$109,4,0),"")) | BF36: =IF($C36="","",IFERROR(VLOOKUP(CONCATENATE(BC$3,"-",$C36),'FO-GC-012'!$D$20:$H$109,5,0),"")) | BG36: =IF($C36="","",IFERROR(VLOOKUP(CONCATENATE(BG$3,"-",$C36),'FO-GC-012'!$D$20:$H$109,2,0),"")) | BH36: =IF($C36="","",IFERROR(VLOOKUP(CONCATENATE(BG$3,"-",$C36),'FO-GC-012'!$D$20:$H$109,3,0),"")) | BI36: =IF($C36="","",IFERROR(VLOOKUP(CONCATENATE(BG$3,"-",$C36),'FO-GC-012'!$D$20:$H$109,4,0),"")) | BJ36: =IF($C36="","",IFERROR(VLOOKUP(CONCATENATE(BG$3,"-",$C36),'FO-GC-012'!$D$20:$H$109,5,0),"")) | BK36: =IF($C36="","",IFERROR(VLOOKUP(CONCATENATE(BK$3,"-",$C36),'FO-GC-012'!$D$20:$H$109,2,0),"")) | BL36: =IF($C36="","",IFERROR(VLOOKUP(CONCATENATE(BK$3,"-",$C36),'FO-GC-012'!$D$20:$H$109,3,0),"")) | BM36: =IF($C36="","",IFERROR(VLOOKUP(CONCATENATE(BK$3,"-",$C36),'FO-GC-012'!$D$20:$H$109,4,0),"")) | BN36: =IF($C36="","",IFERROR(VLOOKUP(CONCATENATE(BK$3,"-",$C36),'FO-GC-012'!$D$20:$H$109,5,0),"")) | BO36: =IF($C36="","",IFERROR(VLOOKUP(CONCATENATE(BO$3,"-",$C36),'FO-GC-012'!$D$20:$H$109,2,0),"")) | BP36: =IF($C36="","",IFERROR(VLOOKUP(CONCATENATE(BO$3,"-",$C36),'FO-GC-012'!$D$20:$H$109,3,0),"")) | BQ36: =IF($C36="","",IFERROR(VLOOKUP(CONCATENATE(BO$3,"-",$C36),'FO-GC-012'!$D$20:$H$109,4,0),"")) | BR36: =IF($C36="","",IFERROR(VLOOKUP(CONCATENATE(BO$3,"-",$C36),'FO-GC-012'!$D$20:$H$109,5,0),"")) | BS36: =IF($C36="","",IFERROR(VLOOKUP(CONCATENATE(BS$3,"-",$C36),'FO-GC-012'!$D$20:$H$109,2,0),"")) | BT36: =IF($C36="","",IFERROR(VLOOKUP(CONCATENATE(BS$3,"-",$C36),'FO-GC-012'!$D$20:$H$109,3,0),"")) | BU36: =IF($C36="","",IFERROR(VLOOKUP(CONCATENATE(BS$3,"-",$C36),'FO-GC-012'!$D$20:$H$109,4,0),"")) | BV36: =IF($C36="","",IFERROR(VLOOKUP(CONCATENATE(BS$3,"-",$C36),'FO-GC-012'!$D$20:$H$109,5,0),"")) | BW36: =IF($C36="","",IFERROR(VLOOKUP(CONCATENATE(BW$3,"-",$C36),'FO-GC-012'!$D$20:$H$109,2,0),"")) | BX36: =IF($C36="","",IFERROR(VLOOKUP(CONCATENATE(BW$3,"-",$C36),'FO-GC-012'!$D$20:$H$109,3,0),"")) | BY36: =IF($C36="","",IFERROR(VLOOKUP(CONCATENATE(BW$3,"-",$C36),'FO-GC-012'!$D$20:$H$109,4,0),"")) | BZ36: =IF($C36="","",IFERROR(VLOOKUP(CONCATENATE(BW$3,"-",$C36),'FO-GC-012'!$D$20:$H$109,5,0),"")) | CA36: =IF($C36="","",IFERROR(VLOOKUP(CONCATENATE(CA$3,"-",$C36),'FO-GC-012'!$D$20:$H$109,2,0),"")) | CB36: =IF($C36="","",IFERROR(VLOOKUP(CONCATENATE(CA$3,"-",$C36),'FO-GC-012'!$D$20:$H$109,3,0),"")) | CC36: =IF($C36="","",IFERROR(VLOOKUP(CONCATENATE(CA$3,"-",$C36),'FO-GC-012'!$D$20:$H$109,4,0),"")) | CD36: =IF($C36="","",IFERROR(VLOOKUP(CONCATENATE(CA$3,"-",$C36),'FO-GC-012'!$D$20:$H$109,5,0),"")) | CE36: =IF($C36="","",IFERROR(VLOOKUP(CONCATENATE(CE$3,"-",$C36),'FO-GC-012'!$D$20:$H$109,2,0),"")) | CF36: =IF($C36="","",IFERROR(VLOOKUP(CONCATENATE(CE$3,"-",$C36),'FO-GC-012'!$D$20:$H$109,3,0),"")) | CG36: =IF($C36="","",IFERROR(VLOOKUP(CONCATENATE(CE$3,"-",$C36),'FO-GC-012'!$D$20:$H$109,4,0),"")) | CH36: =IF($C36="","",IFERROR(VLOOKUP(CONCATENATE(CE$3,"-",$C36),'FO-GC-012'!$D$20:$H$109,5,0),""))
B37: =IF(C37="","",COUNTA(C$4:C37)) | C37: ='Eq. Auditor'!B37 | D37: =IF(C37="","",COUNTIF('FO-GC-012'!A:A,CONCATENATE("P-",C37))) | E37: =IF(C37="","",COUNTIF('FO-GC-012'!A:A,CONCATENATE("A-",C37))) | F37: =IF(C37="","",SUM(D37:E37)) | G37: =IF($C37="","",IFERROR(VLOOKUP(CONCATENATE(G$3,"-",$C37),'FO-GC-012'!$D$20:$H$109,2,0),"")) | H37: =IF($C37="","",IFERROR(VLOOKUP(CONCATENATE(G$3,"-",$C37),'FO-GC-012'!$D$20:$H$109,3,0),"")) | I37: =IF($C37="","",IFERROR(VLOOKUP(CONCATENATE(G$3,"-",$C37),'FO-GC-012'!$D$20:$H$109,4,0),"")) | J37: =IF($C37="","",IFERROR(VLOOKUP(CONCATENATE(G$3,"-",$C37),'FO-GC-012'!$D$20:$H$109,5,0),"")) | K37: =IF($C37="","",IFERROR(VLOOKUP(CONCATENATE(K$3,"-",$C37),'FO-GC-012'!$D$20:$H$109,2,0),"")) | L37: =IF($C37="","",IFERROR(VLOOKUP(CONCATENATE(K$3,"-",$C37),'FO-GC-012'!$D$20:$H$109,3,0),"")) | M37: =IF($C37="","",IFERROR(VLOOKUP(CONCATENATE(K$3,"-",$C37),'FO-GC-012'!$D$20:$H$109,4,0),"")) | N37: =IF($C37="","",IFERROR(VLOOKUP(CONCATENATE(K$3,"-",$C37),'FO-GC-012'!$D$20:$H$109,5,0),"")) | O37: =IF($C37="","",IFERROR(VLOOKUP(CONCATENATE(O$3,"-",$C37),'FO-GC-012'!$D$20:$H$109,2,0),"")) | P37: =IF($C37="","",IFERROR(VLOOKUP(CONCATENATE(O$3,"-",$C37),'FO-GC-012'!$D$20:$H$109,3,0),"")) | Q37: =IF($C37="","",IFERROR(VLOOKUP(CONCATENATE(O$3,"-",$C37),'FO-GC-012'!$D$20:$H$109,4,0),"")) | R37: =IF($C37="","",IFERROR(VLOOKUP(CONCATENATE(O$3,"-",$C37),'FO-GC-012'!$D$20:$H$109,5,0),"")) | S37: =IF($C37="","",IFERROR(VLOOKUP(CONCATENATE(S$3,"-",$C37),'FO-GC-012'!$D$20:$H$109,2,0),"")) | T37: =IF($C37="","",IFERROR(VLOOKUP(CONCATENATE(S$3,"-",$C37),'FO-GC-012'!$D$20:$H$109,3,0),"")) | U37: =IF($C37="","",IFERROR(VLOOKUP(CONCATENATE(S$3,"-",$C37),'FO-GC-012'!$D$20:$H$109,4,0),"")) | V37: =IF($C37="","",IFERROR(VLOOKUP(CONCATENATE(S$3,"-",$C37),'FO-GC-012'!$D$20:$H$109,5,0),"")) | W37: =IF($C37="","",IFERROR(VLOOKUP(CONCATENATE(W$3,"-",$C37),'FO-GC-012'!$D$20:$H$109,2,0),"")) | X37: =IF($C37="","",IFERROR(VLOOKUP(CONCATENATE(W$3,"-",$C37),'FO-GC-012'!$D$20:$H$109,3,0),"")) | Y37: =IF($C37="","",IFERROR(VLOOKUP(CONCATENATE(W$3,"-",$C37),'FO-GC-012'!$D$20:$H$109,4,0),"")) | Z37: =IF($C37="","",IFERROR(VLOOKUP(CONCATENATE(W$3,"-",$C37),'FO-GC-012'!$D$20:$H$109,5,0),"")) | AA37: =IF($C37="","",IFERROR(VLOOKUP(CONCATENATE(AA$3,"-",$C37),'FO-GC-012'!$D$20:$H$109,2,0),"")) | AB37: =IF($C37="","",IFERROR(VLOOKUP(CONCATENATE(AA$3,"-",$C37),'FO-GC-012'!$D$20:$H$109,3,0),"")) | AC37: =IF($C37="","",IFERROR(VLOOKUP(CONCATENATE(AA$3,"-",$C37),'FO-GC-012'!$D$20:$H$109,4,0),"")) | AD37: =IF($C37="","",IFERROR(VLOOKUP(CONCATENATE(AA$3,"-",$C37),'FO-GC-012'!$D$20:$H$109,5,0),"")) | AE37: =IF($C37="","",IFERROR(VLOOKUP(CONCATENATE(AE$3,"-",$C37),'FO-GC-012'!$D$20:$H$109,2,0),"")) | AF37: =IF($C37="","",IFERROR(VLOOKUP(CONCATENATE(AE$3,"-",$C37),'FO-GC-012'!$D$20:$H$109,3,0),"")) | AG37: =IF($C37="","",IFERROR(VLOOKUP(CONCATENATE(AE$3,"-",$C37),'FO-GC-012'!$D$20:$H$109,4,0),"")) | AH37: =IF($C37="","",IFERROR(VLOOKUP(CONCATENATE(AE$3,"-",$C37),'FO-GC-012'!$D$20:$H$109,5,0),"")) | AI37: =IF($C37="","",IFERROR(VLOOKUP(CONCATENATE(AI$3,"-",$C37),'FO-GC-012'!$D$20:$H$109,2,0),"")) | AJ37: =IF($C37="","",IFERROR(VLOOKUP(CONCATENATE(AI$3,"-",$C37),'FO-GC-012'!$D$20:$H$109,3,0),"")) | AK37: =IF($C37="","",IFERROR(VLOOKUP(CONCATENATE(AI$3,"-",$C37),'FO-GC-012'!$D$20:$H$109,4,0),"")) | AL37: =IF($C37="","",IFERROR(VLOOKUP(CONCATENATE(AI$3,"-",$C37),'FO-GC-012'!$D$20:$H$109,5,0),"")) | AM37: =IF($C37="","",IFERROR(VLOOKUP(CONCATENATE(AM$3,"-",$C37),'FO-GC-012'!$D$20:$H$109,2,0),"")) | AN37: =IF($C37="","",IFERROR(VLOOKUP(CONCATENATE(AM$3,"-",$C37),'FO-GC-012'!$D$20:$H$109,3,0),"")) | AO37: =IF($C37="","",IFERROR(VLOOKUP(CONCATENATE(AM$3,"-",$C37),'FO-GC-012'!$D$20:$H$109,4,0),"")) | AP37: =IF($C37="","",IFERROR(VLOOKUP(CONCATENATE(AM$3,"-",$C37),'FO-GC-012'!$D$20:$H$109,5,0),"")) | AQ37: =IF($C37="","",IFERROR(VLOOKUP(CONCATENATE(AQ$3,"-",$C37),'FO-GC-012'!$D$20:$H$109,2,0),"")) | AR37: =IF($C37="","",IFERROR(VLOOKUP(CONCATENATE(AQ$3,"-",$C37),'FO-GC-012'!$D$20:$H$109,3,0),"")) | AS37: =IF($C37="","",IFERROR(VLOOKUP(CONCATENATE(AQ$3,"-",$C37),'FO-GC-012'!$D$20:$H$109,4,0),"")) | AT37: =IF($C37="","",IFERROR(VLOOKUP(CONCATENATE(AQ$3,"-",$C37),'FO-GC-012'!$D$20:$H$109,5,0),"")) | AU37: =IF($C37="","",IFERROR(VLOOKUP(CONCATENATE(AU$3,"-",$C37),'FO-GC-012'!$D$20:$H$109,2,0),"")) | AV37: =IF($C37="","",IFERROR(VLOOKUP(CONCATENATE(AU$3,"-",$C37),'FO-GC-012'!$D$20:$H$109,3,0),"")) | AW37: =IF($C37="","",IFERROR(VLOOKUP(CONCATENATE(AU$3,"-",$C37),'FO-GC-012'!$D$20:$H$109,4,0),"")) | AX37: =IF($C37="","",IFERROR(VLOOKUP(CONCATENATE(AU$3,"-",$C37),'FO-GC-012'!$D$20:$H$109,5,0),"")) | AY37: =IF($C37="","",IFERROR(VLOOKUP(CONCATENATE(AY$3,"-",$C37),'FO-GC-012'!$D$20:$H$109,2,0),"")) | AZ37: =IF($C37="","",IFERROR(VLOOKUP(CONCATENATE(AY$3,"-",$C37),'FO-GC-012'!$D$20:$H$109,3,0),"")) | BA37: =IF($C37="","",IFERROR(VLOOKUP(CONCATENATE(AY$3,"-",$C37),'FO-GC-012'!$D$20:$H$109,4,0),"")) | BB37: =IF($C37="","",IFERROR(VLOOKUP(CONCATENATE(AY$3,"-",$C37),'FO-GC-012'!$D$20:$H$109,5,0),"")) | BC37: =IF($C37="","",IFERROR(VLOOKUP(CONCATENATE(BC$3,"-",$C37),'FO-GC-012'!$D$20:$H$109,2,0),"")) | BD37: =IF($C37="","",IFERROR(VLOOKUP(CONCATENATE(BC$3,"-",$C37),'FO-GC-012'!$D$20:$H$109,3,0),"")) | BE37: =IF($C37="","",IFERROR(VLOOKUP(CONCATENATE(BC$3,"-",$C37),'FO-GC-012'!$D$20:$H$109,4,0),"")) | BF37: =IF($C37="","",IFERROR(VLOOKUP(CONCATENATE(BC$3,"-",$C37),'FO-GC-012'!$D$20:$H$109,5,0),"")) | BG37: =IF($C37="","",IFERROR(VLOOKUP(CONCATENATE(BG$3,"-",$C37),'FO-GC-012'!$D$20:$H$109,2,0),"")) | BH37: =IF($C37="","",IFERROR(VLOOKUP(CONCATENATE(BG$3,"-",$C37),'FO-GC-012'!$D$20:$H$109,3,0),"")) | BI37: =IF($C37="","",IFERROR(VLOOKUP(CONCATENATE(BG$3,"-",$C37),'FO-GC-012'!$D$20:$H$109,4,0),"")) | BJ37: =IF($C37="","",IFERROR(VLOOKUP(CONCATENATE(BG$3,"-",$C37),'FO-GC-012'!$D$20:$H$109,5,0),"")) | BK37: =IF($C37="","",IFERROR(VLOOKUP(CONCATENATE(BK$3,"-",$C37),'FO-GC-012'!$D$20:$H$109,2,0),"")) | BL37: =IF($C37="","",IFERROR(VLOOKUP(CONCATENATE(BK$3,"-",$C37),'FO-GC-012'!$D$20:$H$109,3,0),"")) | BM37: =IF($C37="","",IFERROR(VLOOKUP(CONCATENATE(BK$3,"-",$C37),'FO-GC-012'!$D$20:$H$109,4,0),"")) | BN37: =IF($C37="","",IFERROR(VLOOKUP(CONCATENATE(BK$3,"-",$C37),'FO-GC-012'!$D$20:$H$109,5,0),"")) | BO37: =IF($C37="","",IFERROR(VLOOKUP(CONCATENATE(BO$3,"-",$C37),'FO-GC-012'!$D$20:$H$109,2,0),"")) | BP37: =IF($C37="","",IFERROR(VLOOKUP(CONCATENATE(BO$3,"-",$C37),'FO-GC-012'!$D$20:$H$109,3,0),"")) | BQ37: =IF($C37="","",IFERROR(VLOOKUP(CONCATENATE(BO$3,"-",$C37),'FO-GC-012'!$D$20:$H$109,4,0),"")) | BR37: =IF($C37="","",IFERROR(VLOOKUP(CONCATENATE(BO$3,"-",$C37),'FO-GC-012'!$D$20:$H$109,5,0),"")) | BS37: =IF($C37="","",IFERROR(VLOOKUP(CONCATENATE(BS$3,"-",$C37),'FO-GC-012'!$D$20:$H$109,2,0),"")) | BT37: =IF($C37="","",IFERROR(VLOOKUP(CONCATENATE(BS$3,"-",$C37),'FO-GC-012'!$D$20:$H$109,3,0),"")) | BU37: =IF($C37="","",IFERROR(VLOOKUP(CONCATENATE(BS$3,"-",$C37),'FO-GC-012'!$D$20:$H$109,4,0),"")) | BV37: =IF($C37="","",IFERROR(VLOOKUP(CONCATENATE(BS$3,"-",$C37),'FO-GC-012'!$D$20:$H$109,5,0),"")) | BW37: =IF($C37="","",IFERROR(VLOOKUP(CONCATENATE(BW$3,"-",$C37),'FO-GC-012'!$D$20:$H$109,2,0),"")) | BX37: =IF($C37="","",IFERROR(VLOOKUP(CONCATENATE(BW$3,"-",$C37),'FO-GC-012'!$D$20:$H$109,3,0),"")) | BY37: =IF($C37="","",IFERROR(VLOOKUP(CONCATENATE(BW$3,"-",$C37),'FO-GC-012'!$D$20:$H$109,4,0),"")) | BZ37: =IF($C37="","",IFERROR(VLOOKUP(CONCATENATE(BW$3,"-",$C37),'FO-GC-012'!$D$20:$H$109,5,0),"")) | CA37: =IF($C37="","",IFERROR(VLOOKUP(CONCATENATE(CA$3,"-",$C37),'FO-GC-012'!$D$20:$H$109,2,0),"")) | CB37: =IF($C37="","",IFERROR(VLOOKUP(CONCATENATE(CA$3,"-",$C37),'FO-GC-012'!$D$20:$H$109,3,0),"")) | CC37: =IF($C37="","",IFERROR(VLOOKUP(CONCATENATE(CA$3,"-",$C37),'FO-GC-012'!$D$20:$H$109,4,0),"")) | CD37: =IF($C37="","",IFERROR(VLOOKUP(CONCATENATE(CA$3,"-",$C37),'FO-GC-012'!$D$20:$H$109,5,0),"")) | CE37: =IF($C37="","",IFERROR(VLOOKUP(CONCATENATE(CE$3,"-",$C37),'FO-GC-012'!$D$20:$H$109,2,0),"")) | CF37: =IF($C37="","",IFERROR(VLOOKUP(CONCATENATE(CE$3,"-",$C37),'FO-GC-012'!$D$20:$H$109,3,0),"")) | CG37: =IF($C37="","",IFERROR(VLOOKUP(CONCATENATE(CE$3,"-",$C37),'FO-GC-012'!$D$20:$H$109,4,0),"")) | CH37: =IF($C37="","",IFERROR(VLOOKUP(CONCATENATE(CE$3,"-",$C37),'FO-GC-012'!$D$20:$H$109,5,0),""))
B38: =IF(C38="","",COUNTA(C$4:C38)) | C38: ='Eq. Auditor'!B38 | D38: =IF(C38="","",COUNTIF('FO-GC-012'!A:A,CONCATENATE("P-",C38))) | E38: =IF(C38="","",COUNTIF('FO-GC-012'!A:A,CONCATENATE("A-",C38))) | F38: =IF(C38="","",SUM(D38:E38)) | G38: =IF($C38="","",IFERROR(VLOOKUP(CONCATENATE(G$3,"-",$C38),'FO-GC-012'!$D$20:$H$109,2,0),"")) | H38: =IF($C38="","",IFERROR(VLOOKUP(CONCATENATE(G$3,"-",$C38),'FO-GC-012'!$D$20:$H$109,3,0),"")) | I38: =IF($C38="","",IFERROR(VLOOKUP(CONCATENATE(G$3,"-",$C38),'FO-GC-012'!$D$20:$H$109,4,0),"")) | J38: =IF($C38="","",IFERROR(VLOOKUP(CONCATENATE(G$3,"-",$C38),'FO-GC-012'!$D$20:$H$109,5,0),"")) | K38: =IF($C38="","",IFERROR(VLOOKUP(CONCATENATE(K$3,"-",$C38),'FO-GC-012'!$D$20:$H$109,2,0),"")) | L38: =IF($C38="","",IFERROR(VLOOKUP(CONCATENATE(K$3,"-",$C38),'FO-GC-012'!$D$20:$H$109,3,0),"")) | M38: =IF($C38="","",IFERROR(VLOOKUP(CONCATENATE(K$3,"-",$C38),'FO-GC-012'!$D$20:$H$109,4,0),"")) | N38: =IF($C38="","",IFERROR(VLOOKUP(CONCATENATE(K$3,"-",$C38),'FO-GC-012'!$D$20:$H$109,5,0),"")) | O38: =IF($C38="","",IFERROR(VLOOKUP(CONCATENATE(O$3,"-",$C38),'FO-GC-012'!$D$20:$H$109,2,0),"")) | P38: =IF($C38="","",IFERROR(VLOOKUP(CONCATENATE(O$3,"-",$C38),'FO-GC-012'!$D$20:$H$109,3,0),"")) | Q38: =IF($C38="","",IFERROR(VLOOKUP(CONCATENATE(O$3,"-",$C38),'FO-GC-012'!$D$20:$H$109,4,0),"")) | R38: =IF($C38="","",IFERROR(VLOOKUP(CONCATENATE(O$3,"-",$C38),'FO-GC-012'!$D$20:$H$109,5,0),"")) | S38: =IF($C38="","",IFERROR(VLOOKUP(CONCATENATE(S$3,"-",$C38),'FO-GC-012'!$D$20:$H$109,2,0),"")) | T38: =IF($C38="","",IFERROR(VLOOKUP(CONCATENATE(S$3,"-",$C38),'FO-GC-012'!$D$20:$H$109,3,0),"")) | U38: =IF($C38="","",IFERROR(VLOOKUP(CONCATENATE(S$3,"-",$C38),'FO-GC-012'!$D$20:$H$109,4,0),"")) | V38: =IF($C38="","",IFERROR(VLOOKUP(CONCATENATE(S$3,"-",$C38),'FO-GC-012'!$D$20:$H$109,5,0),"")) | W38: =IF($C38="","",IFERROR(VLOOKUP(CONCATENATE(W$3,"-",$C38),'FO-GC-012'!$D$20:$H$109,2,0),"")) | X38: =IF($C38="","",IFERROR(VLOOKUP(CONCATENATE(W$3,"-",$C38),'FO-GC-012'!$D$20:$H$109,3,0),"")) | Y38: =IF($C38="","",IFERROR(VLOOKUP(CONCATENATE(W$3,"-",$C38),'FO-GC-012'!$D$20:$H$109,4,0),"")) | Z38: =IF($C38="","",IFERROR(VLOOKUP(CONCATENATE(W$3,"-",$C38),'FO-GC-012'!$D$20:$H$109,5,0),"")) | AA38: =IF($C38="","",IFERROR(VLOOKUP(CONCATENATE(AA$3,"-",$C38),'FO-GC-012'!$D$20:$H$109,2,0),"")) | AB38: =IF($C38="","",IFERROR(VLOOKUP(CONCATENATE(AA$3,"-",$C38),'FO-GC-012'!$D$20:$H$109,3,0),"")) | AC38: =IF($C38="","",IFERROR(VLOOKUP(CONCATENATE(AA$3,"-",$C38),'FO-GC-012'!$D$20:$H$109,4,0),"")) | AD38: =IF($C38="","",IFERROR(VLOOKUP(CONCATENATE(AA$3,"-",$C38),'FO-GC-012'!$D$20:$H$109,5,0),"")) | AE38: =IF($C38="","",IFERROR(VLOOKUP(CONCATENATE(AE$3,"-",$C38),'FO-GC-012'!$D$20:$H$109,2,0),"")) | AF38: =IF($C38="","",IFERROR(VLOOKUP(CONCATENATE(AE$3,"-",$C38),'FO-GC-012'!$D$20:$H$109,3,0),"")) | AG38: =IF($C38="","",IFERROR(VLOOKUP(CONCATENATE(AE$3,"-",$C38),'FO-GC-012'!$D$20:$H$109,4,0),"")) | AH38: =IF($C38="","",IFERROR(VLOOKUP(CONCATENATE(AE$3,"-",$C38),'FO-GC-012'!$D$20:$H$109,5,0),"")) | AI38: =IF($C38="","",IFERROR(VLOOKUP(CONCATENATE(AI$3,"-",$C38),'FO-GC-012'!$D$20:$H$109,2,0),"")) | AJ38: =IF($C38="","",IFERROR(VLOOKUP(CONCATENATE(AI$3,"-",$C38),'FO-GC-012'!$D$20:$H$109,3,0),"")) | AK38: =IF($C38="","",IFERROR(VLOOKUP(CONCATENATE(AI$3,"-",$C38),'FO-GC-012'!$D$20:$H$109,4,0),"")) | AL38: =IF($C38="","",IFERROR(VLOOKUP(CONCATENATE(AI$3,"-",$C38),'FO-GC-012'!$D$20:$H$109,5,0),"")) | AM38: =IF($C38="","",IFERROR(VLOOKUP(CONCATENATE(AM$3,"-",$C38),'FO-GC-012'!$D$20:$H$109,2,0),"")) | AN38: =IF($C38="","",IFERROR(VLOOKUP(CONCATENATE(AM$3,"-",$C38),'FO-GC-012'!$D$20:$H$109,3,0),"")) | AO38: =IF($C38="","",IFERROR(VLOOKUP(CONCATENATE(AM$3,"-",$C38),'FO-GC-012'!$D$20:$H$109,4,0),"")) | AP38: =IF($C38="","",IFERROR(VLOOKUP(CONCATENATE(AM$3,"-",$C38),'FO-GC-012'!$D$20:$H$109,5,0),"")) | AQ38: =IF($C38="","",IFERROR(VLOOKUP(CONCATENATE(AQ$3,"-",$C38),'FO-GC-012'!$D$20:$H$109,2,0),"")) | AR38: =IF($C38="","",IFERROR(VLOOKUP(CONCATENATE(AQ$3,"-",$C38),'FO-GC-012'!$D$20:$H$109,3,0),"")) | AS38: =IF($C38="","",IFERROR(VLOOKUP(CONCATENATE(AQ$3,"-",$C38),'FO-GC-012'!$D$20:$H$109,4,0),"")) | AT38: =IF($C38="","",IFERROR(VLOOKUP(CONCATENATE(AQ$3,"-",$C38),'FO-GC-012'!$D$20:$H$109,5,0),"")) | AU38: =IF($C38="","",IFERROR(VLOOKUP(CONCATENATE(AU$3,"-",$C38),'FO-GC-012'!$D$20:$H$109,2,0),"")) | AV38: =IF($C38="","",IFERROR(VLOOKUP(CONCATENATE(AU$3,"-",$C38),'FO-GC-012'!$D$20:$H$109,3,0),"")) | AW38: =IF($C38="","",IFERROR(VLOOKUP(CONCATENATE(AU$3,"-",$C38),'FO-GC-012'!$D$20:$H$109,4,0),"")) | AX38: =IF($C38="","",IFERROR(VLOOKUP(CONCATENATE(AU$3,"-",$C38),'FO-GC-012'!$D$20:$H$109,5,0),"")) | AY38: =IF($C38="","",IFERROR(VLOOKUP(CONCATENATE(AY$3,"-",$C38),'FO-GC-012'!$D$20:$H$109,2,0),"")) | AZ38: =IF($C38="","",IFERROR(VLOOKUP(CONCATENATE(AY$3,"-",$C38),'FO-GC-012'!$D$20:$H$109,3,0),"")) | BA38: =IF($C38="","",IFERROR(VLOOKUP(CONCATENATE(AY$3,"-",$C38),'FO-GC-012'!$D$20:$H$109,4,0),"")) | BB38: =IF($C38="","",IFERROR(VLOOKUP(CONCATENATE(AY$3,"-",$C38),'FO-GC-012'!$D$20:$H$109,5,0),"")) | BC38: =IF($C38="","",IFERROR(VLOOKUP(CONCATENATE(BC$3,"-",$C38),'FO-GC-012'!$D$20:$H$109,2,0),"")) | BD38: =IF($C38="","",IFERROR(VLOOKUP(CONCATENATE(BC$3,"-",$C38),'FO-GC-012'!$D$20:$H$109,3,0),"")) | BE38: =IF($C38="","",IFERROR(VLOOKUP(CONCATENATE(BC$3,"-",$C38),'FO-GC-012'!$D$20:$H$109,4,0),"")) | BF38: =IF($C38="","",IFERROR(VLOOKUP(CONCATENATE(BC$3,"-",$C38),'FO-GC-012'!$D$20:$H$109,5,0),"")) | BG38: =IF($C38="","",IFERROR(VLOOKUP(CONCATENATE(BG$3,"-",$C38),'FO-GC-012'!$D$20:$H$109,2,0),"")) | BH38: =IF($C38="","",IFERROR(VLOOKUP(CONCATENATE(BG$3,"-",$C38),'FO-GC-012'!$D$20:$H$109,3,0),"")) | BI38: =IF($C38="","",IFERROR(VLOOKUP(CONCATENATE(BG$3,"-",$C38),'FO-GC-012'!$D$20:$H$109,4,0),"")) | BJ38: =IF($C38="","",IFERROR(VLOOKUP(CONCATENATE(BG$3,"-",$C38),'FO-GC-012'!$D$20:$H$109,5,0),"")) | BK38: =IF($C38="","",IFERROR(VLOOKUP(CONCATENATE(BK$3,"-",$C38),'FO-GC-012'!$D$20:$H$109,2,0),"")) | BL38: =IF($C38="","",IFERROR(VLOOKUP(CONCATENATE(BK$3,"-",$C38),'FO-GC-012'!$D$20:$H$109,3,0),"")) | BM38: =IF($C38="","",IFERROR(VLOOKUP(CONCATENATE(BK$3,"-",$C38),'FO-GC-012'!$D$20:$H$109,4,0),"")) | BN38: =IF($C38="","",IFERROR(VLOOKUP(CONCATENATE(BK$3,"-",$C38),'FO-GC-012'!$D$20:$H$109,5,0),"")) | BO38: =IF($C38="","",IFERROR(VLOOKUP(CONCATENATE(BO$3,"-",$C38),'FO-GC-012'!$D$20:$H$109,2,0),"")) | BP38: =IF($C38="","",IFERROR(VLOOKUP(CONCATENATE(BO$3,"-",$C38),'FO-GC-012'!$D$20:$H$109,3,0),"")) | BQ38: =IF($C38="","",IFERROR(VLOOKUP(CONCATENATE(BO$3,"-",$C38),'FO-GC-012'!$D$20:$H$109,4,0),"")) | BR38: =IF($C38="","",IFERROR(VLOOKUP(CONCATENATE(BO$3,"-",$C38),'FO-GC-012'!$D$20:$H$109,5,0),"")) | BS38: =IF($C38="","",IFERROR(VLOOKUP(CONCATENATE(BS$3,"-",$C38),'FO-GC-012'!$D$20:$H$109,2,0),"")) | BT38: =IF($C38="","",IFERROR(VLOOKUP(CONCATENATE(BS$3,"-",$C38),'FO-GC-012'!$D$20:$H$109,3,0),"")) | BU38: =IF($C38="","",IFERROR(VLOOKUP(CONCATENATE(BS$3,"-",$C38),'FO-GC-012'!$D$20:$H$109,4,0),"")) | BV38: =IF($C38="","",IFERROR(VLOOKUP(CONCATENATE(BS$3,"-",$C38),'FO-GC-012'!$D$20:$H$109,5,0),"")) | BW38: =IF($C38="","",IFERROR(VLOOKUP(CONCATENATE(BW$3,"-",$C38),'FO-GC-012'!$D$20:$H$109,2,0),"")) | BX38: =IF($C38="","",IFERROR(VLOOKUP(CONCATENATE(BW$3,"-",$C38),'FO-GC-012'!$D$20:$H$109,3,0),"")) | BY38: =IF($C38="","",IFERROR(VLOOKUP(CONCATENATE(BW$3,"-",$C38),'FO-GC-012'!$D$20:$H$109,4,0),"")) | BZ38: =IF($C38="","",IFERROR(VLOOKUP(CONCATENATE(BW$3,"-",$C38),'FO-GC-012'!$D$20:$H$109,5,0),"")) | CA38: =IF($C38="","",IFERROR(VLOOKUP(CONCATENATE(CA$3,"-",$C38),'FO-GC-012'!$D$20:$H$109,2,0),"")) | CB38: =IF($C38="","",IFERROR(VLOOKUP(CONCATENATE(CA$3,"-",$C38),'FO-GC-012'!$D$20:$H$109,3,0),"")) | CC38: =IF($C38="","",IFERROR(VLOOKUP(CONCATENATE(CA$3,"-",$C38),'FO-GC-012'!$D$20:$H$109,4,0),"")) | CD38: =IF($C38="","",IFERROR(VLOOKUP(CONCATENATE(CA$3,"-",$C38),'FO-GC-012'!$D$20:$H$109,5,0),"")) | CE38: =IF($C38="","",IFERROR(VLOOKUP(CONCATENATE(CE$3,"-",$C38),'FO-GC-012'!$D$20:$H$109,2,0),"")) | CF38: =IF($C38="","",IFERROR(VLOOKUP(CONCATENATE(CE$3,"-",$C38),'FO-GC-012'!$D$20:$H$109,3,0),"")) | CG38: =IF($C38="","",IFERROR(VLOOKUP(CONCATENATE(CE$3,"-",$C38),'FO-GC-012'!$D$20:$H$109,4,0),"")) | CH38: =IF($C38="","",IFERROR(VLOOKUP(CONCATENATE(CE$3,"-",$C38),'FO-GC-012'!$D$20:$H$109,5,0),""))
B39: =IF(C39="","",COUNTA(C$4:C39)) | C39: ='Eq. Auditor'!B39 | D39: =IF(C39="","",COUNTIF('FO-GC-012'!A:A,CONCATENATE("P-",C39))) | E39: =IF(C39="","",COUNTIF('FO-GC-012'!A:A,CONCATENATE("A-",C39))) | F39: =IF(C39="","",SUM(D39:E39)) | G39: =IF($C39="","",IFERROR(VLOOKUP(CONCATENATE(G$3,"-",$C39),'FO-GC-012'!$D$20:$H$109,2,0),"")) | H39: =IF($C39="","",IFERROR(VLOOKUP(CONCATENATE(G$3,"-",$C39),'FO-GC-012'!$D$20:$H$109,3,0),"")) | I39: =IF($C39="","",IFERROR(VLOOKUP(CONCATENATE(G$3,"-",$C39),'FO-GC-012'!$D$20:$H$109,4,0),"")) | J39: =IF($C39="","",IFERROR(VLOOKUP(CONCATENATE(G$3,"-",$C39),'FO-GC-012'!$D$20:$H$109,5,0),"")) | K39: =IF($C39="","",IFERROR(VLOOKUP(CONCATENATE(K$3,"-",$C39),'FO-GC-012'!$D$20:$H$109,2,0),"")) | L39: =IF($C39="","",IFERROR(VLOOKUP(CONCATENATE(K$3,"-",$C39),'FO-GC-012'!$D$20:$H$109,3,0),"")) | M39: =IF($C39="","",IFERROR(VLOOKUP(CONCATENATE(K$3,"-",$C39),'FO-GC-012'!$D$20:$H$109,4,0),"")) | N39: =IF($C39="","",IFERROR(VLOOKUP(CONCATENATE(K$3,"-",$C39),'FO-GC-012'!$D$20:$H$109,5,0),"")) | O39: =IF($C39="","",IFERROR(VLOOKUP(CONCATENATE(O$3,"-",$C39),'FO-GC-012'!$D$20:$H$109,2,0),"")) | P39: =IF($C39="","",IFERROR(VLOOKUP(CONCATENATE(O$3,"-",$C39),'FO-GC-012'!$D$20:$H$109,3,0),"")) | Q39: =IF($C39="","",IFERROR(VLOOKUP(CONCATENATE(O$3,"-",$C39),'FO-GC-012'!$D$20:$H$109,4,0),"")) | R39: =IF($C39="","",IFERROR(VLOOKUP(CONCATENATE(O$3,"-",$C39),'FO-GC-012'!$D$20:$H$109,5,0),"")) | S39: =IF($C39="","",IFERROR(VLOOKUP(CONCATENATE(S$3,"-",$C39),'FO-GC-012'!$D$20:$H$109,2,0),"")) | T39: =IF($C39="","",IFERROR(VLOOKUP(CONCATENATE(S$3,"-",$C39),'FO-GC-012'!$D$20:$H$109,3,0),"")) | U39: =IF($C39="","",IFERROR(VLOOKUP(CONCATENATE(S$3,"-",$C39),'FO-GC-012'!$D$20:$H$109,4,0),"")) | V39: =IF($C39="","",IFERROR(VLOOKUP(CONCATENATE(S$3,"-",$C39),'FO-GC-012'!$D$20:$H$109,5,0),"")) | W39: =IF($C39="","",IFERROR(VLOOKUP(CONCATENATE(W$3,"-",$C39),'FO-GC-012'!$D$20:$H$109,2,0),"")) | X39: =IF($C39="","",IFERROR(VLOOKUP(CONCATENATE(W$3,"-",$C39),'FO-GC-012'!$D$20:$H$109,3,0),"")) | Y39: =IF($C39="","",IFERROR(VLOOKUP(CONCATENATE(W$3,"-",$C39),'FO-GC-012'!$D$20:$H$109,4,0),"")) | Z39: =IF($C39="","",IFERROR(VLOOKUP(CONCATENATE(W$3,"-",$C39),'FO-GC-012'!$D$20:$H$109,5,0),"")) | AA39: =IF($C39="","",IFERROR(VLOOKUP(CONCATENATE(AA$3,"-",$C39),'FO-GC-012'!$D$20:$H$109,2,0),"")) | AB39: =IF($C39="","",IFERROR(VLOOKUP(CONCATENATE(AA$3,"-",$C39),'FO-GC-012'!$D$20:$H$109,3,0),"")) | AC39: =IF($C39="","",IFERROR(VLOOKUP(CONCATENATE(AA$3,"-",$C39),'FO-GC-012'!$D$20:$H$109,4,0),"")) | AD39: =IF($C39="","",IFERROR(VLOOKUP(CONCATENATE(AA$3,"-",$C39),'FO-GC-012'!$D$20:$H$109,5,0),"")) | AE39: =IF($C39="","",IFERROR(VLOOKUP(CONCATENATE(AE$3,"-",$C39),'FO-GC-012'!$D$20:$H$109,2,0),"")) | AF39: =IF($C39="","",IFERROR(VLOOKUP(CONCATENATE(AE$3,"-",$C39),'FO-GC-012'!$D$20:$H$109,3,0),"")) | AG39: =IF($C39="","",IFERROR(VLOOKUP(CONCATENATE(AE$3,"-",$C39),'FO-GC-012'!$D$20:$H$109,4,0),"")) | AH39: =IF($C39="","",IFERROR(VLOOKUP(CONCATENATE(AE$3,"-",$C39),'FO-GC-012'!$D$20:$H$109,5,0),"")) | AI39: =IF($C39="","",IFERROR(VLOOKUP(CONCATENATE(AI$3,"-",$C39),'FO-GC-012'!$D$20:$H$109,2,0),"")) | AJ39: =IF($C39="","",IFERROR(VLOOKUP(CONCATENATE(AI$3,"-",$C39),'FO-GC-012'!$D$20:$H$109,3,0),"")) | AK39: =IF($C39="","",IFERROR(VLOOKUP(CONCATENATE(AI$3,"-",$C39),'FO-GC-012'!$D$20:$H$109,4,0),"")) | AL39: =IF($C39="","",IFERROR(VLOOKUP(CONCATENATE(AI$3,"-",$C39),'FO-GC-012'!$D$20:$H$109,5,0),"")) | AM39: =IF($C39="","",IFERROR(VLOOKUP(CONCATENATE(AM$3,"-",$C39),'FO-GC-012'!$D$20:$H$109,2,0),"")) | AN39: =IF($C39="","",IFERROR(VLOOKUP(CONCATENATE(AM$3,"-",$C39),'FO-GC-012'!$D$20:$H$109,3,0),"")) | AO39: =IF($C39="","",IFERROR(VLOOKUP(CONCATENATE(AM$3,"-",$C39),'FO-GC-012'!$D$20:$H$109,4,0),"")) | AP39: =IF($C39="","",IFERROR(VLOOKUP(CONCATENATE(AM$3,"-",$C39),'FO-GC-012'!$D$20:$H$109,5,0),"")) | AQ39: =IF($C39="","",IFERROR(VLOOKUP(CONCATENATE(AQ$3,"-",$C39),'FO-GC-012'!$D$20:$H$109,2,0),"")) | AR39: =IF($C39="","",IFERROR(VLOOKUP(CONCATENATE(AQ$3,"-",$C39),'FO-GC-012'!$D$20:$H$109,3,0),"")) | AS39: =IF($C39="","",IFERROR(VLOOKUP(CONCATENATE(AQ$3,"-",$C39),'FO-GC-012'!$D$20:$H$109,4,0),"")) | AT39: =IF($C39="","",IFERROR(VLOOKUP(CONCATENATE(AQ$3,"-",$C39),'FO-GC-012'!$D$20:$H$109,5,0),"")) | AU39: =IF($C39="","",IFERROR(VLOOKUP(CONCATENATE(AU$3,"-",$C39),'FO-GC-012'!$D$20:$H$109,2,0),"")) | AV39: =IF($C39="","",IFERROR(VLOOKUP(CONCATENATE(AU$3,"-",$C39),'FO-GC-012'!$D$20:$H$109,3,0),"")) | AW39: =IF($C39="","",IFERROR(VLOOKUP(CONCATENATE(AU$3,"-",$C39),'FO-GC-012'!$D$20:$H$109,4,0),"")) | AX39: =IF($C39="","",IFERROR(VLOOKUP(CONCATENATE(AU$3,"-",$C39),'FO-GC-012'!$D$20:$H$109,5,0),"")) | AY39: =IF($C39="","",IFERROR(VLOOKUP(CONCATENATE(AY$3,"-",$C39),'FO-GC-012'!$D$20:$H$109,2,0),"")) | AZ39: =IF($C39="","",IFERROR(VLOOKUP(CONCATENATE(AY$3,"-",$C39),'FO-GC-012'!$D$20:$H$109,3,0),"")) | BA39: =IF($C39="","",IFERROR(VLOOKUP(CONCATENATE(AY$3,"-",$C39),'FO-GC-012'!$D$20:$H$109,4,0),"")) | BB39: =IF($C39="","",IFERROR(VLOOKUP(CONCATENATE(AY$3,"-",$C39),'FO-GC-012'!$D$20:$H$109,5,0),"")) | BC39: =IF($C39="","",IFERROR(VLOOKUP(CONCATENATE(BC$3,"-",$C39),'FO-GC-012'!$D$20:$H$109,2,0),"")) | BD39: =IF($C39="","",IFERROR(VLOOKUP(CONCATENATE(BC$3,"-",$C39),'FO-GC-012'!$D$20:$H$109,3,0),"")) | BE39: =IF($C39="","",IFERROR(VLOOKUP(CONCATENATE(BC$3,"-",$C39),'FO-GC-012'!$D$20:$H$109,4,0),"")) | BF39: =IF($C39="","",IFERROR(VLOOKUP(CONCATENATE(BC$3,"-",$C39),'FO-GC-012'!$D$20:$H$109,5,0),"")) | BG39: =IF($C39="","",IFERROR(VLOOKUP(CONCATENATE(BG$3,"-",$C39),'FO-GC-012'!$D$20:$H$109,2,0),"")) | BH39: =IF($C39="","",IFERROR(VLOOKUP(CONCATENATE(BG$3,"-",$C39),'FO-GC-012'!$D$20:$H$109,3,0),"")) | BI39: =IF($C39="","",IFERROR(VLOOKUP(CONCATENATE(BG$3,"-",$C39),'FO-GC-012'!$D$20:$H$109,4,0),"")) | BJ39: =IF($C39="","",IFERROR(VLOOKUP(CONCATENATE(BG$3,"-",$C39),'FO-GC-012'!$D$20:$H$109,5,0),"")) | BK39: =IF($C39="","",IFERROR(VLOOKUP(CONCATENATE(BK$3,"-",$C39),'FO-GC-012'!$D$20:$H$109,2,0),"")) | BL39: =IF($C39="","",IFERROR(VLOOKUP(CONCATENATE(BK$3,"-",$C39),'FO-GC-012'!$D$20:$H$109,3,0),"")) | BM39: =IF($C39="","",IFERROR(VLOOKUP(CONCATENATE(BK$3,"-",$C39),'FO-GC-012'!$D$20:$H$109,4,0),"")) | BN39: =IF($C39="","",IFERROR(VLOOKUP(CONCATENATE(BK$3,"-",$C39),'FO-GC-012'!$D$20:$H$109,5,0),"")) | BO39: =IF($C39="","",IFERROR(VLOOKUP(CONCATENATE(BO$3,"-",$C39),'FO-GC-012'!$D$20:$H$109,2,0),"")) | BP39: =IF($C39="","",IFERROR(VLOOKUP(CONCATENATE(BO$3,"-",$C39),'FO-GC-012'!$D$20:$H$109,3,0),"")) | BQ39: =IF($C39="","",IFERROR(VLOOKUP(CONCATENATE(BO$3,"-",$C39),'FO-GC-012'!$D$20:$H$109,4,0),"")) | BR39: =IF($C39="","",IFERROR(VLOOKUP(CONCATENATE(BO$3,"-",$C39),'FO-GC-012'!$D$20:$H$109,5,0),"")) | BS39: =IF($C39="","",IFERROR(VLOOKUP(CONCATENATE(BS$3,"-",$C39),'FO-GC-012'!$D$20:$H$109,2,0),"")) | BT39: =IF($C39="","",IFERROR(VLOOKUP(CONCATENATE(BS$3,"-",$C39),'FO-GC-012'!$D$20:$H$109,3,0),"")) | BU39: =IF($C39="","",IFERROR(VLOOKUP(CONCATENATE(BS$3,"-",$C39),'FO-GC-012'!$D$20:$H$109,4,0),"")) | BV39: =IF($C39="","",IFERROR(VLOOKUP(CONCATENATE(BS$3,"-",$C39),'FO-GC-012'!$D$20:$H$109,5,0),"")) | BW39: =IF($C39="","",IFERROR(VLOOKUP(CONCATENATE(BW$3,"-",$C39),'FO-GC-012'!$D$20:$H$109,2,0),"")) | BX39: =IF($C39="","",IFERROR(VLOOKUP(CONCATENATE(BW$3,"-",$C39),'FO-GC-012'!$D$20:$H$109,3,0),"")) | BY39: =IF($C39="","",IFERROR(VLOOKUP(CONCATENATE(BW$3,"-",$C39),'FO-GC-012'!$D$20:$H$109,4,0),"")) | BZ39: =IF($C39="","",IFERROR(VLOOKUP(CONCATENATE(BW$3,"-",$C39),'FO-GC-012'!$D$20:$H$109,5,0),"")) | CA39: =IF($C39="","",IFERROR(VLOOKUP(CONCATENATE(CA$3,"-",$C39),'FO-GC-012'!$D$20:$H$109,2,0),"")) | CB39: =IF($C39="","",IFERROR(VLOOKUP(CONCATENATE(CA$3,"-",$C39),'FO-GC-012'!$D$20:$H$109,3,0),"")) | CC39: =IF($C39="","",IFERROR(VLOOKUP(CONCATENATE(CA$3,"-",$C39),'FO-GC-012'!$D$20:$H$109,4,0),"")) | CD39: =IF($C39="","",IFERROR(VLOOKUP(CONCATENATE(CA$3,"-",$C39),'FO-GC-012'!$D$20:$H$109,5,0),"")) | CE39: =IF($C39="","",IFERROR(VLOOKUP(CONCATENATE(CE$3,"-",$C39),'FO-GC-012'!$D$20:$H$109,2,0),"")) | CF39: =IF($C39="","",IFERROR(VLOOKUP(CONCATENATE(CE$3,"-",$C39),'FO-GC-012'!$D$20:$H$109,3,0),"")) | CG39: =IF($C39="","",IFERROR(VLOOKUP(CONCATENATE(CE$3,"-",$C39),'FO-GC-012'!$D$20:$H$109,4,0),"")) | CH39: =IF($C39="","",IFERROR(VLOOKUP(CONCATENATE(CE$3,"-",$C39),'FO-GC-012'!$D$20:$H$109,5,0),""))
